"Post ID","Page ID","Page name",Title,Description,"Duration (sec)","Publish time","Caption type",Permalink,"Is crosspost","Is share","Post type",Languages,"Custom labels","Funded content status","Data comment",Date,Views,"Views from Organic posts","Views from Boosted posts",Reach,"Reach from Organic posts","Reach from Boosted posts","3-second video views","1-minute video views","3-second viewers","1-minute viewers","3-second video views from Boosted posts","3-second video views from Organic posts","Reactions, comments and shares",Reactions,Comments,Shares,"1-minute video views from Recommendations","1-minute video views from Shares","1-minute video views from Followers","1-minute video views from Boosted posts","Seconds viewed from Recommendations","Seconds viewed from Shares","Seconds viewed from Followers","Seconds viewed from Boosted posts","Average Seconds viewed from Recommendations","Average Seconds viewed from Shares","Average Seconds viewed from Followers","Average Seconds viewed from Boosted posts","Negative feedback from users","Unique negative feedback from users","Seconds viewed","Average Seconds viewed","Percentage of total views at interval 0","Percentage of total views at interval 1","Percentage of total views at interval 2","Percentage of total views at interval 3","Percentage of total views at interval 4","Percentage of total views at interval 5","Percentage of total views at interval 6","Percentage of total views at interval 7","Percentage of total views at interval 8","Percentage of total views at interval 9","Percentage of total views at interval 10","Percentage of total views at interval 11","Percentage of total views at interval 12","Percentage of total views at interval 13","Percentage of total views at interval 14","Percentage of total views at interval 15","Percentage of total views at interval 16","Percentage of total views at interval 17","Percentage of total views at interval 18","Percentage of total views at interval 19","Percentage of total views at interval 20","Percentage of total views at interval 21","Percentage of total views at interval 22","Percentage of total views at interval 23","Percentage of total views at interval 24","Percentage of total views at interval 25","Percentage of total views at interval 26","Percentage of total views at interval 27","Percentage of total views at interval 28","Percentage of total views at interval 29","Percentage of total views at interval 30","Percentage of total views at interval 31","Percentage of total views at interval 32","Percentage of total views at interval 33","Percentage of total views at interval 34","Percentage of total views at interval 35","Percentage of total views at interval 36","Percentage of total views at interval 37","Percentage of total views at interval 38","Percentage of total views at interval 39","Percentage of total views at interval 40","Estimated earnings (USD)","Ad impressions","Percentage of 15-second views at interval 0","Percentage of 15-second views at interval 1","Percentage of 15-second views at interval 2","Percentage of 15-second views at interval 3","Percentage of 15-second views at interval 4","Percentage of 15-second views at interval 5","Percentage of 15-second views at interval 6","Percentage of 15-second views at interval 7","Percentage of 15-second views at interval 8","Percentage of 15-second views at interval 9","Percentage of 15-second views at interval 10","Percentage of 15-second views at interval 11","Percentage of 15-second views at interval 12","Percentage of 15-second views at interval 13","Percentage of 15-second views at interval 14","Percentage of 15-second views at interval 15","Percentage of 15-second views at interval 16","Percentage of 15-second views at interval 17","Percentage of 15-second views at interval 18","Percentage of 15-second views at interval 19","Percentage of 15-second views at interval 20","Percentage of 15-second views at interval 21","Percentage of 15-second views at interval 22","Percentage of 15-second views at interval 23","Percentage of 15-second views at interval 24","Percentage of 15-second views at interval 25","Percentage of 15-second views at interval 26","Percentage of 15-second views at interval 27","Percentage of 15-second views at interval 28","Percentage of 15-second views at interval 29","Percentage of 15-second views at interval 30","Percentage of 15-second views at interval 31","Percentage of 15-second views at interval 32","Percentage of 15-second views at interval 33","Percentage of 15-second views at interval 34","Percentage of 15-second views at interval 35","Percentage of 15-second views at interval 36","Ad CPM (USD)"
1051914873635997,100064524835805,Shreelaxmistonedepot,"🌟""Every tile tells a story of timeless beauty and quality. Make your home one for the ages. 🏠✨

🏢 Perfect for modern homes, offices, and luxury interiors!
🔹 Shree Laxmi Stone Depot - Since 1962
Stone | Tiles | Sanitaryware

📞 +91 99227 20095
🌐 www.shreelaxmistonedepot.com
do visit to our YouTube channel : https://youtube.com/@shreelaxmistonedepot...
📍 Mangalwar Peth & Kharadi
.
.
#TimelessElegance  #LuxuryLiving  #shreelaxmi  #stonedepot #homedecor #homedesign #homeideas #homeinterior #pune #punehomedecor #reelsinstagram #bestinterior #reelsindia #reelviral #instadaily #BathroomLuxury #Jaquar  #marbledesign #BathroomDesign  #ShreeLaxmiStoneDepot #HomeDeco #ramzaanmubarak🌙  #Ramadan  #Eid2025",,0,"03/30/2025 19:30",N/A,https://www.facebook.com/Shreelaxmistonedepot/posts/pfbid02ZCzqDybUxGmUEaYSz1wfgMAjFg4RE5oFhQCXJzpcRu5dSp9bmukECxzW8xT2gcMBl,0,0,Photos,,,,,Lifetime,30,30,0,11,11,0,0,0,0,0,0,0,0,0,0,0,0,0,0,0,0,0,0,0,0,0,0,0,0,0,,,,,,,,,,,,,,,,,,,,,,,,,,,,,,,,,,,,,,,,,,,,,,,,,,,,,,,,,,,,,,,,,,,,,,,,,,,,,,,,,,,
1051882123639272,100064524835805,Shreelaxmistonedepot,"✨ Eid Mubarak from all of us at Shree Laxmi Stone Depot!
May this Eid bring peace, joy, and endless blessings to you and your loved ones. 🌙
Just like our timeless stone and granite, may your strength and prosperity shine through every season.
🔹 Shree Laxmi Stone Depot - Since 1962
Stone | Tiles | Sanitaryware
📞 +91 99227 20095
🌐 www.shreelaxmistonedepot.com
do visit to our YouTube channel : https://youtube.com/@shreelaxmistonedepot...
📍 Mangalwar Peth & Kharadi
#TimelessElegance #LuxuryLiving #shreelaxmi #stonedepot #homedecor #homedesign #homeideas #homeinterior #pune #punehomedecor #reelsinstagram #bestinterior #reelsindia #reelviral #instadaily #BathroomLuxury #Jaquar #marbledesign #BathroomDesign #ShreeLaxmiStoneDepot",,0,"03/30/2025 18:30",N/A,https://www.facebook.com/Shreelaxmistonedepot/posts/pfbid0QjE5MpZbnCrpHSN5jePytPrGzPLhx7WGmBXZsyzonzFNDg1z2DPfinxDHNJAxXeul,0,0,Photos,,,,,Lifetime,30,30,0,16,16,0,0,0,0,0,0,0,2,2,0,0,0,0,0,0,0,0,0,0,0,0,0,0,0,0,,,,,,,,,,,,,,,,,,,,,,,,,,,,,,,,,,,,,,,,,,,,,,,,,,,,,,,,,,,,,,,,,,,,,,,,,,,,,,,,,,,
1274970197997129,100064524835805,Shreelaxmistonedepot,"Welcoming 2026 with thoughtfully crafted spaces and a promise of better living ✨
At Shree Laxmi Stone Depot, every stone, tile, and surface is designed to elevate your home and lifestyle.
Wishing you a Happy New Year filled with comfort, elegance, and timeless design 🎉

#HappyNewYear2026 #ShreeLaxmiStoneDepot #BetterLiving #ThoughtfullyCrafted #HomeInteriors #StoneTiles #BathroomDesign #ModernInteriors #HomeUpgrade #InteriorInspiration #PuneInteriors #TimelessSpaces ✨",,0,"12/31/2025 20:30",N/A,https://www.facebook.com/Shreelaxmistonedepot/posts/pfbid077tjwEeBq1PUs1vZntza3GG4THoxUxtkvM9LBFFT3c3zP6MUXstbLCLu5jHL1Yfnl,0,0,Photos,,,,,Lifetime,24,24,0,6,6,0,0,0,0,0,0,0,1,1,0,0,0,0,0,0,0,0,0,0,0,0,0,0,0,0,,,,,,,,,,,,,,,,,,,,,,,,,,,,,,,,,,,,,,,,,,,,,,,,,,,,,,,,,,,,,,,,,,,,,,,,,,,,,,,,,,,
1273061554854660,100064524835805,Shreelaxmistonedepot,"Short & Classy Artistic 60x60 polish with earthy tones, crafted for elegant interiors.
A perfect balance of form, finish, and refined living.
#60x60Tiles #ArtisticPolish #EarthyPalette #ElegantInteriors
#PremiumTiles #LuxurySurfaces #InteriorDesignIndia
#TimelessInteriors #ModernLiving #DesignerTiles
#FormAndFinish #RefinedSpaces #DistinctiveInteriors
#HomeDecorIndia #ArchitectChoice","Short & Classy Artistic 60x60 polish with earthy tones, crafted for elegant interiors.
A perfect balance of form, finish, and refined living.
#60x60Tiles #ArtisticPolish #EarthyPalette #ElegantInteriors
#PremiumTiles #LuxurySurfaces #InteriorDesignIndia
#TimelessInteriors #ModernLiving #DesignerTiles
#FormAndFinish #RefinedSpaces #DistinctiveInteriors
#HomeDecorIndia #ArchitectChoice",32,"12/29/2025 09:04",N/A,https://www.facebook.com/reel/674720382274989/,1,0,Videos,,,,,Lifetime,33,33,0,23,23,0,9,0,7,0,0,9,1,1,0,0,0,0,0,0,147.007,0,65.083,0,12.251,0,4.339,0,0,0,212.09,7.855,1,1,1,1,1,1,0.89,0.78,0.78,0.78,0.78,0.44,0.44,0.44,0.44,0.33,0.33,0.33,0.33,0.33,0.33,0.33,0.33,0.33,0.33,0.33,0.33,0.33,0.33,0.33,0.33,0.33,0.33,0.33,0.33,0.33,0.33,,,,,0,0,1,1,1,1,1,1,1,1,1,1,1,1,1,1,1,1,1,1,1,1,1,1,1,1,1,1,1,1,1,1,1,1,1,1,1,1,1,0
1273031494857666,100064524835805,Shreelaxmistonedepot,"Shreelaxmistonedepot's video",,27,"12/29/2025 08:14",N/A,https://www.facebook.com/reel/1806744443380075/,0,0,Videos,,,,,Lifetime,18,18,0,17,17,0,4,0,3,0,0,4,1,1,0,0,0,0,0,0,5.212,0,36.988,0,1.738,0,2.642,0,0,0,42.2,2.482,1,1,1,1,1,0.5,0.5,0.5,0.25,0.25,0,0,0,0,0,0,0,0,0,0,0,0,0,0,0,0,0,0,0,,,,,,,,,,,,,0,0,,,,,,,,,,,,,,,,,,,,,,,,,,,,,,,,,,,,,,0
1273019041525578,100064524835805,Shreelaxmistonedepot,"Elegant & Premium Polished glimmer finish in 60x60 cm – a perfect blend of heritage charm and modern elegance.
Inspired by Indian artists’ motifs, designed to elevate timeless interiors.

#TimelessDesign #ModernElegance
#InteriorInspiration #DesignerTiles #ArchitectChoice #LuxuryLiving
#IndianInspiredDesign #ClassicMeetsModern #PremiumInteriors
#HomeDecorIndia #InteriorGoals #TileDesign #SurfaceDesign","Elegant & Premium Polished glimmer finish in 60x60 cm – a perfect blend of heritage charm and modern elegance.
Inspired by Indian artists’ motifs, designed to elevate timeless interiors.

#TimelessDesign #ModernElegance
#InteriorInspiration #DesignerTiles #ArchitectChoice #LuxuryLiving
#IndianInspiredDesign #ClassicMeetsModern #PremiumInteriors
#HomeDecorIndia #InteriorGoals #TileDesign #SurfaceDesign",31,"12/29/2025 07:54",N/A,https://www.facebook.com/reel/1848021375919896/,0,0,Videos,,,,,Lifetime,8,8,0,9,9,0,2,0,2,0,0,2,0,0,0,0,0,0,0,0,6.364,0,11.988,0,2.122,0,2.398,0,0,0,18.352,2.294,1,1,1,1,1,0.5,0,0,0,0,0,0,0,0,0,0,0,0,0,0,0,0,0,0,0,0,0,0,0,0,0,0,0,,,,,,,,,0,0,,,,,,,,,,,,,,,,,,,,,,,,,,,,,,,,,,,,,,0
1269720878522061,100064524835805,Shreelaxmistonedepot,"🎄 Merry Christmas! 🎄
May this joyful season fill your home with warmth, peace, and festive cheer.
From all of us at Shree Laxmi Stone Depot, wishing you happiness, prosperity, and goodwill this Christmas.

✨ Wishing you festive cheer and goodwill. ✨

📞 +91 99227 20095
📍 Mangalwar Peth | Kharadi
🌐 www.shreelaxmistonedepot.com

#MerryChristmas #ChristmasWishes #FestiveSeason #SeasonOfJoy #ShreeLaxmiStoneDepot #HolidayCheer #WarmWishes #FestiveGreetings #PuneBusiness",,0,"12/24/2025 21:40",N/A,https://www.facebook.com/Shreelaxmistonedepot/posts/pfbid02XSzhggfyremtasRs3nnNDLrkPD977Z6DTgbSZTR8xFEnM5CdBJsCGSRdoiF1dUFPl,0,0,Photos,,,,,Lifetime,14,14,0,5,5,0,0,0,0,0,0,0,0,0,0,0,0,0,0,0,0,0,0,0,0,0,0,0,0,0,,,,,,,,,,,,,,,,,,,,,,,,,,,,,,,,,,,,,,,,,,,,,,,,,,,,,,,,,,,,,,,,,,,,,,,,,,,,,,,,,,,
1268992588594890,100064524835805,Shreelaxmistonedepot,"On National Consumer Day, we celebrate the power of informed choices and trusted quality.
At Shree Laxmi Stone Depot, we are committed to transparency, durability, and customer satisfaction—because every consumer deserves the best.

Right choices matter. Honouring every consumer.

📍 Mangalwar Peth | Kharadi
📞 +91 99227 20095
🌐 www.shreelaxmistonedepot.com

#NationalConsumerDay #ConsumerRights #RightChoices #TrustedQuality #CustomerFirst #ConsumerProtection #EthicalBusiness #QualityMatters #ShreeLaxmiStoneDepot #StoneAndTiles #BuildWithTrust #IndianBusiness #PuneBusiness",,0,"12/23/2025 22:52",N/A,https://www.facebook.com/Shreelaxmistonedepot/posts/pfbid0w1DTUWwq2xD5NLkKocUhShiX9yZb1heGBhs1XMJ9yADS7hCgwY4d2uLtZQqNnyytl,0,0,Photos,,,,,Lifetime,11,11,0,5,5,0,0,0,0,0,0,0,0,0,0,0,0,0,0,0,0,0,0,0,0,0,0,0,0,0,,,,,,,,,,,,,,,,,,,,,,,,,,,,,,,,,,,,,,,,,,,,,,,,,,,,,,,,,,,,,,,,,,,,,,,,,,,,,,,,,,,
1267419518752197,100064524835805,Shreelaxmistonedepot,"Upgrade your bathroom with a sleek & modern Concealed Cistern – Aqua Flush Tank 🚿
Designed for comfort and convenience, it delivers silent operation, smart design, and space-saving performance.

✔ Noise-free flushing system
✔ Durable & leak-proof build
✔ Easy installation and maintenance

Discover premium bathroom solutions at Shree Laxmi Stone Depot.

📞 +91 99227 20095
📍 Mangalwar Peth | Kharadi
🌐 www.shreelaxmistonedepot.com

#ConcealedCistern #AquaFlushTank #ModernBathroom #BathroomUpgrade #SilentFlush #SpaceSavingDesign #SmartBathroom #Sanitaryware #PremiumInteriors #BathroomDesign #ShreeLaxmiStoneDepot #PuneInteriors",,0,"12/21/2025 20:30",N/A,https://www.facebook.com/Shreelaxmistonedepot/posts/pfbid02g79HpYwiVxo11KZMFNhTbhA96mJ2Jbs2mXL2LPLjHcRe88wbX9zJwZo3iT3y7SW6l,0,0,Photos,,,,,Lifetime,17,17,0,8,8,0,0,0,0,0,0,0,0,0,0,0,0,0,0,0,0,0,0,0,0,0,0,0,0,0,,,,,,,,,,,,,,,,,,,,,,,,,,,,,,,,,,,,,,,,,,,,,,,,,,,,,,,,,,,,,,,,,,,,,,,,,,,,,,,,,,,
1265001402327342,100064524835805,Shreelaxmistonedepot,"Upgrade your kitchen with a Premium Stainless Steel Kitchen Sink ✨
Designed for modern homes, it offers the perfect balance of style, strength, and performance.
✔ Sleek & modern design
✔ Rust & noise resistant
✔ Easy to clean & long-lasting

Visit Shree Laxmi Stone Depot for premium kitchen solutions.

📞 +91 99227 20095
📍 Mangalwar Peth | Kharadi
🌐 www.shreelaxmistonedepot.com

#KitchenSink #StainlessSteelSink #PremiumKitchen #ModernKitchen #KitchenUpgrade #HomeInteriors #KitchenDesign #DurableDesign #EasyToClean #ShreeLaxmiStoneDepot #PuneInteriors #KitchenEssentials",,0,"12/18/2025 20:30",N/A,https://www.facebook.com/Shreelaxmistonedepot/posts/pfbid0jKnUW8giWz1XAioLa7tSvqNC3fSkjQJt4YwoYmN2YHLfEzaoGgJxH7D4kDRdrYMzl,0,0,Photos,,,,,Lifetime,19,19,0,5,5,0,0,0,0,0,0,0,0,0,0,0,0,0,0,0,0,0,0,0,0,0,0,0,0,0,,,,,,,,,,,,,,,,,,,,,,,,,,,,,,,,,,,,,,,,,,,,,,,,,,,,,,,,,,,,,,,,,,,,,,,,,,,,,,,,,,,
1264219592405523,100064524835805,Shreelaxmistonedepot,"Oak-inspired warmth meets subtle grain texture — crafted to be perfect for every interior. A premium matt surface built with elegant durability, bringing nature to life indoors. Where design feels natural, calm, and effortlessly timeless.

#OakWarmth #GrainTexture #PremiumMatt #ElegantDurability #NatureIndoors #InteriorDesign #ModernSpaces #NaturalAesthetic #WarmInteriors #DesignInspiration","Oak-inspired warmth meets subtle grain texture — crafted to be perfect for every interior. A premium matt surface built with elegant durability, bringing nature to life indoors. Where design feels natural, calm, and effortlessly timeless.

#OakWarmth #GrainTexture #PremiumMatt #ElegantDurability #NatureIndoors #InteriorDesign #ModernSpaces #NaturalAesthetic #WarmInteriors #DesignInspiration",31,"12/17/2025 20:23",N/A,https://www.facebook.com/reel/870872372164933/,1,0,Videos,,,,,Lifetime,46,45,0,28,28,0,17,0,14,0,0,17,3,3,0,0,0,0,0,0,418.559,0,90.08,0,29.898,0,5.63,0,0,0,508.639,16.954,1,1,1,1,0.76,0.65,0.59,0.59,0.53,0.53,0.53,0.53,0.41,0.41,0.41,0.41,0.41,0.35,0.35,0.35,0.35,0.35,0.35,0.35,0.35,0.35,0.35,0.35,0.29,0.29,0.35,0.35,0.35,,,,,,,,,0,0,1,1,1,1,1,1,1,1,1,1,1,1,1,1,1,1,1,0.88,0.88,0.88,0.88,0.88,0.88,0.88,0.88,0.88,0.88,0.88,0.75,0.75,0.88,0.88,0.88,,,,,0
1263429209151228,100064524835805,Shreelaxmistonedepot,"Upgrade your bathroom to a luxurious experience with our Thermostatic Shower Set!
Enjoy smooth control, premium chrome finish, and long-lasting durability — designed for modern homes. 🚿✨

Visit us for the latest tiles, stones & sanitaryware collections!

📍 Mangalwar Peth | Kharadi
📞 +91 99227 20095
🌐 www.shreelaxmistonedepot.com

#ThermostaticShower #BathroomUpgrade #ModernBathroom #Sanitaryware #PremiumShowers #HomeRenovation #BathroomDesign #LuxuryBathroom #InteriorDesign #ShreeLaxmiStoneDepot #TilesAndSanitaryware #ChromeFinish #BathFittings #HomeImprovement #BathroomInspiration",,0,"12/16/2025 19:30",N/A,https://www.facebook.com/Shreelaxmistonedepot/posts/pfbid02Xtma2WnnxKHGNPHd2NZqSKYf5Xqkxx7u2bPPM76qV5UYgueMDeBf2vqRwZUCJnuyl,0,0,Photos,,,,,Lifetime,15,15,0,5,5,0,0,0,0,0,0,0,0,0,0,0,0,0,0,0,0,0,0,0,0,0,0,0,0,0,,,,,,,,,,,,,,,,,,,,,,,,,,,,,,,,,,,,,,,,,,,,,,,,,,,,,,,,,,,,,,,,,,,,,,,,,,,,,,,,,,,
1262696272557855,100064524835805,Shreelaxmistonedepot,"Keep your spaces clean, stylish, and clog-free with our premium stainless-steel floor traps.
Designed with anti-clog slots, rust-free durability, and a modern square finish — perfect for bathrooms, kitchens, and balconies. 🏡✨

📞 Call Now: +91 99227 20095
🌐 Website: www.shreelaxmistonedepot.com

📍 Mangalwar Peth | Kharadi

#FloorTraps #StainlessSteel #BathroomAccessories #ModernDesign #HomeImprovement #RustFree #HomeInteriors #ShreeLaxmiStoneDepot #PuneStore #KitchenUpgrade #BalconyDesign #SanitarywareIndia",,0,"12/15/2025 20:30",N/A,https://www.facebook.com/Shreelaxmistonedepot/posts/pfbid02Q8AiaJkgW3eBzX7MAACj77sJ7hkwf1s6BJ9A8ze9mFLv6YUtpm3mCQzzJwRNihzpl,0,0,Photos,,,,,Lifetime,13,13,0,4,4,0,0,0,0,0,0,0,0,0,0,0,0,0,0,0,0,0,0,0,0,0,0,0,0,0,,,,,,,,,,,,,,,,,,,,,,,,,,,,,,,,,,,,,,,,,,,,,,,,,,,,,,,,,,,,,,,,,,,,,,,,,,,,,,,,,,,
1262687139225435,100064524835805,Shreelaxmistonedepot,"Elegant. Earthy. Enduring.
Natural textures crafted to bring calm into every space.

#EarthyElegance #NaturalTexture #CalmSpaces #WarmMinimalism
#SereneDesign #NatureInspiredInteriors #SubtleLuxury #TimelessSurfaces
#InteriorTextures #CraftedWithCalm #TileDesign #ModernEarthTones","Elegant. Earthy. Enduring.
Natural textures crafted to bring calm into every space.

#EarthyElegance #NaturalTexture #CalmSpaces #WarmMinimalism
#SereneDesign #NatureInspiredInteriors #SubtleLuxury #TimelessSurfaces
#InteriorTextures #CraftedWithCalm #TileDesign #ModernEarthTones",31,"12/15/2025 20:11",N/A,https://www.facebook.com/reel/2215419502316488/,1,0,Videos,,,,,Lifetime,68,68,0,65,65,0,6,0,6,0,0,6,0,0,0,0,0,0,0,0,128.888,0,42.714,0,2.223,0,6.102,0,0,0,171.602,2.64,1,1,1,1,0.83,0.33,0.33,0.33,0.33,0.33,0.33,0.33,0.33,0.33,0.33,0.33,0.33,0.33,0.33,0.33,0.33,0.33,0.33,0.33,0.33,0.33,0.33,0.33,0.33,0.33,0.33,0.33,0.33,,,,,,,,,0,0,1,1,1,1,1,1,1,1,1,1,1,1,1,1,1,1,1,1,1,1,1,1,1,1,1,1,1,1,1,1,1,1,1,,,,,0
1261933295967486,100064524835805,Shreelaxmistonedepot,"Transform your bathroom into a modern, stylish, and clutter-free space with our Wall-Hung Toilet.
Designed for elegance and built for durability — it’s the perfect blend of premium comfort and minimalist beauty. ✨🚽

📞 Call Now: +91 99227 20095
🌐 www.shreelaxmistonedepot.com

📍 Mangalwar Peth | Kharadi

#WallHungToilet #ModernBathroom #BathroomDesign #Sanitaryware #MinimalistHome #HomeInteriors #BathroomUpgrade #ElegantDesign #ShreeLaxmiStoneDepot #PuneStore #InteriorDecor #HomeRenovation",,0,"12/14/2025 20:30",N/A,https://www.facebook.com/Shreelaxmistonedepot/posts/pfbid0sth2GGjGbdBix9CCqwEv7k9pFKnNGqHodwbXyfCQoS9Z24GBe27yaDjjk8x7bmCfl,0,0,Photos,,,,,Lifetime,15,15,0,5,5,0,0,0,0,0,0,0,0,0,0,0,0,0,0,0,0,0,0,0,0,0,0,0,0,0,,,,,,,,,,,,,,,,,,,,,,,,,,,,,,,,,,,,,,,,,,,,,,,,,,,,,,,,,,,,,,,,,,,,,,,,,,,,,,,,,,,
1261137266047089,100064524835805,Shreelaxmistonedepot,"Upgrade your bathroom with a modern, minimal, and elegant Western Toilet.
Designed for comfort and efficiency — dual flush, easy maintenance, and a sleek space-saving build that fits perfectly in any contemporary home. 🚽✨

📞 Call Now: +91 99227 20095
🌐 www.shreelaxmistonedepot.com

📍 Mangalwar Peth | Kharadi

#WesternToilet #ModernBathroom #BathroomFittings #Sanitaryware #DualFlushToilet #HomeInteriors #BathroomUpgrade #MinimalDesign #ShreeLaxmiStoneDepot #PuneStore #InteriorDesignIdeas #HomeRenovation",,0,"12/13/2025 20:30",N/A,https://www.facebook.com/Shreelaxmistonedepot/posts/pfbid02F3zcDrSXce7yo37jMm7oiQxLXwvJhf17hNXNZ5AUk6ZRXkocar3Dmxo6XgdkGbkgl,0,0,Photos,,,,,Lifetime,7,7,0,4,4,0,0,0,0,0,0,0,0,0,0,0,0,0,0,0,0,0,0,0,0,0,0,0,0,0,,,,,,,,,,,,,,,,,,,,,,,,,,,,,,,,,,,,,,,,,,,,,,,,,,,,,,,,,,,,,,,,,,,,,,,,,,,,,,,,,,,
1261117839382365,100064524835805,Shreelaxmistonedepot,"Black that whispers power. Crema ivory that speaks elegance. A harmony where modern calm meets natural warmth

#BoldLuxury #UltraBlack #CremaIvory #ModernCalmGrey #NaturalWarmth #UnderstatedGrace #LuxurySpaces #InteriorPalette #WarmBrownTones #ModernElegance #QuietLuxury #LuxuryDesign #ContemporaryInteriors #PremiumAesthetics #DesignInspiration","Black that whispers power. Crema ivory that speaks elegance. A harmony where modern calm meets natural warmth

#BoldLuxury #UltraBlack #CremaIvory #ModernCalmGrey #NaturalWarmth #UnderstatedGrace #LuxurySpaces #InteriorPalette #WarmBrownTones #ModernElegance #QuietLuxury #LuxuryDesign #ContemporaryInteriors #PremiumAesthetics #DesignInspiration",33,"12/13/2025 19:49",N/A,https://www.facebook.com/reel/1561170005181206/,1,0,Videos,,,,,Lifetime,127,127,0,82,82,0,33,0,30,0,0,33,7,6,0,1,0,0,0,0,392.565,95.611,172.619,0,5.53,5.033,6.394,0,0,0,660.795,5.647,0.94,0.94,0.94,0.94,0.76,0.73,0.7,0.64,0.64,0.58,0.52,0.52,0.45,0.45,0.45,0.36,0.36,0.3,0.3,0.3,0.3,0.3,0.27,0.27,0.27,0.24,0.24,0.27,0.27,0.27,0.27,0.27,0.27,0.27,0.24,0.21,0.18,,,,,0,0,1,1,1,1,1,1,1,1,1,1,1,1,1,1,1,1,1,0.91,0.91,0.91,0.91,0.91,0.91,0.91,0.91,0.82,0.82,0.82,0.82,0.82,0.73,0.73,0.73,0.73,0.64,0.64,0.55,0
1260393472788135,100064524835805,Shreelaxmistonedepot,"Bring elegance to your bathroom with our premium Table Top Wash Basin — stylish, stain-resistant, and crafted for long-lasting durability.
Upgrade your space with a glossy, modern design that’s easy to maintain and beautiful to look at! ✨🚿

📞 Call Now: +91 99227 20095
🌐 Website: www.shreelaxmistonedepot.com

📍 Mangalwar Peth | Kharadi

#WashBasin #TableTopBasin #BathroomDesign #InteriorInspiration #CeramicBasin #HomeInteriors #Sanitaryware #ModernBathroom #BathroomUpgrade #ShreeLaxmiStoneDepot #PuneStore #HomeDecorIndia",,0,"12/12/2025 20:30",N/A,https://www.facebook.com/Shreelaxmistonedepot/posts/pfbid026BwbMtuMn8PKFEZrNDPbTf3ASu3RiK2BrarfvVhQu9y3B8v7T4C7M1VRj6LpcdKAl,0,0,Photos,,,,,Lifetime,19,19,0,6,6,0,0,0,0,0,0,0,0,0,0,0,0,0,0,0,0,0,0,0,0,0,0,0,0,0,,,,,,,,,,,,,,,,,,,,,,,,,,,,,,,,,,,,,,,,,,,,,,,,,,,,,,,,,,,,,,,,,,,,,,,,,,,,,,,,,,,
1259618642865618,100064524835805,Shreelaxmistonedepot,"Reimagining modern luxury with Crema terrazzo, soft minimalism, and striking black-white contrasts. Designed to elevate every corner. 🏛️

📞9922720095

#TerrazzoDesign #MinimalistLuxury #SoftLuxurySpaces #RoyalQuartz #InteriorElegance #ModernArchitecture #LuxuryInteriors #DesignInspiration #StatementSpaces #GreyAesthetics #TimelessDesign #ContemporaryInteriors","Reimagining modern luxury with Crema terrazzo, soft minimalism, and striking black-white contrasts. Designed to elevate every corner. 🏛️

📞9922720095

#TerrazzoDesign #MinimalistLuxury #SoftLuxurySpaces #RoyalQuartz #InteriorElegance #ModernArchitecture #LuxuryInteriors #DesignInspiration #StatementSpaces #GreyAesthetics #TimelessDesign #ContemporaryInteriors",34,"12/11/2025 20:30",N/A,https://www.facebook.com/reel/1580061063135369/,1,0,Videos,,,,,Lifetime,35,35,0,26,26,0,12,0,9,0,0,12,2,2,0,0,0,0,0,0,79.188,0,195.849,0,5.28,0,13.99,0,0,0,275.037,9.484,1,1,1,1,0.92,0.75,0.58,0.58,0.58,0.5,0.5,0.5,0.42,0.42,0.42,0.42,0.42,0.42,0.42,0.42,0.42,0.42,0.33,0.17,0.17,0.17,0.17,0.17,0.17,0.17,0.17,0.17,0.17,0.17,0.17,0.08,0.08,,,,,0,0,1,1,1,1,1,1,1,1,1,1,1,1,1,1,1,1,1,1,1,1,1,1,0.83,0.67,0.67,0.67,0.5,0.5,0.5,0.5,0.5,0.5,0.5,0.5,0.5,0.33,0.17,0
1259593412868141,100064524835805,Shreelaxmistonedepot,"Simplicity refined. Sophistication elevated.
From the purity of Stellar White to the bold depth of Galaxy Black, every shade brings its own story of elegance and calm modernism.

📞9922720095

#ModernInteriors #MinimalistLuxury #StellarGrey #StellarWhite #StellarCrema #GalaxyGrey #GalaxyBlack #TextureDesign #InteriorTrends #LuxurySpaces #DesignAesthetics #PremiumInteriors #SoftLuxury #ContemporaryDesign #ReelsInterior #InteriorInspo","Simplicity refined. Sophistication elevated.
From the purity of Stellar White to the bold depth of Galaxy Black, every shade brings its own story of elegance and calm modernism.

📞9922720095

#ModernInteriors #MinimalistLuxury #StellarGrey #StellarWhite #StellarCrema #GalaxyGrey #GalaxyBlack #TextureDesign #InteriorTrends #LuxurySpaces #DesignAesthetics #PremiumInteriors #SoftLuxury #ContemporaryDesign #ReelsInterior #InteriorInspo",33,"12/11/2025 19:40",N/A,https://www.facebook.com/reel/1198538365001572/,1,0,Videos,,,,,Lifetime,26,26,0,26,26,0,6,0,6,0,0,6,1,1,0,0,0,0,0,0,19.349,0,72.726,0,1.613,0,6.612,0,0,0,92.075,4.003,1,1,1,1,1,1,0.83,0.83,0.67,0.5,0.33,0.33,0.33,0.17,0.17,0.17,0.17,0.17,0.17,0.17,0.17,0.17,0.17,0.17,0.17,0.17,0.17,0.17,0.17,0.17,0.17,0.17,0.17,0.17,0.17,0.17,0.17,,,,,0,0,1,1,1,1,1,1,1,1,1,1,1,1,1,1,1,1,1,1,1,1,1,1,1,1,1,1,1,1,1,1,1,1,1,1,1,1,1,0
1258988406261975,100064524835805,Shreelaxmistonedepot,"Upgrade your bathroom with the perfect blend of hygiene, style, and durability!
Our premium Jet Spray offers high-pressure flow, rust-proof build, and a sleek design that fits every modern bathroom.
Experience freshness every single time! 💧✨

📞 Call Now: +91 99227 20095
🌐 Website: www.shreelaxmistonedepot.com

📍 Location: Mangalwar Peth | Kharadi

#JetSpray #BathroomFittings #ModernBathroom #Sanitaryware #HygienicLiving #HomeInteriors #BathroomUpgrade #ShreeLaxmiStoneDepot #PuneStores #InteriorDesign #HomeDecor",,0,"12/11/2025 01:52",N/A,https://www.facebook.com/Shreelaxmistonedepot/posts/pfbid02FbEBhpJ58QJvSoieVWGztxJtHJV7bQVjra5pWoSsQA3DcgbLykLduJ91CSxqDhChl,0,0,Photos,,,,,Lifetime,16,16,0,7,7,0,0,0,0,0,0,0,0,0,0,0,0,0,0,0,0,0,0,0,0,0,0,0,0,0,,,,,,,,,,,,,,,,,,,,,,,,,,,,,,,,,,,,,,,,,,,,,,,,,,,,,,,,,,,,,,,,,,,,,,,,,,,,,,,,,,,
1249541240540025,100064524835805,Shreelaxmistonedepot,"Wood Elegance for Your Outdoor Spaces ☀️
Add natural charm to your patio or balcony with the warmth and beauty of ICON porcelain tiles (12005).
Durable, scratchless, and water-resistant — the perfect choice for stylish outdoor living!
✨ Size: 20x120 cm | 9 mm
Built to last, designed to impress.

📞 +91 99227 20095
🌐 shreelaxmistonedepot.com

📍 Mangalwar Peth & Kharadi

#ShreeLaxmiStoneDepot #OutdoorTiles #WoodFinishTiles #PorcelainTiles #PatioDesign #BalconyMakeover #OutdoorLiving #WoodEffectTiles #ICONTiles #FlooringSolutions #ScratchlessTiles #WaterResistantTiles #DurableFlooring #ElegantOutdoors #StylishSpaces",,0,"11/28/2025 20:30",N/A,https://www.facebook.com/Shreelaxmistonedepot/posts/pfbid02gGRhMn6ZQvgNEzaCjDmZX3hhr9mtvDBKRy9giQxXzVrkTYZeREWb6WDAKdM7przcl,0,0,Photos,,,,,Lifetime,25,25,0,8,8,0,0,0,0,0,0,0,1,1,0,0,0,0,0,0,0,0,0,0,0,0,0,0,0,0,,,,,,,,,,,,,,,,,,,,,,,,,,,,,,,,,,,,,,,,,,,,,,,,,,,,,,,,,,,,,,,,,,,,,,,,,,,,,,,,,,,
1249473227213493,100064524835805,Shreelaxmistonedepot,"Transform your space with timeless elegance!
Explore our Wood Texture Tiles Collection (8001–9001 Series) — crafted to add warmth, luxury, and a modern aesthetic to any interior. From rich wood grains to smooth contemporary finishes, these tiles bring natural beauty and premium design together.
Perfect for homes, offices, and commercial spaces. ✨

📞 +91 99227 20095
🌐 shreelaxmistonedepot.com

#WoodTextureTiles #8001To9001Series #LuxuryTiles #WoodLookTiles #InteriorDesign #FlooringDesign #ModernInteriors #TileCollection #FlooringIdeas #HomeDecor #WallAndFloorTiles #InteriorsThatInspire #PremiumTiles #WoodFinishTiles","Transform your space with timeless elegance!
Explore our Wood Texture Tiles Collection (8001–9001 Series) — crafted to add warmth, luxury, and a modern aesthetic to any interior. From rich wood grains to smooth contemporary finishes, these tiles bring natural beauty and premium design together.
Perfect for homes, offices, and commercial spaces. ✨

📞 +91 99227 20095
🌐 shreelaxmistonedepot.com

#WoodTextureTiles #8001To9001Series #LuxuryTiles #WoodLookTiles #InteriorDesign #FlooringDesign #ModernInteriors #TileCollection #FlooringIdeas #HomeDecor #WallAndFloorTiles #InteriorsThatInspire #PremiumTiles #WoodFinishTiles",31,"11/28/2025 18:30",N/A,https://www.facebook.com/reel/1103919291649782/,1,0,Videos,,,,,Lifetime,111,111,0,89,89,0,15,0,11,0,0,15,3,3,0,0,0,0,0,0,227.724,0,211.585,0,2.997,0,8.464,0,0,0,439.309,4.349,1,1,1,1,0.87,0.8,0.8,0.73,0.73,0.73,0.73,0.73,0.73,0.73,0.73,0.73,0.73,0.67,0.6,0.47,0.4,0.4,0.4,0.27,0.27,0.27,0.27,0.27,0.27,0.27,0.27,0.27,0.27,,,,,,,,,0,0,1,1,1,1,1,1,1,1,1,1,1,1,1,1,1,1,1,0.91,0.82,0.64,0.55,0.55,0.55,0.36,0.36,0.36,0.36,0.36,0.36,0.36,0.36,0.36,0.36,,,,,0
1248017420692407,100064524835805,Shreelaxmistonedepot,"Elevate Your Home with Stylish Wood-Effect Tiles 🏡
Bring warmth, elegance, and durability to your interiors with ICON porcelain wood-effect tiles.
Choose your style:
• 11001 Soft Grey – Modern & Chic
• 11002 Warm Beige – Cozy & Elegant

Experience timeless beauty with lasting performance — only at Shree Laxmi Stone Depot.

📞 +91 99227 20095
🌐 shreelaxmistonedepot.com

#ShreeLaxmiStoneDepot #WoodEffectTiles #PorcelainTiles #HomeDecor #InteriorDesign #ModernFlooring #ElegantHomes #StylishSpaces #ICONTiles #FlooringDesign #WarmInteriors #HomeMakeover #FlooringInspiration #TileTrends #LuxuryTiles",,0,"11/26/2025 20:30",N/A,https://www.facebook.com/Shreelaxmistonedepot/posts/pfbid02VoKxM9XQc7RzEc73W2uNr5gmXpeCSw4vXEQuuRohnYKhbK5jNjaYUt2C1n4grnjXl,0,0,Photos,,,,,Lifetime,16,16,0,5,5,0,0,0,0,0,0,0,0,0,0,0,0,0,0,0,0,0,0,0,0,0,0,0,0,0,,,,,,,,,,,,,,,,,,,,,,,,,,,,,,,,,,,,,,,,,,,,,,,,,,,,,,,,,,,,,,,,,,,,,,,,,,,,,,,,,,,
1246425457518270,100064524835805,Shreelaxmistonedepot,"Timeless Wood Elegance for Modern Living 🏡
Transform your home with ICON porcelain stoneware flooring — a blend of strength, style, and warmth.
✨ Choose your vibe:
• 12003 Light Wood – Bright & Airy
• 12004 Warm Wood – Cozy & Classic

Durable. Stylish. Easy to maintain.
Upgrade your floors today with Shree Laxmi Stone Depot!

📞 +91 99227 20095
🌐 shreelaxmistonedepot.com

#ShreeLaxmiStoneDepot #PorcelainTiles #WoodFinishTiles #HomeInteriors #FlooringDesign #ICONTiles #InteriorInspiration #ElegantSpaces #WoodLookTiles #HomeUpgrade #StylishFlooring #ModernHomes #TileDesign #FlooringIdeas",,0,"11/24/2025 20:30",N/A,https://www.facebook.com/Shreelaxmistonedepot/posts/pfbid025PxuCaAEwLtDAoaWu4ffFVhNwnosmf3CcHsq86PBYqFEXDJnjboKbarTm78d4Ez9l,0,0,Photos,,,,,Lifetime,24,24,0,8,8,0,0,0,0,0,0,0,1,1,0,0,0,0,0,0,0,0,0,0,0,0,0,0,0,0,,,,,,,,,,,,,,,,,,,,,,,,,,,,,,,,,,,,,,,,,,,,,,,,,,,,,,,,,,,,,,,,,,,,,,,,,,,,,,,,,,,
1244007571093392,100064524835805,Shreelaxmistonedepot,"Add warmth and modern charm to your space with Floor 12001 & 12002 from Shree Laxmi Stone Depot!
These stylish wood-look porcelain tiles combine durability, elegance, and easy maintenance — perfect for creating cozy yet contemporary interiors.

📏 Size: 20x120 cm | Thickness: 9 mm | Finish: Matt (Punched)
📞 Call: +91 99227 20095
🌐 Visit: shreelaxmistonedepot.com

#ShreeLaxmiStoneDepot #FloorTiles #PorcelainTiles #WoodLookTiles #Floor12001 #Floor12002 #InteriorDesign #HomeDecor #ModernInteriors #MattFinishTiles #DurableFlooring #LowMaintenanceTiles #LuxuryFlooring #HomeImprovement #PuneTiles #InteriorInspiration #WarmInteriors #ElegantSpaces #TimelessDesign #TileDesign",,0,"11/21/2025 20:30",N/A,https://www.facebook.com/Shreelaxmistonedepot/posts/pfbid02uW4h6L8QvRE7uwkL9JAtTh4LadhEAfCPf47GVxHhNo9Jk5ZEtpM57zwtoCavuHggl,0,0,Photos,,,,,Lifetime,28,28,0,12,12,0,0,0,0,0,0,0,1,1,0,0,0,0,0,0,0,0,0,0,0,0,0,0,0,0,,,,,,,,,,,,,,,,,,,,,,,,,,,,,,,,,,,,,,,,,,,,,,,,,,,,,,,,,,,,,,,,,,,,,,,,,,,,,,,,,,,
1242365524590930,100064524835805,Shreelaxmistonedepot,"Transform your home with timeless elegance!
Discover Floor 11007 & 11008 from Shree Laxmi Stone Depot — premium Matt (Punched) porcelain tiles that bring warmth, durability, and modern charm to any room.

📏 Size: 20x120 cm | Thickness: 9 mm | R-12 Slip Resistant
📞 Call: +91 99227 20095
🌐 Visit: shreelaxmistonedepot.com

#ShreeLaxmiStoneDepot #FloorTiles #PorcelainTiles #WoodLookTiles #Floor11007 #Floor11008 #InteriorDesign #HomeDecor #FlooringIdeas #MattFinishTiles #LuxuryFlooring #WarmInteriors #ModernHomeDesign #DurableTiles #LowMaintenanceFlooring #PuneTiles #InteriorInspiration #HomeImprovement #ElegantSpaces #TimelessDesign",,0,"11/19/2025 20:30",N/A,https://www.facebook.com/Shreelaxmistonedepot/posts/pfbid02gVCpaj3HsTHrsHCV86AeEmEejYyKYWCtTyR7UfNPQBhE7XNiCtfsGaVNQbWWhRLfl,0,0,Photos,,,,,Lifetime,32,32,0,10,10,0,0,0,0,0,0,0,0,0,0,0,0,0,0,0,0,0,0,0,0,0,0,0,0,0,,,,,,,,,,,,,,,,,,,,,,,,,,,,,,,,,,,,,,,,,,,,,,,,,,,,,,,,,,,,,,,,,,,,,,,,,,,,,,,,,,,
1239880461506103,100064524835805,Shreelaxmistonedepot,"Add a touch of Timeless Elegance to your home with Floor 9001 from Shree Laxmi Stone Depot!
Warm, wood-inspired tones meet the strength of porcelain — durable, stylish, and easy to maintain. Perfect for living rooms, bedrooms & hallways.

📏 Size: 20x120 cm | Thickness: 9 mm | Finish: Matt (Punched)
📞 Call: +91 99227 20095
🌐 Visit: shreelaxmistonedepot.com

#ShreeLaxmiStoneDepot #FloorTiles #PorcelainTiles #WoodLookTiles #Floor9001 #InteriorDesign #HomeDecor #ModernInteriors #FlooringIdeas #MattFinishTiles #LuxuryFlooring #DurableTiles #ElegantSpaces #PuneTiles #HomeImprovement #InteriorInspiration #FlooringDesign #TimelessStyle",,0,"11/16/2025 18:30",N/A,https://www.facebook.com/Shreelaxmistonedepot/posts/pfbid026iCAQ2xvwSTfp2pTN5dSkFPyEzuqtf6S2TrrN7DH4t59tVeLKS2mqqqcuw6opHLol,0,0,Photos,,,,,Lifetime,29,29,0,10,10,0,0,0,0,0,0,0,0,0,0,0,0,0,0,0,0,0,0,0,0,0,0,0,0,0,,,,,,,,,,,,,,,,,,,,,,,,,,,,,,,,,,,,,,,,,,,,,,,,,,,,,,,,,,,,,,,,,,,,,,,,,,,,,,,,,,,
1238309491663200,100064524835805,Shreelaxmistonedepot,"Redefine elegance with Floor 8003 & 8004 from Shree Laxmi Stone Depot!
Choose your vibe — light matte for a bright, modern look or warm rich tones for an elegant, cozy ambiance.
Perfect for creating timeless spaces that blend style, strength, and simplicity.

📏 Size: 20x120 cm | Thickness: 9 mm
📞 Call: +91 99227 20095
🌐 Visit: shreelaxmistonedepot.com

#ShreeLaxmiStoneDepot #FloorTiles #PorcelainTiles #WoodEffectTiles #HomeDesign #InteriorDesign #Floor8003 #Floor8004 #TileDesign #ModernInteriors #ElegantSpaces #MattFinishTiles #LuxuryFlooring #HomeDecor #PuneTiles #InteriorInspiration #FlooringSolutions #TimelessDesign",,0,"11/14/2025 20:30",N/A,https://www.facebook.com/Shreelaxmistonedepot/posts/pfbid0qDwWGKuiwHns6t3BN2jVwUrd5US2ZHM7Fr2KCDK5Ehtriyi6AG4SiMgvprkXBZAql,0,0,Photos,,,,,Lifetime,25,25,0,9,9,0,0,0,0,0,0,0,0,0,0,0,0,0,0,0,0,0,0,0,0,0,0,0,0,0,,,,,,,,,,,,,,,,,,,,,,,,,,,,,,,,,,,,,,,,,,,,,,,,,,,,,,,,,,,,,,,,,,,,,,,,,,,,,,,,,,,
1237734865053996,100064524835805,Shreelaxmistonedepot,"Transform your bathroom for less!
Get 30% to 50% OFF on top-quality CP fittings, wash basins, faucets & sanitaryware.
Visit us at Mangalwar Peth | Kharadi and grab the best deals today!
More details: www.shreelaxmistonedepot.com

📞 +91 99227 20095

#SmartSavings #SanitarywareSale #CPFittings #BathroomUpgrade #HomeRenovation #BathroomDesign #InteriorDeals #ShreeLaxmiStoneDepot #Kharadi #MangalwarPeth #BathroomEssentials #HomeImprovement #BestDeals #SanitarywareStore #Faucets #WashBasinDesign #BathroomFixtures",,0,"11/14/2025 03:35",N/A,https://www.facebook.com/Shreelaxmistonedepot/posts/pfbid02uMKxU7kSeu5H8CGrFERNKN3DX9P1mtPWsqSyewFre3HfLVZ6DkNhYF6sG1gif8sql,0,0,Photos,,,,,Lifetime,24,24,0,10,10,0,0,0,0,0,0,0,0,0,0,0,0,0,0,0,0,0,0,0,0,0,0,0,0,0,,,,,,,,,,,,,,,,,,,,,,,,,,,,,,,,,,,,,,,,,,,,,,,,,,,,,,,,,,,,,,,,,,,,,,,,,,,,,,,,,,,
1237587411735408,100064524835805,Shreelaxmistonedepot,"May every child’s smile shine brighter than polished stone.
Happy Children’s Day from Shree Laxmi Stone! 💫

📞9922720095

#HappyChildrensDay #ChildrensDay2025 #ShreeLaxmiStone #KidsJoy #InnocentSmiles #StoneDealer #BuildingDreams #BrightFutures #LittleSmiles #CelebrateChildhood #PuneBusiness #QualityMaterials",,0,"11/13/2025 23:33",N/A,https://www.facebook.com/Shreelaxmistonedepot/posts/pfbid024F8NvYGAmyAmto6dqk19BmtncN9vgJuYnopBWK4X891KDEMQNuvRtGkPmq69T2Mdl,0,0,Photos,,,,,Lifetime,18,18,0,10,10,0,0,0,0,0,0,0,0,0,0,0,0,0,0,0,0,0,0,0,0,0,0,0,0,0,,,,,,,,,,,,,,,,,,,,,,,,,,,,,,,,,,,,,,,,,,,,,,,,,,,,,,,,,,,,,,,,,,,,,,,,,,,,,,,,,,,
1237430875084395,100064524835805,Shreelaxmistonedepot,"Big Clearance. Bigger Savings! 💧
Get 30%–50% OFF on premium CP Fittings & Sanitaryware at Shree Laxmi Stone Depot!
Upgrade your kitchen and bathroom with stylish, durable, and high-quality products — all at unbeatable prices! 💥

✨ Premium Quality | Stylish Designs | Affordable Rates

📍 Mangalwar Peth | Kharadi
📞 +91 99227 20095
🌐 www.shreelaxmistonedepot.com

#BigClearance #MegaSavings #ShreeLaxmiStoneDepot #CPFittings #Sanitaryware #BathroomUpgrade #KitchenDesign #HomeImprovement #StylishInteriors #AffordableLuxury #PremiumQuality #BathroomFittings #KitchenFittings #HomeStyle #PuneDeals #InteriorEssentials",,0,"11/13/2025 18:30",N/A,https://www.facebook.com/Shreelaxmistonedepot/posts/pfbid02sqJbvmS6PNe2QFWS4wk5iwf6xiaFrXWJfsozpaadJZHw6T8KxRVhiMorYvkZDeKMl,0,0,Photos,,,,,Lifetime,17,17,0,10,10,0,0,0,0,0,0,0,0,0,0,0,0,0,0,0,0,0,0,0,0,0,0,0,0,0,,,,,,,,,,,,,,,,,,,,,,,,,,,,,,,,,,,,,,,,,,,,,,,,,,,,,,,,,,,,,,,,,,,,,,,,,,,,,,,,,,,
1236863328474483,100064524835805,Shreelaxmistonedepot,"Upgrade your bathroom with style and savings! 💫
Get 30%–50% OFF on premium CP fittings and sanitaryware — elegant, durable, and designed for modern spaces.
Transform your home, hotel, or office today with Shree Laxmi Stone Depot! 🏠✨

📍 Visit: Mangalwar Peth | Kharadi
📞 Call: +91 99227 20095
🌐 www.shreelaxmistonedepot.com

#BathroomUpgrade #Sanitaryware #CPFittings #BathroomDesign #ModernBathroom #LuxuryInteriors #HomeRenovation #BathroomEssentials #ShreeLaxmiStoneDepot #BathroomFittings #HomeImprovement #InteriorDesign #BathroomDeals #BathroomInspiration #HomeStyle #RenovationGoals #BathroomMakeover #StyleAndFunction #BathroomSale #LimitedOffer",,0,"11/13/2025 03:08",N/A,https://www.facebook.com/Shreelaxmistonedepot/posts/pfbid02cMbbGqWfBvhpevta1okpKj9NrQ9VvGE1ySBFP2QrBB6zjYJHfbSEjZ9Jvrk8JuHUl,0,0,Photos,,,,,Lifetime,15,15,0,6,6,0,0,0,0,0,0,0,0,0,0,0,0,0,0,0,0,0,0,0,0,0,0,0,0,0,,,,,,,,,,,,,,,,,,,,,,,,,,,,,,,,,,,,,,,,,,,,,,,,,,,,,,,,,,,,,,,,,,,,,,,,,,,,,,,,,,,
1236586048502211,100064524835805,Shreelaxmistonedepot,"✨ Modern Texture. Timeless Appeal. ✨
Experience the art of design with our latest wood-inspired tile collection — smooth, stylish, and crafted for modern living.
From natural grains to sleek matt finishes, every model brings warmth and sophistication to your space. 🌿

🪵 20x120 cm | Matt Finish
Textures That Define Modern Living.

#WoodTiles #ModernDesign #InteriorGoals #MattFinish #HomeDecor #TileDesign #WoodLookTiles #ElegantSpaces #InteriorInspiration #ContemporaryLiving #DesignWithNature #LuxuryInteriors #FlooringIdeas #ArchitecturalDesign #TextureDesign #HomeStyle #DecorInspo #AestheticSpaces #ModernHomes #CalmInteriors","✨ Modern Texture. Timeless Appeal. ✨
Experience the art of design with our latest wood-inspired tile collection — smooth, stylish, and crafted for modern living.
From natural grains to sleek matt finishes, every model brings warmth and sophistication to your space. 🌿

🪵 20x120 cm | Matt Finish
Textures That Define Modern Living.

#WoodTiles #ModernDesign #InteriorGoals #MattFinish #HomeDecor #TileDesign #WoodLookTiles #ElegantSpaces #InteriorInspiration #ContemporaryLiving #DesignWithNature #LuxuryInteriors #FlooringIdeas #ArchitecturalDesign #TextureDesign #HomeStyle #DecorInspo #AestheticSpaces #ModernHomes #CalmInteriors",31,"11/12/2025 18:30",N/A,https://www.facebook.com/reel/2730444090619953/,1,0,Videos,,,,,Lifetime,74,74,0,68,68,0,5,0,5,0,0,5,0,0,0,0,0,0,0,0,98.122,0,8.72,0,1.534,0,1.454,0,0,0,106.842,1.526,1,1,1,1,0.6,0.6,0.2,0.2,0,0,0,0,0,0,0,0,0,0,0,0,0,0,0,0,0,0,0,0,0,0,0,0,0,,,,,,,,,0,0,,,,,,,,,,,,,,,,,,,,,,,,,,,,,,,,,,,,,,0
1236585555168927,100064524835805,Shreelaxmistonedepot,"Elevate your interiors with the timeless charm of Floor 8005 from Shree Laxmi Stone Depot!
Bring home the warmth of wood and the strength of porcelain — stylish, durable, and low-maintenance. Perfect for homes, cafes, and commercial spaces!

📏 Size: 20x120 cm | Thickness: 9 mm
🌟 Finish: Matt (Punched) | Slip Resistant
📞 Call: +91 99227 20095
🌐 Visit: shreelaxmistonedepot.com

#ShreeLaxmiStoneDepot #FloorTiles #PorcelainTiles #WoodEffectTiles #HomeDesign #InteriorDesign #TileInspiration #FlooringSolutions #ModernInteriors #MattFinishTiles #SlipResistant #DurableDesign #LuxuryTiles #PuneTiles #HomeImprovement #InteriorDecor #Floor8005",,0,"11/12/2025 18:30",N/A,https://www.facebook.com/Shreelaxmistonedepot/posts/pfbid02bBLkTQScoJpA3ZvtUUrAneixVyiWXEgnooSti12pvsphp8i6o9ojechySy1WrYjvl,0,0,Photos,,,,,Lifetime,16,16,0,9,9,0,0,0,0,0,0,0,0,0,0,0,0,0,0,0,0,0,0,0,0,0,0,0,0,0,,,,,,,,,,,,,,,,,,,,,,,,,,,,,,,,,,,,,,,,,,,,,,,,,,,,,,,,,,,,,,,,,,,,,,,,,,,,,,,,,,,
1235959081898241,100064524835805,Shreelaxmistonedepot,"Mega Dhamaka Deals are here! 💥
Transform your kitchen & bathroom with stylish CP Fittings and Sanitaryware — now at 30% to 50% OFF!
Upgrade your home with premium-quality, elegant designs and unbeatable prices. 🏡✨

📍 Visit: Mangalwar Peth | Kharadi
📞 Call: +91 99227 20095
🌐 www.shreelaxmistonedepot.com

#MegaDhamakaDeals #ShreeLaxmiStoneDepot #SanitarywareSale #CPFittings #BathroomDesign #KitchenStyle #HomeUpgrade #BigSavings #PremiumQuality #StylishDesigns #AffordableLuxury #InteriorEssentials #BathroomFittings #KitchenFittings #HomeImprovement #PuneStores",,0,"11/12/2025 02:20",N/A,https://www.facebook.com/Shreelaxmistonedepot/posts/pfbid0FrxNJDsnFAYUjvxp7AmHin5AtjhdWhwUqXViJPq231WavLPZbcL8Y3yX66n5caEDl,0,0,Photos,,,,,Lifetime,11,11,0,8,8,0,0,0,0,0,0,0,0,0,0,0,0,0,0,0,0,0,0,0,0,0,0,0,0,0,,,,,,,,,,,,,,,,,,,,,,,,,,,,,,,,,,,,,,,,,,,,,,,,,,,,,,,,,,,,,,,,,,,,,,,,,,,,,,,,,,,
1234808438679972,100064524835805,Shreelaxmistonedepot,"Bring elegance and durability to your space with our Premium Floor Tiles. Choose from:
🌿 8001: Light wood-effect – perfect for serene spaces
🔥 8002: Warm wood-effect – ideal for cozy rooms

📞 Call: +91 9922720095
🌐 Visit: shreelaxmistonedepot.com

#StylishTiles #8001Tiles #8002Tiles #WoodEffectTiles #HomeInteriors #SLSDTiles #FlooringDesign #DurableTiles #ElegantHomes #TileDecor",,0,"11/10/2025 18:30",N/A,https://www.facebook.com/Shreelaxmistonedepot/posts/pfbid02JpJftDo7GMQ7SDN9WT9uS8nmMPwTU22oFyeB3hd8mx4eaNB5Tdb4g7tSSq2B6Cmtl,0,0,Photos,,,,,Lifetime,15,15,0,9,9,0,0,0,0,0,0,0,0,0,0,0,0,0,0,0,0,0,0,0,0,0,0,0,0,0,,,,,,,,,,,,,,,,,,,,,,,,,,,,,,,,,,,,,,,,,,,,,,,,,,,,,,,,,,,,,,,,,,,,,,,,,,,,,,,,,,,
1234103605417122,100064524835805,Shreelaxmistonedepot,"Where Wood Meets Art ✨
Discover the beauty of nature in every design — from elegant textures to serene tones.
Crafted to bring warmth, calm, and timeless charm to your space. 🌿

🌳 20x120 cm | Matt Finish
Bring Nature Indoors.

#WoodTiles #InteriorDesign #NaturalLiving #TileDesign #HomeDecor #NatureInspired #MattFinish #FlooringIdeas #ElegantSpaces
#WoodLookTiles #LuxuryInteriors #ModernHomes #InteriorGoals #TileInspiration #HomeStyle #DesignWithNature #WoodenFloorDesign #WarmInteriors #AestheticSpaces #DecorInspo #TimelessDesign #ArchitecturalDesign #EcoFriendlyLiving #ContemporaryDesign #HomeDecorInspo #DesignTrends #InteriorLovers #CalmSpaces #TextureDesign","Where Wood Meets Art ✨
Discover the beauty of nature in every design — from elegant textures to serene tones.
Crafted to bring warmth, calm, and timeless charm to your space. 🌿

🌳 20x120 cm | Matt Finish
Bring Nature Indoors.

#WoodTiles #InteriorDesign #NaturalLiving #TileDesign #HomeDecor #NatureInspired #MattFinish #FlooringIdeas #ElegantSpaces
#WoodLookTiles #LuxuryInteriors #ModernHomes #InteriorGoals #TileInspiration #HomeStyle #DesignWithNature #WoodenFloorDesign #WarmInteriors #AestheticSpaces #DecorInspo #TimelessDesign #ArchitecturalDesign #EcoFriendlyLiving #ContemporaryDesign #HomeDecorInspo #DesignTrends #InteriorLovers #CalmSpaces #TextureDesign",31,"11/10/2025 01:33",N/A,https://www.facebook.com/reel/1389916745988168/,0,0,Videos,,,,,Lifetime,35,35,0,31,31,0,3,0,3,0,0,3,0,0,0,0,0,0,0,0,68.202,0,3.002,0,2.274,0,0.751,0,0,0,71.204,2.094,0.67,0.67,0.67,1,1,0.67,0.67,0.67,0.67,0.67,0.67,0.67,0.67,0.67,0.33,0.33,0.33,0.33,0.33,0.33,0.33,0.33,0.33,0.33,0,0,0,0,0,0,0,0,0,,,,,,,,,0,0,1,1,1,1,1,1,1,1,1,1,1,1,1,1,1,1,1,1,1,1,1,1,1,1,0,0,0,0,0,0,0,0,0,,,,,0
1232884095539073,100064524835805,Shreelaxmistonedepot,"🚿 It’s Raining Discounts!
Transform your bathroom with elegance and durability.
Enjoy 30% to 50% OFF on premium CP Fittings & Sanitaryware at Shree Laxmi Stone Depot, Pune 💫

From stylish taps and mixers to modern showers and accessories — we’ve got everything to make your space shine! ✨

📍 Visit our Mangalwar Peth or Kharadi branch today.
💎 Premium Quality | Modern Design | Trusted Since 1982

📞 +91 99227 20095
🌐 www.shreelaxmistonedepot.com

#ShreeLaxmiStoneDepot #CPFittings #Sanitaryware #BathroomDesign #BathroomUpgrade #PuneDeals #BathroomDecor #ModernBathroom #HomeRenovation #BathroomAccessories #PuneStores #LuxuryBathroom #TilesAndSanitaryware #BathroomFittings #HomeImprovement #PuneShopping #InteriorDesignPune #ElegantSpaces #CPBathroomFittings #PuneOffers",,0,"11/08/2025 18:30",N/A,https://www.facebook.com/Shreelaxmistonedepot/posts/pfbid07xVTHRVtx5CE3FtpGzmhn9CfCN6u9w3zkARXaifHdi98Kfak5MyUommifg7behEcl,0,0,Photos,,,,,Lifetime,26,26,0,11,11,0,0,0,0,0,0,0,0,0,0,0,0,0,0,0,0,0,0,0,0,0,0,0,0,0,,,,,,,,,,,,,,,,,,,,,,,,,,,,,,,,,,,,,,,,,,,,,,,,,,,,,,,,,,,,,,,,,,,,,,,,,,,,,,,,,,,
1231085772385572,100064524835805,Shreelaxmistonedepot,"Natural wood beauty, zero maintenance! Models 6603 & 6604 offer durable elegance for every floor.

📞 Call: +91 9922720095
🌐 Visit: shreelaxmistonedepot.com

#WoodEffectTiles #PremiumFlooring #6603Tiles #6604Tiles #SLSDTiles #ZeroMaintenance #LuxuryFloors #HomeDecor",,0,"11/06/2025 18:30",N/A,https://www.facebook.com/Shreelaxmistonedepot/posts/pfbid02JuYgpiPBzN44Wqd7U3NQ95hoGxj3tMgzwUVLZivUMm1ZgusmvVybUrf8pqBdejUql,0,0,Photos,,,,,Lifetime,19,19,0,9,9,0,0,0,0,0,0,0,0,0,0,0,0,0,0,0,0,0,0,0,0,0,0,0,0,0,,,,,,,,,,,,,,,,,,,,,,,,,,,,,,,,,,,,,,,,,,,,,,,,,,,,,,,,,,,,,,,,,,,,,,,,,,,,,,,,,,,
1229392185888264,100064524835805,Shreelaxmistonedepot,"Let’s celebrate the divine wisdom and teachings of Guru Nanak Dev Ji — a beacon of peace, truth, and humility.
May this Guru Nanak Jayanti bring happiness, harmony, and prosperity to all. 🌼✨
“Naam Japo, Kirat Karo, Vand Chhako.” 🙏
 Shree Laxmi Stone Depot wishes everyone a blessed Guru Nanak Jayanti! 💫

Contact us: +91 99227 20095
📍 Mangalwar Peth & Kharadi
🌐 shreelaxmistonedepot.com

#GuruNanakJayanti #GuruNanakDevJi #ShreeLaxmiStoneDepot #FestivalOfPeace #Blessings #SpiritualWisdom #GuruNanakJayanti2025 #PeaceAndProsperity #FaithAndHarmony #DivineBlessings #Sikhism #Gratitude #FestivalGreetings #StoneDepot #PuneBusiness #TilesAndSanitaryware #MarbleAndGranite",,0,"11/04/2025 22:40",N/A,https://www.facebook.com/Shreelaxmistonedepot/posts/pfbid02NTxJKkqEcDcr4HmNWCgNzBfSSmX13TEbSb9DBRXm7GzyJEGh6o5BXxMrTLH36mUxl,0,0,Photos,,,,,Lifetime,27,27,0,11,11,0,0,0,0,0,0,0,0,0,0,0,0,0,0,0,0,0,0,0,0,0,0,0,0,0,,,,,,,,,,,,,,,,,,,,,,,,,,,,,,,,,,,,,,,,,,,,,,,,,,,,,,,,,,,,,,,,,,,,,,,,,,,,,,,,,,,
1229240399236776,100064524835805,Shreelaxmistonedepot,"Elegant. Strong. Timeless. Choose 6601 for dark warmth or 6602 for a modern light look — perfect for any space!

📞 Call: +91 9922720095
🌐 Visit: shreelaxmistonedepot.com

#WoodLookTiles #6601Tiles #6602Tiles #SLSDTiles #FlooringDesign #HomeInteriors #WoodEffect #ElegantSpaces",,0,"11/04/2025 18:30",N/A,https://www.facebook.com/Shreelaxmistonedepot/posts/pfbid02tWBbe9kxj98iJyWT8AwLC1M2epJujKrAi9wbxZh5B9DebChdLXjQkYVrPeoRRhmBl,0,0,Photos,,,,,Lifetime,24,24,0,11,11,0,0,0,0,0,0,0,0,0,0,0,0,0,0,0,0,0,0,0,0,0,0,0,0,0,,,,,,,,,,,,,,,,,,,,,,,,,,,,,,,,,,,,,,,,,,,,,,,,,,,,,,,,,,,,,,,,,,,,,,,,,,,,,,,,,,,
1227432806084202,100064524835805,Shreelaxmistonedepot,"Style that lasts! Model 6304 Floor Tiles combine scratch resistance with modern design — perfect for homes, offices & commercial spaces.

📞 Call: +91 9922720095
🌐 Visit: shreelaxmistonedepot.com

#6304Tiles #ModernFlooring #ScratchResistant #MattFinish #SLSDTiles #OfficeTiles #CommercialInteriors #HomeDecor",,0,"11/02/2025 18:30",N/A,https://www.facebook.com/Shreelaxmistonedepot/posts/pfbid028DnCqouHLAD9NQKzrQg2ZVtjpcxCm8hUZ7ZDaa2njVqaG9yCoEBmKfriLAQRVYZzl,0,0,Photos,,,,,Lifetime,15,15,0,9,9,0,0,0,0,0,0,0,0,0,0,0,0,0,0,0,0,0,0,0,0,0,0,0,0,0,,,,,,,,,,,,,,,,,,,,,,,,,,,,,,,,,,,,,,,,,,,,,,,,,,,,,,,,,,,,,,,,,,,,,,,,,,,,,,,,,,,
1225553312938818,100064524835805,Shreelaxmistonedepot,"Bring warmth and elegance to your home or spa with PR 6201. Matt finish, easy maintenance & long-lasting performance!

📞 Call: +91 9922720095
🌐 Visit: shreelaxmistonedepot.com

#PR6201 #SpaTiles #ElegantFloors #WoodTiles #SLSDTiles #DurableTiles #InteriorDecor #HomeStyle",,0,"10/31/2025 19:30",N/A,https://www.facebook.com/Shreelaxmistonedepot/posts/pfbid02U5cqr7TB1BTknfVb8XxJvYdH7ehCXrN4GMQmzpfEsbw41Ww9ipTvhGvkNgiLuCMql,0,0,Photos,,,,,Lifetime,16,16,0,9,9,0,0,0,0,0,0,0,1,1,0,0,0,0,0,0,0,0,0,0,0,0,0,0,0,0,,,,,,,,,,,,,,,,,,,,,,,,,,,,,,,,,,,,,,,,,,,,,,,,,,,,,,,,,,,,,,,,,,,,,,,,,,,,,,,,,,,
1223835066443976,100064524835805,Shreelaxmistonedepot,"Timeless wood beauty with tile strength! Model S701 is scratch-resistant, water-resistant & built for high-traffic areas.

📞 Call: +91 9922720095
🌐 Visit: shreelaxmistonedepot.com

#S701Tiles #WoodLookTiles #DurableDesign #HomeTiles #SLSDTiles #ScratchResistant #FlooringSolutions",,0,"10/29/2025 19:30",N/A,https://www.facebook.com/Shreelaxmistonedepot/posts/pfbid0ZgQmn4w5QbtTBzwBXYpS1wRYmhPUvpTDSfoPUDEuiJviWGMHiATRKJxYpg9kRg3ql,0,0,Photos,,,,,Lifetime,23,23,0,12,12,0,0,0,0,0,0,0,1,1,0,0,0,0,0,0,0,0,0,0,0,0,0,0,0,0,,,,,,,,,,,,,,,,,,,,,,,,,,,,,,,,,,,,,,,,,,,,,,,,,,,,,,,,,,,,,,,,,,,,,,,,,,,,,,,,,,,
1222215103272639,100064524835805,Shreelaxmistonedepot,"Experience nature indoors with Premium Wooden Strip Tiles. Ideal for patios, kitchens & living spaces — elegance meets durability!

📞 Call: +91 9922720095
🌐 Visit: shreelaxmistonedepot.com

#PremiumTiles #StripTiles #WoodFinishTiles #FlooringIdeas #SLSDTiles #HomeStyle #OutdoorTiles #TileDecor",,0,"10/27/2025 21:30",N/A,https://www.facebook.com/Shreelaxmistonedepot/posts/pfbid02eWXuCgvqF23LDPYMPwkNynt4yC1hGggHbSF248DTyHZtp9mpRruJk32tcLebA7TWl,0,0,Photos,,,,,Lifetime,27,27,0,8,8,0,0,0,0,0,0,0,0,0,0,0,0,0,0,0,0,0,0,0,0,0,0,0,0,0,,,,,,,,,,,,,,,,,,,,,,,,,,,,,,,,,,,,,,,,,,,,,,,,,,,,,,,,,,,,,,,,,,,,,,,,,,,,,,,,,,,
1220310996796383,100064524835805,Shreelaxmistonedepot,"Bring timeless elegance to your floors with Models 5601 & 5602. Matt finish, wood-look design, and porcelain durability for a stylish, low-maintenance lifestyle!

📞 Call: +91 9922720095
🌐 Visit: shreelaxmistonedepot.com

#ElegantTiles #DurableFlooring #PorcelainTiles #WoodLookTiles #HomeRenovation #SLSDTiles #MattFinish #FloorDesign",,0,"10/25/2025 19:30",N/A,https://www.facebook.com/Shreelaxmistonedepot/posts/pfbid0JeNJ5mNgNnc19UaDJvJcAEMpkTWP7kkzY3pyY4ACQAfRaAC6BZTL1g7DoGgiSDLsl,0,0,Photos,,,,,Lifetime,25,25,0,8,8,0,0,0,0,0,0,0,0,0,0,0,0,0,0,0,0,0,0,0,0,0,0,0,0,0,,,,,,,,,,,,,,,,,,,,,,,,,,,,,,,,,,,,,,,,,,,,,,,,,,,,,,,,,,,,,,,,,,,,,,,,,,,,,,,,,,,
1218442390316577,100064524835805,Shreelaxmistonedepot,"✨ Add warmth & elegance to your space with our Model 5402 Floor Tile! Perfect blend of natural grain beauty, durability, and easy maintenance — ideal for homes, offices, or commercial spaces.

📞 Call: +91 9922720095
🌐 Visit: shreelaxmistonedepot.com

#Model5402 #FloorTiles #WoodLookTiles #InteriorDesign #ElegantFloors #TileDesign #DurableTiles #SLSDTiles #HomeDecor #OfficeInteriors",,0,"10/23/2025 19:30",N/A,https://www.facebook.com/Shreelaxmistonedepot/posts/pfbid02F19vGapPUiqz5iPoxrRvbLqWUQojuYkPU14MVTvMNSaq8MUG9BoEbv92AqMoDHNvl,0,0,Photos,,,,,Lifetime,26,26,0,8,8,0,0,0,0,0,0,0,0,0,0,0,0,0,0,0,0,0,0,0,0,0,0,0,0,0,,,,,,,,,,,,,,,,,,,,,,,,,,,,,,,,,,,,,,,,,,,,,,,,,,,,,,,,,,,,,,,,,,,,,,,,,,,,,,,,,,,
1217523210408495,100064524835805,Shreelaxmistonedepot,"भाऊबीजेच्या हार्दिक शुभेच्छा! 💫👫
भावा-बहिणीच्या प्रेम, जिव्हाळा आणि आपुलकीचा हा सुंदर सण सदैव उजळत राहो.
या पवित्र नात्यात आनंद, प्रेम आणि सौख्य भरभरून लाभो! 🌸❤️

📍 Shree Laxmi Stone Depot
📞 +91 99227 20095
🌐 shreelaxmistonedepot.com

#Bhaubeej #HappyBhaubeej #Bhaubeej2025 #ShreeLaxmiStoneDepot #BrotherSisterLove #FestivalOfLove #DiwaliFestival #IndianTradition #FamilyBond #StoneTilesSanitaryware #FestiveVibes",,0,"10/22/2025 19:30",N/A,https://www.facebook.com/Shreelaxmistonedepot/posts/pfbid02Umb9xHggnjopUhW6WKLvCgRcTYhM8ShisgaW6bbRwAGd8HmYL9xkyv9riLtXzi6Al,0,0,Photos,,,,,Lifetime,14,14,0,10,10,0,0,0,0,0,0,0,1,1,0,0,0,0,0,0,0,0,0,0,0,0,0,0,0,0,,,,,,,,,,,,,,,,,,,,,,,,,,,,,,,,,,,,,,,,,,,,,,,,,,,,,,,,,,,,,,,,,,,,,,,,,,,,,,,,,,,
1216648277162655,100064524835805,Shreelaxmistonedepot,"शुभ पाडव्याच्या हार्दिक शुभेच्छा! ✨🌼
नववर्षाच्या या मंगलदिनी तुमच्या जीवनात सुख, शांती, आरोग्य आणि समृद्धी नांदो.
नव्या उत्साहाने आणि आनंदाने नववर्षाची सुरुवात करूया!

Shree Laxmi Stone Depot
📞 +91 99227 20095
🌐 shreelaxmistonedepot.com

#ShubhPadwa #HappyGudiPadwa #Diwali2025 #ShreeLaxmiStoneDepot #NewBeginnings #FestivalOfLights #IndianFestivals #Prosperity #Happiness #StoneTilesSanitaryware",,0,"10/21/2025 19:30",N/A,https://www.facebook.com/Shreelaxmistonedepot/posts/pfbid029APJF9GbWmGjKjvoM6Kd2EzeUdzAQ3m12VcxTNT5RekgkGpfrw5ZWRq3zDZc3naFl,0,0,Photos,,,,,Lifetime,10,10,0,9,9,0,0,0,0,0,0,0,1,1,0,0,0,0,0,0,0,0,0,0,0,0,0,0,0,0,,,,,,,,,,,,,,,,,,,,,,,,,,,,,,,,,,,,,,,,,,,,,,,,,,,,,,,,,,,,,,,,,,,,,,,,,,,,,,,,,,,
1215792540581562,100064524835805,Shreelaxmistonedepot,"लक्ष्मी पूजनाच्या हार्दिक शुभेच्छा! 💰🌸
या पवित्र दिवशी श्री गणेश आणि देवी लक्ष्मी यांच्या कृपेने
तुमच्या आयुष्यात सुख, समृद्धी आणि आनंदाचा वर्षाव होवो! 🪔✨
घरात आणि मनात प्रकाश फुलू दे, शुभ दीपावली! 🌼🌟

📍 Shree Laxmi Stone Depot
📞 +91 99227 20095
🌐 shreelaxmistonedepot.com

#LaxmiPujan #HappyLaxmiPujan #Diwali2025 #ShreeLaxmiStoneDepot #FestivalOfLights #GoddessLaxmi #Prosperity #WealthAndHappiness #DiwaliCelebration #StoneTilesSanitaryware #FestiveVibes #ShubhDeepavali",,0,"10/20/2025 19:30",N/A,https://www.facebook.com/Shreelaxmistonedepot/posts/pfbid027bju5hCZ8Ra3RfaRHBEkCuCRGGJoczrbkP5jdrmCb5ew7UtBzgkEzBnGrqy7K42Hl,0,0,Photos,,,,,Lifetime,13,13,0,8,8,0,0,0,0,0,0,0,2,1,0,1,0,0,0,0,0,0,0,0,0,0,0,0,0,0,,,,,,,,,,,,,,,,,,,,,,,,,,,,,,,,,,,,,,,,,,,,,,,,,,,,,,,,,,,,,,,,,,,,,,,,,,,,,,,,,,,
1214892054004944,100064524835805,Shreelaxmistonedepot,"नरक चतुर्दशी आणि दीपावलीच्या हार्दिक शुभेच्छा! ✨🪔
या दिवाळीत तुमचं जीवन उजळून निघो आनंद, आरोग्य आणि समृद्धीच्या प्रकाशाने.
अंधारावर प्रकाशाचा, दुःखावर आनंदाचा आणि असत्यावर सत्याचा विजय सदैव राहो! 🌼💫

📍 Shree Laxmi Stone Depot
📞 +91 99227 20095
🌐 shreelaxmistonedepot.com

#NarakChaturdashi #HappyDiwali #Diwali2025 #ShreeLaxmiStoneDepot #FestivalOfLights #DiwaliVibes #Prosperity #Happiness #Peace #JoyfulMoments #StoneTilesSanitaryware #FestiveSeason #DiwaliCelebration",,0,"10/19/2025 19:30",N/A,https://www.facebook.com/Shreelaxmistonedepot/posts/pfbid0tZnfJpvaxPX3wE581ENGb8Neowm11DEzwVd82MiWnUi1RfyDkii1hm2Xy3iFhg29l,0,0,Photos,,,,,Lifetime,10,10,0,9,9,0,0,0,0,0,0,0,1,1,0,0,0,0,0,0,0,0,0,0,0,0,0,0,0,0,,,,,,,,,,,,,,,,,,,,,,,,,,,,,,,,,,,,,,,,,,,,,,,,,,,,,,,,,,,,,,,,,,,,,,,,,,,,,,,,,,,
1213155447511938,100064524835805,Shreelaxmistonedepot,"धनत्रयोदशीच्या हार्दिक शुभेच्छा! ✨💰
या शुभदिनी तुमच्या जीवनात धन, आरोग्य आणि समृद्धी सदैव नांदो.
शुभ दीपावलीचा प्रारंभ श्री गणेश आणि माता लक्ष्मी यांच्या कृपेने मंगलमय होवो! 🪔🌟

📍 Shree Laxmi Stone Depot
📞 +91 99227 20095
🌐 shreelaxmistonedepot.com

#Dhanteras #HappyDhanteras #Diwali2025 #ShreeLaxmiStoneDepot #FestivalOfLights #Prosperity #WealthAndHappiness #DiwaliBegins #StoneTilesSanitaryware #FestiveVibes",,0,"10/17/2025 19:30",N/A,https://www.facebook.com/Shreelaxmistonedepot/posts/pfbid02kY1JBE5e2ZGzwzzfDmgTacCKp5qxTdaaUBJLnFDSqke8kpfrwf3MzCYs8cMH2Ejrl,0,0,Photos,,,,,Lifetime,13,13,0,10,10,0,0,0,0,0,0,0,1,1,0,0,0,0,0,0,0,0,0,0,0,0,0,0,0,0,,,,,,,,,,,,,,,,,,,,,,,,,,,,,,,,,,,,,,,,,,,,,,,,,,,,,,,,,,,,,,,,,,,,,,,,,,,,,,,,,,,
1212264720934344,100064524835805,Shreelaxmistonedepot,"गोमातेचे पूजन करून साजरी करूया वसुबारस! 🌼
आईच्या मायेप्रमाणेच गाईचे स्थान आपल्या संस्कृतीत पवित्र आहे.
या शुभ वसुबारसदिनी गोसेवेचा आणि समृद्धीचा संकल्प करूया! 🐄✨

📍 Shree Laxmi Stone Depot
📞 +91 99227 20095
🌐 shreelaxmistonedepot.com

#Vasubaras #Vasubaras2025 #ShreeLaxmiStoneDepot #HappyVasubaras #DiwaliFestival #GoMataPujan #IndianTradition #FestiveVibes #StoneTilesSanitaryware #CulturalCelebration #DiwaliBegins",,0,"10/16/2025 19:30",N/A,https://www.facebook.com/Shreelaxmistonedepot/posts/pfbid02SLP3zEp6Qd8kpC6V8xuvbzMKscsemkkfUJtQdbtUQfJwZ9sPCkMD4UwE2eSYH8yUl,0,0,Photos,,,,,Lifetime,10,10,0,8,8,0,0,0,0,0,0,0,0,0,0,0,0,0,0,0,0,0,0,0,0,0,0,0,0,0,,,,,,,,,,,,,,,,,,,,,,,,,,,,,,,,,,,,,,,,,,,,,,,,,,,,,,,,,,,,,,,,,,,,,,,,,,,,,,,,,,,
1201906855303464,100064524835805,Shreelaxmistonedepot,"Wishing you and your family a very Happy Kojagiri Purnima! May the moonlight, softness, generosity, and love of the moon bring happiness to your home.

📞 99227 20095
 🌐 shreelaxmistonedepot.com

#KojagiriPurnima #Kojagiri #Purnima #KojagiriPurnima2025 #Festival #IndianFestival #FullMoon #HappyKojagiriPurnima",,0,"10/05/2025 22:43",N/A,https://www.facebook.com/Shreelaxmistonedepot/posts/pfbid0WWcLWyiNxqWohyfZxaieZJwU8iX6YJcGaR1veicxHUcUkw8wwQSfdV3NnvTm6dgBl,0,0,Photos,,,,,Lifetime,11,11,0,9,9,0,0,0,0,0,0,0,0,0,0,0,0,0,0,0,0,0,0,0,0,0,0,0,0,0,,,,,,,,,,,,,,,,,,,,,,,,,,,,,,,,,,,,,,,,,,,,,,,,,,,,,,,,,,,,,,,,,,,,,,,,,,,,,,,,,,,
1197964419031041,100064524835805,Shreelaxmistonedepot,"Happy Dussehra from Shree Laxmi Stone Depot! May the blessings of Lord Rama fill your life with joy and prosperity. Celebrate the triumph of good over evil with us.

Phone: +91 99227 20095
Website: shreelaxmistonedepot.com
Locations: Mangalwar Peth & Kharadi

#Dussehra #HappyDussehra #LordRama #Vijayadashami #ShreeLaxmiStoneDepot #StoneTilesSanitaryware #FestivalOfVictory #GoodOverEvil #IndianFestival",,0,"10/01/2025 19:30",N/A,https://www.facebook.com/Shreelaxmistonedepot/posts/pfbid02fS9zACWB58vv9Ui8sZtPzcX6HffbEfdzchpNm9aws1ZCVBEMoeSS7pGLiXrFRuo5l,0,0,Photos,,,,,Lifetime,11,11,0,9,9,0,0,0,0,0,0,0,1,1,0,0,0,0,0,0,0,0,0,0,0,0,0,0,0,0,,,,,,,,,,,,,,,,,,,,,,,,,,,,,,,,,,,,,,,,,,,,,,,,,,,,,,,,,,,,,,,,,,,,,,,,,,,,,,,,,,,
1197964289031054,100064524835805,Shreelaxmistonedepot,"Celebrating the timeless legacy of Mahatma Gandhi this Gandhi Jayanti! His principles of peace and non-violence continue to inspire generations. Happy Gandhi Jayanti from SHREE LAXMI STONE DEPOT! 

Phone: +91 99227 20095
Website: shreelaxmistonedepot.com

#GandhiJayanti #MahatmaGandhi #FatherOfTheNation #Peace #NonViolence #Inspiration #ShreeLaxmiStoneDepot #StoneTilesSanitaryware #MangalwarPeth #Kharadi",,0,"10/01/2025 19:30",N/A,https://www.facebook.com/Shreelaxmistonedepot/posts/pfbid0jD869meTtNyWqjV1XedYBztSpRitptUcVfjVGMzvT5k1oH3JHHSnDKHQaFK3FiGPl,0,0,Photos,,,,,Lifetime,9,9,0,7,7,0,0,0,0,0,0,0,1,1,0,0,0,0,0,0,0,0,0,0,0,0,0,0,0,0,,,,,,,,,,,,,,,,,,,,,,,,,,,,,,,,,,,,,,,,,,,,,,,,,,,,,,,,,,,,,,,,,,,,,,,,,,,,,,,,,,,
1189092296584920,100064524835805,Shreelaxmistonedepot,"✨🌸 Shree Laxmi Stone Depot wishes you a very Happy Navratri! 🌸✨
May this festive season bring peace, prosperity, and happiness to your life. 🙏💫

📍 Visit us: Manglwar Peth & Kharadi
📞 Call: +91 99227 20095
🌐 Website: shreelaxmistonedepot.com

#HappyNavratri #Navratri2025 #FestivalVibes #ShreeLaxmiStoneDepot #NavratriCelebration #PeaceAndProsperity #NavratriFestival #Blessings #Tiles #Sanitaryware #StoneDesigns",,0,"09/21/2025 19:30",N/A,https://www.facebook.com/Shreelaxmistonedepot/posts/pfbid02z6ySfehbrmQrCtZUSikuEEDUtUKNADCJEWnNBkAogwTd1PhoFeant14gTmEYBhAJl,0,0,Photos,,,,,Lifetime,19,19,0,10,10,0,0,0,0,0,0,0,1,1,0,0,0,0,0,0,0,0,0,0,0,0,0,0,0,0,,,,,,,,,,,,,,,,,,,,,,,,,,,,,,,,,,,,,,,,,,,,,,,,,,,,,,,,,,,,,,,,,,,,,,,,,,,,,,,,,,,
1183165223844294,100064524835805,Shreelaxmistonedepot,"On this National Engineer’s Day, we salute the visionaries who build the future, brick by brick, idea by idea.
Just like strong stones form the base of every structure, engineers form the base of progress and innovation.
Happy Engineer’s Day from Shree Laxmi Stone Depot! 🏗️✨

📍 Mangalwar Peth & Kharadi
📞 +91 99227 20095
🌐 shreelaxmistonedepot.com

#EngineersDay #NationalEngineersDay #ShreeLaxmiStoneDepot #BuildingTheFuture #Innovation #EngineeringExcellence #StoneTilesSanitaryware #ConstructionMaterials #FoundationOfProgress #EngineersOfIndia",,0,"09/15/2025 00:52",N/A,https://www.facebook.com/Shreelaxmistonedepot/posts/pfbid0cmJCFGq1v3cEVq17P4XuSzxC1CwihyxZHsGYDPFhbruKRVJkvV7SUSeXSHDcEYv1l,0,0,Photos,,,,,Lifetime,28,28,0,10,10,0,0,0,0,0,0,0,0,0,0,0,0,0,0,0,0,0,0,0,0,0,0,0,0,0,,,,,,,,,,,,,,,,,,,,,,,,,,,,,,,,,,,,,,,,,,,,,,,,,,,,,,,,,,,,,,,,,,,,,,,,,,,,,,,,,,,
1181205057373644,100064524835805,Shreelaxmistonedepot,"✨Festive Makeover for Your Home! ✨
Upgrade with Jaquar, Kajaria, Johnson & MYK – stylish designs, premium quality & festive discounts. 🏡💫
Hurry, limited period offers – book now! 🎉

#FestiveOffer #HomeUpgrade #ShreeLaxmiStoneDepot #JaquarSanitaryware #KajariaTiles #JohnsonBathware #MYKLaticrete #BathroomUpgrade #DreamKitchen #HomeMakeover",,0,"09/12/2025 19:30",N/A,https://www.facebook.com/Shreelaxmistonedepot/posts/pfbid0bZHxS8QNzUR6pGRABVczg2PQcmjftoLC9kkuC1XnYnKVe6kxLtcp2dw49XAWc9Npl,0,0,Photos,,,,,Lifetime,22,22,0,12,12,0,0,0,0,0,0,0,0,0,0,0,0,0,0,0,0,0,0,0,0,0,0,0,0,0,,,,,,,,,,,,,,,,,,,,,,,,,,,,,,,,,,,,,,,,,,,,,,,,,,,,,,,,,,,,,,,,,,,,,,,,,,,,,,,,,,,
1175547717939378,100064524835805,Shreelaxmistonedepot,"🌸🙏 अनंत चतुर्दशीच्या हार्दिक शुभेच्छा!
आजच्या या शुभदिनी बाप्पाचे आशीर्वाद तुमच्या जीवनात सुख, समृद्धी आणि सकारात्मकता घेऊन येवोत. 💫✨

📞 Contact: +91 99227 20095
📍 Mangalwar Peth & Kharadi
🌐 Visit: shreelaxmistonedepot.com

#AnantChaturdashi #GanpatiBappaMorya
 #GaneshVisarjan #Ganeshotsav2025
#BappaBlessings#GanpatiFestival
 #DivineBlessings",,0,"09/05/2025 19:30",N/A,https://www.facebook.com/Shreelaxmistonedepot/posts/pfbid02GGeptykiGfDpms9iHqBzwCrrVTquBSgQp3HrVAk4TR68ATHPF68eWVGXiTyXv5bkl,0,0,Photos,,,,,Lifetime,23,23,0,14,14,0,0,0,0,0,0,0,1,1,0,0,0,0,0,0,0,0,0,0,0,0,0,0,0,0,,,,,,,,,,,,,,,,,,,,,,,,,,,,,,,,,,,,,,,,,,,,,,,,,,,,,,,,,,,,,,,,,,,,,,,,,,,,,,,,,,,
1175547524606064,100064524835805,Shreelaxmistonedepot,"Since 1962, delivering Stylish Tiles & Strong Adhesives under one roof!
Trusted by 3 generations | Instant Delivery | Lowest Rates 🏗️
📍 Supplying All Over Pune

📞 9922720095 | 9975670067

#ShreeLaxmiStoneDepot #StylishTiles
 #StrongAdhesive #BuildingMaterialsPune
 #ConstructionEssentials #TilesAndAdhesives
 #TrustedSince1962 #LowestRatesGuaranteed",,0,"09/05/2025 19:30",N/A,https://www.facebook.com/Shreelaxmistonedepot/posts/pfbid0nw97LeWgCgLH9sjDndAi8w8puZp71vZPjATYtg512xYDqTjjNwGAEzuZcUgG8Kuml,0,0,Photos,,,,,Lifetime,29,29,0,18,18,0,0,0,0,0,0,0,1,1,0,0,0,0,0,0,0,0,0,0,0,0,0,0,0,0,,,,,,,,,,,,,,,,,,,,,,,,,,,,,,,,,,,,,,,,,,,,,,,,,,,,,,,,,,,,,,,,,,,,,,,,,,,,,,,,,,,
1174761794684637,100064524835805,Shreelaxmistonedepot,"Eid-e-Milad Mubarak ✨
On this blessed occasion, may peace, prosperity, and happiness fill your life with light and positivity. 🌙🕌
Wishing you and your family a joyous celebration of Eid-e-Milad!

#EidEMilad #EidMiladUnNabi #PeaceAndProsperity #Blessings #Faith #Harmony #JoyfulOccasion #ShreeLaxmiStoneDepot #EidMubarak2025",,0,"09/04/2025 19:30",N/A,https://www.facebook.com/Shreelaxmistonedepot/posts/pfbid02C5LHSfqwhgKBYGwaEBq1q6nKoxNEecLp7t4jJa7tRCRkvzJ9kbMv7K2TWXiSRxxrl,0,0,Photos,,,,,Lifetime,26,26,0,19,19,0,0,0,0,0,0,0,1,1,0,0,0,0,0,0,0,0,0,0,0,0,0,0,0,0,,,,,,,,,,,,,,,,,,,,,,,,,,,,,,,,,,,,,,,,,,,,,,,,,,,,,,,,,,,,,,,,,,,,,,,,,,,,,,,,,,,
1167805062046977,100064524835805,Shreelaxmistonedepot,"On this auspicious occasion of Ganesh Chaturthi, may Lord Ganesha bless your life with happiness, prosperity, and success. 🙏✨
Let every new beginning be filled with positivity and growth. 🌸🐘

Happy Ganesh Chaturthi!
.
#GaneshChaturthi #GanpatiBappaMorya #LordGanesha #DivineBlessings #Prosperity #Success #Happiness #NewBeginnings #FestiveVibes #Blessings #PositiveEnergy #Spirituality #GaneshUtsav #GanpatiFestival #FestiveSeason #PeaceAndProsperity #TraditionalCelebration #JoyAndHappiness #FestivalOfFaith #HappyGaneshChaturthi",,0,"08/26/2025 20:00",N/A,https://www.facebook.com/Shreelaxmistonedepot/posts/pfbid0iTz7NxAb29JE6gpR8x7n8j2Fkt4Eq8GxMKjPtxso3ktVMRB2YXYQebyroGe7h9FAl,0,0,Photos,,,,,Lifetime,48,48,0,27,27,0,0,0,0,0,0,0,0,0,0,0,0,0,0,0,0,0,0,0,0,0,0,0,0,0,,,,,,,,,,,,,,,,,,,,,,,,,,,,,,,,,,,,,,,,,,,,,,,,,,,,,,,,,,,,,,,,,,,,,,,,,,,,,,,,,,,
1167788238715326,100064524835805,Shreelaxmistonedepot,"💪 Build floors that last with LATASCREED 100 – the ultimate screed solution for stronger, smarter, and flawless finishes. From high strength to crack-free flexibility, it’s the perfect choice for long-lasting floors & walls! 🏗️✨

📍 Available at Shree Laxmi Stone Depot – Manglwar Peth & Kharadi.

#LATASCREED100 #FlooringSolutions #ConstructionMaterials #StrongFloors #SmartFinishes #ImpactResistant #WaterResistant #CrackFreeFloors #BuildingMaterials #ShreeLaxmiStoneDepot",,0,"08/26/2025 19:30",N/A,https://www.facebook.com/Shreelaxmistonedepot/posts/pfbid0aJzj1xmaQwpyKBCQMdUqBppKucAPYG2gVaX5WyqSGcgmhrPJexSRnFuExbmsjKZBl,0,0,Photos,,,,,Lifetime,48,48,0,23,23,0,0,0,0,0,0,0,0,0,0,0,0,0,0,0,0,0,0,0,0,0,0,0,0,0,,,,,,,,,,,,,,,,,,,,,,,,,,,,,,,,,,,,,,,,,,,,,,,,,,,,,,,,,,,,,,,,,,,,,,,,,,,,,,,,,,,
1166138988880251,100064524835805,Shreelaxmistonedepot,"🔹 Upgrade your tiling projects with Laticrete 325 High Flex – the ultimate solution for durability, flexibility, and water resistance! 💪✨
Perfect for ceramic, vitrified, glass mosaic, and stone applications – indoors or outdoors. 🌟
✔ Extra Strong Grip
✔ Water & Shock Resistant
✔ Easy to Use – Just Add Water

👉 Available at Shree Laxmi Stone Depot – Your trusted partner in quality stone & tile solutions.

📍 Visit us at Mangalwar Peth & Kharadi
📞 +91 99227 20095

#Laticrete325 #HighFlex #TileAdhesive #StoneDepot #ShreeLaxmiStoneDepot #TileSolutions #FlooringSolutions #InteriorDesign #ExteriorDesign #ConstructionMaterials #DurableTiles #WaterResistant #StrongGrip #BuildingSolutions #QualityTiles",,0,"08/24/2025 19:30",N/A,https://www.facebook.com/Shreelaxmistonedepot/posts/pfbid025dHfuJEkCNp86XyLqwhQaibmvocZEKCzhiE7Vg5F8WECxN4AcnXKCKay9hdGMi7Ul,0,0,Photos,,,,,Lifetime,62,62,0,28,28,0,0,0,0,0,0,0,0,0,0,0,0,0,0,0,0,0,0,0,0,0,0,0,0,0,,,,,,,,,,,,,,,,,,,,,,,,,,,,,,,,,,,,,,,,,,,,,,,,,,,,,,,,,,,,,,,,,,,,,,,,,,,,,,,,,,,
1164511599042990,100064524835805,Shreelaxmistonedepot,"🏗️ Upgrade Your Tiles with LATICRETE 315 PLUS – Premium Tile Adhesive!
✔ High Bond Strength – Long-lasting hold
✔ Works for Tile-on-Tile & New Tiling
✔ Easy Application – Just Add Water
✔ Perfect for Ceramic, Vitrified & Natural Stone

Available in Grey & White | 20 kg & 50 kg bags | Coverage: 55–60 sq. ft.

👉 For strong, durable & perfect tiles – choose Shree Laxmi Stone Depot!
📞 +91 99227 20095

#Laticrete315Plus #TileAdhesive #TileOnTile #PremiumTileAdhesive #MYKLaticrete #ShreeLaxmiStoneDepot #TilesThatLast #FlooringSolutions #StrongBond #TileWork #ConstructionMaterials #BuildersChoice #CeramicTiles #VitrifiedTiles #NaturalStoneTiles #InteriorDesign #HomeRenovation",,0,"08/22/2025 19:30",N/A,https://www.facebook.com/Shreelaxmistonedepot/posts/pfbid023y5FekKJJZmuN1Eq3fYEWaTpoJKwrTaQMf9Qbr1x6epMnxEL2KMgZiHvDJxKALcGl,0,0,Photos,,,,,Lifetime,53,53,0,26,26,0,0,0,0,0,0,0,0,0,0,0,0,0,0,0,0,0,0,0,0,0,0,0,0,0,,,,,,,,,,,,,,,,,,,,,,,,,,,,,,,,,,,,,,,,,,,,,,,,,,,,,,,,,,,,,,,,,,,,,,,,,,,,,,,,,,,
1162886602538823,100064524835805,Shreelaxmistonedepot,"✨ Strong. Durable. Easy. ✨
Give your tiles the perfect grip with LATAFIX 305 – just add water & fix! 🛠️
✔ Floors & Walls
✔ Long-lasting Bond
✔ Economical & Easy
✔ Works on Cement, Plaster, Brick & Terrazzo

Available in 20 kg & 50 kg bags | Covers up to 60 sq. ft. | Grey

📍 Shree Laxmi Stone Depot – Quality Begins Here!
📞 +91 99227 20095

#Latafix305 #TileAdhesive #TileFixing #MYKLaticrete #ShreeLaxmiStoneDepot #TileWork #StrongBond #ConstructionMaterials #TilesThatStayPerfect #FlooringSolutions #InteriorDesign #HomeRenovation #BuildersChoice #TilesAndStone #QualityThatLasts",,0,"08/20/2025 19:30",N/A,https://www.facebook.com/Shreelaxmistonedepot/posts/pfbid02NssVA97svGPxCwFQDqe7t9fWLpcHR8zNe1bafYFHazV3Lzq5ykjEtutVckyCqczzl,0,0,Photos,,,,,Lifetime,54,54,0,25,25,0,0,0,0,0,0,0,0,0,0,0,0,0,0,0,0,0,0,0,0,0,0,0,0,0,,,,,,,,,,,,,,,,,,,,,,,,,,,,,,,,,,,,,,,,,,,,,,,,,,,,,,,,,,,,,,,,,,,,,,,,,,,,,,,,,,,
1157930396367777,100064524835805,Shreelaxmistonedepot,"Celebrating Krishna Janmashtami ✨
On this auspicious day, may Lord Krishna’s blessings bring you joy, peace, and prosperity. Let love, devotion, and happiness fill your home. 🪔💛
Happy Krishna Janmashtami! 🙏🎶

📞 +91 99227 20095
🌐 shreelaxmistonedepot.com

#KrishnaJanmashtami #Janmashtami #LordKrishna #ShreeKrishna #KrishnaBhakti #KrishnaPrem #DivineLove #Bhakti #FestivalVibes #KrishnaBlessings #PuneBusiness #ShreeLaxmiStoneDepot #KrishnaMurti #KrishnaFlute #HareKrishna",,0,"08/14/2025 20:01",N/A,https://www.facebook.com/Shreelaxmistonedepot/posts/pfbid02X3WrP7QSFxvLFfsLnvgkkEb9AWATvrkKrWtYevdagr7oMjJVsdzEoG47ZEEZ2Drwl,0,0,Photos,,,,,Lifetime,36,36,0,23,23,0,0,0,0,0,0,0,0,0,0,0,0,0,0,0,0,0,0,0,0,0,0,0,0,0,,,,,,,,,,,,,,,,,,,,,,,,,,,,,,,,,,,,,,,,,,,,,,,,,,,,,,,,,,,,,,,,,,,,,,,,,,,,,,,,,,,
1157911003036383,100064524835805,Shreelaxmistonedepot,"Happy Independence Day! 
Let’s celebrate the unity, diversity, and dreams that make India shine.
Our freedom is our strength — let’s stand together and keep building a brighter future. ✨

📞 +91 99227 20095
🌐 shreelaxmistonedepot.com

#HappyIndependenceDay #IndiaAt78 #ProudToBeIndian #UnityInDiversity #ShreeLaxmiStoneDepot #QualityBeginsHere #FreedomForAll #IndianFlag #15August #IndiaPride #MadeInIndia",,0,"08/14/2025 19:30",N/A,https://www.facebook.com/Shreelaxmistonedepot/posts/pfbid021H6EnnJNf2nbE1gmkPK5HMM4DZPz23ZsyVc4RskKFBQey996B9nN4qrdYrVuMtWl,0,0,Photos,,,,,Lifetime,35,35,0,23,23,0,0,0,0,0,0,0,1,1,0,0,0,0,0,0,0,0,0,0,0,0,0,0,0,0,,,,,,,,,,,,,,,,,,,,,,,,,,,,,,,,,,,,,,,,,,,,,,,,,,,,,,,,,,,,,,,,,,,,,,,,,,,,,,,,,,,
1153000890194061,100064524835805,Shreelaxmistonedepot,"1️⃣ This Raksha Bandhan, celebrate the bond of love, trust, and protection ❤️✨
From tying the sacred Rakhi to sharing sweets, let’s cherish every moment that strengthens our relationships. 💫
Shree Laxmi Stone Depot wishes you a joyful and blessed Rakhi! 🎁🌸

📞 +91 99227 20095
🌐 shreelaxmistonedepot.com

#RakshaBandhan #SiblingLove #BrotherSister #FestivalOfLove #Rakhi2025 #BondOfLove #SiblingGoals #BrotherAndSister #FamilyBond #FestivalVibes #JoyOfTogetherness #TraditionWithLove #CelebrateWithUs #HappyRakhi #ShreeLaxmiStoneDepot",,0,"08/08/2025 19:30",N/A,https://www.facebook.com/Shreelaxmistonedepot/posts/pfbid02Cq8GWhrU8yYp6eYVvunoAfcrXsQPob1i3R9tSMnh5scB4xMwHtCfcwUnFokkp1v3l,0,0,Photos,,,,,Lifetime,35,35,0,21,21,0,0,0,0,0,0,0,1,1,0,0,0,0,0,0,0,0,0,0,0,0,0,0,0,0,,,,,,,,,,,,,,,,,,,,,,,,,,,,,,,,,,,,,,,,,,,,,,,,,,,,,,,,,,,,,,,,,,,,,,,,,,,,,,,,,,,
1144257214401762,100064524835805,Shreelaxmistonedepot,"Celebrate the divine blessings of Nag Panchami.
May Lord Shiva and the serpent deities bring you peace, prosperity, and protection.
Happy Nag Panchami

📞9922720095
🌐 Shreelaxmistonedepot.com

#NagPanchami #NagPanchami2025 #HarHarMahadev #ShreeLaxmiStoneDepot #LordShiva #Blessings #PositiveVibes #Spirituality #HinduFestival #DivineBlessings",,0,"07/28/2025 21:30",N/A,https://www.facebook.com/Shreelaxmistonedepot/posts/pfbid0ZjgoG9aKFxJs3dGgs5sdtPyNvfAUzYveqhQHPXjdpvVPA9uUPxz3RSf5J9BhfrqRl,0,0,Photos,,,,,Lifetime,42,42,0,19,19,0,0,0,0,0,0,0,0,0,0,0,0,0,0,0,0,0,0,0,0,0,0,0,0,0,,,,,,,,,,,,,,,,,,,,,,,,,,,,,,,,,,,,,,,,,,,,,,,,,,,,,,,,,,,,,,,,,,,,,,,,,,,,,,,,,,,
1137920745035409,100064524835805,Shreelaxmistonedepot,"Flawless Finish, Timeless Shine!
Discover the next level of durability and elegance with our polymer film-coated kitchen sinks – resistant to stains, easy to clean, and made to last. A perfect blend of functionality and flawless design for every modern kitchen

📞 Contact Now: +91 99227 20095
📍 Mangalwar Peth & Kharadi, Pune
🌐 www.shreelaxmistonedepot.com

#KitchenElegance #PolymerCoatedSink #FlawlessFinish #ModernKitchenDesign #EasyToClean #DurableSink #StainResistant #HomeInteriors #KitchenInspo #SmartKitchen #StylishSink #InteriorUpgrade #FunctionalDesign #CoatedSink #HomeAesthetics","Flawless Finish, Timeless Shine!
Discover the next level of durability and elegance with our polymer film-coated kitchen sinks – resistant to stains, easy to clean, and made to last. A perfect blend of functionality and flawless design for every modern kitchen

📞 Contact Now: +91 99227 20095
📍 Mangalwar Peth & Kharadi, Pune
🌐 www.shreelaxmistonedepot.com

#KitchenElegance #PolymerCoatedSink #FlawlessFinish #ModernKitchenDesign #EasyToClean #DurableSink #StainResistant #HomeInteriors #KitchenInspo #SmartKitchen #StylishSink #InteriorUpgrade #FunctionalDesign #CoatedSink #HomeAesthetics",39,"07/20/2025 19:30",uploaded,https://www.facebook.com/reel/1566671527640710/,1,0,Reels,,,,,Lifetime,57,57,0,32,32,0,17,,,,0,17,1,1,0,0,,,,,,,,,,,,,,,383.622,7.992,1,1,1,1,0.88,0.63,0.5,0.44,0.38,0.38,0.31,0.25,0.25,0.25,0.25,0.25,0.25,0.25,0.25,0.25,0.13,0.13,0.06,0.06,0.06,0.06,0.06,0.06,0.06,0.06,0.06,0.13,0.13,0.13,0.13,0.13,0.13,0.13,0.13,0.13,0.13,0,0,,,,,,,,,,,,,,,,,,,,,,,,,,,,,,,,,,,,,,
1136382091855941,100064524835805,Shreelaxmistonedepot,"Ivory Blush – Wood Collection
A perfect blend of ceramic strength and wood sophistication.
Elegant Relief Matt Finish | Natural Texture | Timeless Warmth
🪵 Ceramic by Strength – Wood by Sophistication
Ideal for living rooms, bedrooms & cozy spaces

 📞 Contact Now: +91 99227 20095
📍 Mangalwar Peth & Kharadi, Pune
🌐 www.shreelaxmistonedepot.com

#IvoryBlush #WoodCollection #ReliefMattFini#WoodCollection #ReliefMattFini#woodsophisticationsh #CeramicTiles  
#WoodLookTiles #SophisticatedDesign #ModernInteriors  
#SLSD #ShreeLaxmiStoneDepot #CeramicStrength #WoodSophistication","Ivory Blush – Wood Collection
A perfect blend of ceramic strength and wood sophistication.
Elegant Relief Matt Finish | Natural Texture | Timeless Warmth
🪵 Ceramic by Strength – Wood by Sophistication
Ideal for living rooms, bedrooms & cozy spaces

 📞 Contact Now: +91 99227 20095
📍 Mangalwar Peth & Kharadi, Pune
🌐 www.shreelaxmistonedepot.com

#IvoryBlush #WoodCollection #ReliefMattFini#WoodCollection #ReliefMattFini#woodsophisticationsh #CeramicTiles  
#WoodLookTiles #SophisticatedDesign #ModernInteriors  
#SLSD #ShreeLaxmiStoneDepot #CeramicStrength #WoodSophistication",30,"07/18/2025 19:31",N/A,https://www.facebook.com/reel/2565728180453091/,1,0,Reels,,,,,Lifetime,97,97,0,42,42,0,20,,,,0,20,6,5,0,1,,,,,,,,,,,,,,,330.239,3.513,1,1,1,1,0.7,0.65,0.65,0.55,0.45,0.45,0.45,0.4,0.4,0.35,0.35,0.3,0.3,0.3,0.3,0.3,0.3,0.2,0.15,0.15,0.15,0.15,0.15,0.15,0.15,0.15,0.15,0.15,0.15,,,,,,,,,0,0,,,,,,,,,,,,,,,,,,,,,,,,,,,,,,,,,,,,,,
1134879135339570,100064524835805,Shreelaxmistonedepot,"🏔️ Strato Collection by Highland Sand & Decor
Elevate your space with the bold elegance of Matt Finish Tiles –
Size: 800x1600mm | Premium | Sleek | Timeless
Perfect for living rooms, offices & luxury interiors

📞 Contact Now: +91 99227 20095
📍 Mangalwar Peth & Kharadi, Pune
🌐 www.shreelaxmistonedepot.com

#HighlandSandAndDecor #StratoCollection #MattFinishTiles  
#PremiumTiles #SLSD #ShreeLaxmiStoneDepot  
#ModernInteriors #LuxuryFloors #TileDesign #HomeInspiration  
#ArchitecturalTiles #InteriorDecorIndia #PuneInteriors","🏔️ Strato Collection by Highland Sand & Decor
Elevate your space with the bold elegance of Matt Finish Tiles –
Size: 800x1600mm | Premium | Sleek | Timeless
Perfect for living rooms, offices & luxury interiors

📞 Contact Now: +91 99227 20095
📍 Mangalwar Peth & Kharadi, Pune
🌐 www.shreelaxmistonedepot.com

#HighlandSandAndDecor #StratoCollection #MattFinishTiles  
#PremiumTiles #SLSD #ShreeLaxmiStoneDepot  
#ModernInteriors #LuxuryFloors #TileDesign #HomeInspiration  
#ArchitecturalTiles #InteriorDecorIndia #PuneInteriors",33,"07/16/2025 19:30",N/A,https://www.facebook.com/reel/1291804425679153/,1,0,Reels,,,,,Lifetime,34,34,0,27,27,0,8,,,,0,8,0,0,0,0,,,,,,,,,,,,,,,196.553,6.34,1,1,1,1,0.88,0.5,0.5,0.38,0.38,0.25,0.25,0.25,0.25,0.25,0.25,0.25,0.13,0.13,0.13,0.13,0.13,0.13,0.13,0.13,0.13,0.13,0.13,0.13,0.13,0.13,0.13,0.13,0.13,0.13,0.13,0.13,0.13,,,,,0,0,,,,,,,,,,,,,,,,,,,,,,,,,,,,,,,,,,,,,,
1133369362157214,100064524835805,Shreelaxmistonedepot,"✨ Elevate your surfaces with style & strength!
Discover the unique textures – Leather | Feather | Lavaline | Texturax
Perfect for premium interiors & bold exteriors.
Only at SLSD – Shree Laxmi Stone Depo

📞 Contact Now: +91 99227 20095
📍 Mangalwar Peth & Kharadi, Pune
🌐 www.shreelaxmistonedepot.com

#SLSD #ShreeLaxmiStoneDepot #LeatherTexture #FeatherTexture  
#LavalineFinish #TexturaxFinish #PremiumFlooring #WallTextures  
#InteriorDesignIndia #ArchitecturalSurfaces #StoneDepot #TexturedFinishes  
#LuxuryInteriors #ModernSpaces #HomeDesign #TilesAndTextures  
#PuneInteriors #MaharashtraInteriors #BuildingMaterials","✨ Elevate your surfaces with style & strength!
Discover the unique textures – Leather | Feather | Lavaline | Texturax
Perfect for premium interiors & bold exteriors.
Only at SLSD – Shree Laxmi Stone Depo

📞 Contact Now: +91 99227 20095
📍 Mangalwar Peth & Kharadi, Pune
🌐 www.shreelaxmistonedepot.com

#SLSD #ShreeLaxmiStoneDepot #LeatherTexture #FeatherTexture  
#LavalineFinish #TexturaxFinish #PremiumFlooring #WallTextures  
#InteriorDesignIndia #ArchitecturalSurfaces #StoneDepot #TexturedFinishes  
#LuxuryInteriors #ModernSpaces #HomeDesign #TilesAndTextures  
#PuneInteriors #MaharashtraInteriors #BuildingMaterials",18,"07/14/2025 19:30",N/A,https://www.facebook.com/reel/2065945527261803/,1,0,Reels,,,,,Lifetime,26,26,0,21,21,0,7,,,,0,7,0,0,0,0,,,,,,,,,,,,,,,98.959,4.302,1,1,1,1,0.86,0.86,0.71,0.71,0.57,0.57,0.43,0.29,0.29,0.29,0.29,0.29,0.29,0.29,0.29,0.29,0.29,,,,,,,,,,,,,,,,,,,,,0,0,,,,,,,,,,,,,,,,,,,,,,,,,,,,,,,,,,,,,,
1132637078897109,100064524835805,Shreelaxmistonedepot,"Give your walls a bold makeover with TexturaX –
Where color meets texture, and style meets substance.
🟨🟥🟩 Perfect for modern homes and timeless elegance.

📞 Call Now: +91 99227 20095
🌐 shreelaxmistonedepot.com
📍 Available at: Mangalwar Peth & Kharadi

#TexturaX #ShreeLaxmiStoneDepot #WallDesigns #TexturedWalls #BoldInteriors #InteriorTrends #HomeDecorIndia #TilesAndStones #PuneInteriors #ModernLiving #VibrantWalls #LuxuryInteriors #TilesDesigns #InteriorDesignPune",,0,"07/13/2025 21:30",N/A,https://www.facebook.com/Shreelaxmistonedepot/posts/pfbid05bDP6foBzRHae959zcjHDG5xd7YuVaVBmbELrZUv8ZaBi6bkJ7G7Y1ih3daXfnYnl,0,0,Photos,,,,,Lifetime,47,47,0,14,14,0,0,0,0,0,0,0,0,0,0,0,0,0,0,0,0,0,0,0,0,0,0,0,0,0,,,,,,,,,,,,,,,,,,,,,,,,,,,,,,,,,,,,,,,,,,,,,,,,,,,,,,,,,,,,,,,,,,,,,,,,,,,,,,,,,,,
1131103172383833,100064524835805,Shreelaxmistonedepot,"Transform plain walls into art with our vibrant Feather Collection. Stylish, durable, and perfect for modern interiors.
✨ Available now at Shree Laxmi Stone Depot – Mangalwar Peth & Kharadi.

📞 Call us today: +91 99227 20095
🌐 shreelaxmistonedepot.com

#FeatherCollection #WallTiles #InteriorDesign #ShreeLaxmiStoneDepot #LuxuryWalls #TileDesign #HomeDecor #ModernSpaces #3DTiles #WallElegance #PuneInteriors #TilesInPune #Sanitaryware #MangalwarPeth #KharadiDecor #ArchitectChoice #HomeRenovation",,0,"07/11/2025 22:02",N/A,https://www.facebook.com/Shreelaxmistonedepot/posts/pfbid02h7MQraDbKgvsqtooSpALNryrPyKswpw2tCgnEsQNNFQ1K8DxCat8jWNfEwmmdq9Kl,0,0,Photos,,,,,Lifetime,41,41,0,19,19,0,0,0,0,0,0,0,1,1,0,0,0,0,0,0,0,0,0,0,0,0,0,0,0,0,,,,,,,,,,,,,,,,,,,,,,,,,,,,,,,,,,,,,,,,,,,,,,,,,,,,,,,,,,,,,,,,,,,,,,,,,,,,,,,,,,,
1129506069210210,100064524835805,Shreelaxmistonedepot,"🙏 गुरुपौर्णिमेच्या हार्दिक शुभेच्छा! 🙏
गुरुंच्या मार्गदर्शनासारखं तुमचं घरही सुंदर आणि मजबूत असावं, यासाठी घ्या दर्जेदार Tiles, Granite आणि MYK प्रॉडक्ट्स फक्त Shree Laxmi Stone Depot कडून!
तुमच्या स्वप्नातील घर आजच साकार करा...

📍 मंगलवार पेठ आणि खराडी
📞 +91 99227 20095
🌐 www.shreelaxmistonedepot.com

#गुरुपौर्णिमा2025 #GuruPurnima #ShreeLaxmiStoneDepot #Tiles #Granite #MYKProducts #गृहसजावट #आंतरभूतडिझाईन #पुणेव्यापार #QualityBeginsHere #HomeDecor #GraniteDesign #TilesDesign #Sanitaryware #DreamHome #PuneBusiness",,0,"07/09/2025 19:30",N/A,https://www.facebook.com/Shreelaxmistonedepot/posts/pfbid0x67wyFg1mtwbtRHEC423rnL845rjSG9oRqHaqYoYULV4XRiA9oz5VGe3ZoWUwfLVl,0,0,Photos,,,,,Lifetime,35,35,0,15,15,0,0,0,0,0,0,0,0,0,0,0,0,0,0,0,0,0,0,0,0,0,0,0,0,0,,,,,,,,,,,,,,,,,,,,,,,,,,,,,,,,,,,,,,,,,,,,,,,,,,,,,,,,,,,,,,,,,,,,,,,,,,,,,,,,,,,
1128033562690794,100064524835805,Shreelaxmistonedepot,"From Kitchens to Bathrooms – SLSD brings colour, charm, and character to every corner of your home.
Whether it's the mango season glow, aqua mist freshness, or peachy luxury, our exclusive tile collection adds a playful yet premium touch to your interiors.
✨ SLSD – Where style meets surface.

🧱 Stone | Tiles | Sanitaryware
📍 Mangalwar Peth & Kharadi
📞 +91 99227 20095
🌐 shreelaxmistonedepot.com

#ShreeLaxmiStoneDepot #SLSD #TilesWithStyle #InteriorTiles #BathroomDesign #KitchenDecor #HomeInteriors #LuxuryTiles #MangoSeasonTiles #AquaMist #PeachLuxury #StoneTiles #SanitarywareSolutions #PuneTiles #ModernInteriors #TileGoals #WallDesign #CreativeInteriors #ColorfulTiles #HomeStyling",,0,"07/07/2025 19:30",N/A,https://www.facebook.com/Shreelaxmistonedepot/posts/pfbid02aNMECU1fmdGXwT5K2mbNv61kTvaM68Le8R9oF9LLDyYPDrX7kZRqqaMaA4b7Xi3l,0,0,Photos,,,,,Lifetime,36,36,0,14,14,0,0,0,0,0,0,0,0,0,0,0,0,0,0,0,0,0,0,0,0,0,0,0,0,0,,,,,,,,,,,,,,,,,,,,,,,,,,,,,,,,,,,,,,,,,,,,,,,,,,,,,,,,,,,,,,,,,,,,,,,,,,,,,,,,,,,
1127501962743954,100064524835805,Shreelaxmistonedepot,"Transform your space, one tile at a time!

From timeless textures to bold patterns, explore the finest collection of tiles and surfaces at Shree Laxmi Stone Depot.

Perfect for every wall, every floor, every vibe.

Visit us at Mangalwar Peth & Kharadi

+91 99227 20095

www.shreelaxmistonedepot.com

#ShreeLaxmiStoneDepot
#SLSD#TilesThatInspire
#WallTileDesigns#FloorTileDesign#SanitarywareSolutions#PremiumTiles
#DecorTiles#FeatherCollection#TexturaXTiles
#ModernInteriors#HomeRenovation#InteriorStyling#TileTrends","Transform your space, one tile at a time!

From timeless textures to bold patterns, explore the finest collection of tiles and surfaces at Shree Laxmi Stone Depot.

Perfect for every wall, every floor, every vibe.

Visit us at Mangalwar Peth & Kharadi

+91 99227 20095

www.shreelaxmistonedepot.com

#ShreeLaxmiStoneDepot
#SLSD#TilesThatInspire
#WallTileDesigns#FloorTileDesign#SanitarywareSolutions#PremiumTiles
#DecorTiles#FeatherCollection#TexturaXTiles
#ModernInteriors#HomeRenovation#InteriorStyling#TileTrends",57,"07/07/2025 03:38",N/A,https://www.facebook.com/reel/1466655551186986/,0,0,Reels,,,,,Lifetime,33,33,0,23,23,0,8,,,,0,8,0,0,0,0,,,,,,,,,,,,,,,175.961,6.284,1,1,1,0.86,0.71,0.71,0.86,0.71,0.43,0.29,0.29,0.29,0.43,0.14,0.14,0.14,0.14,0.14,0.14,0.14,0.14,0.14,0.14,0.14,0.14,0.14,0.14,0.14,0.14,0.14,0.14,0.14,0.14,0.14,0.14,0.14,0.14,0.14,0.14,0.14,0.14,0,0,,,,,,,,,,,,,,,,,,,,,,,,,,,,,,,,,,,,,,
1126426999518117,100064524835805,Shreelaxmistonedepot,"🕉️ टाळ वाजे, मृदंग वाजे, वाजे हरीची वीणा...
माऊली निगाले पंढरपूरा, मुखाने विठ्ठल विठ्ठल म्हणा!
Shree Laxmi Stone Depot तर्फे सर्वांना देवशयनी एकादशीच्या मंगल शुभेच्छा!

📞 संपर्क: +91 99227 20095
📍 Mangalwar Peth & Kharadi
🌐 shreelaxmistonedepot.com

#देवशयनीएकादशी#आषाढीएकादशी#विठूमाऊली
#पंढरपूरवारी#हरिपाठ#विठ्ठलनामाचा_गजर#श्रीविठोबा#माऊली#पंढरपूर#वारी2025#श्रीलक्ष्मीस्टोनडेपो",,0,"07/05/2025 19:30",N/A,https://www.facebook.com/Shreelaxmistonedepot/posts/pfbid02pUukY21Ftee9aeffMDLB3ziFdmxjMrL6XTK8qpRvLYDZwxzmveWBiwpyUgDKuJifl,0,0,Photos,,,,,Lifetime,33,33,0,13,13,0,0,0,0,0,0,0,0,0,0,0,0,0,0,0,0,0,0,0,0,0,0,0,0,0,,,,,,,,,,,,,,,,,,,,,,,,,,,,,,,,,,,,,,,,,,,,,,,,,,,,,,,,,,,,,,,,,,,,,,,,,,,,,,,,,,,
1124862083007942,100064524835805,Shreelaxmistonedepot,"Make a bold yet timeless statement with HM Lander Blue Moroccan Tiles.
Perfectly sized at 300x300mm with a glossy finish — these tiles are all about heritage with a fresh, contemporary twist.
Add color, culture, and character to any room effortlessly!

📍 Available at Shree Laxmi Stone Depot – Mangalwar Peth & Kharadi
📞 +91 99227 20095
🌐 www.shreelaxmistonedepot.com

#HMlanderBlue #MoroccanTiles #BlueGlossyTiles #ModernMoroccanLook #ShreeLaxmiStoneDepot #TileWithStyle #HomeDesignGoals #GlossyFinish #300x300Tiles #StatementTiles #InteriorDesignIndia #PuneTileStore #TileTrend2025 #ElegantTiles #LuxuryInteriors #FloorAndWallTiles #ColorfulHome #BoldBlueTiles #TimelessDesign #MoroccanVibes",,0,"07/03/2025 19:30",N/A,https://www.facebook.com/Shreelaxmistonedepot/posts/pfbid0jxb7wffsDZhYeTBaFRjqi6grq3Xa5RscYyiPoRbLMu5mXUYbm1MWETCMuhwcayMGl,0,0,Photos,,,,,Lifetime,35,35,0,12,12,0,0,0,0,0,0,0,0,0,0,0,0,0,0,0,0,0,0,0,0,0,0,0,0,0,,,,,,,,,,,,,,,,,,,,,,,,,,,,,,,,,,,,,,,,,,,,,,,,,,,,,,,,,,,,,,,,,,,,,,,,,,,,,,,,,,,
1124087616418722,100064524835805,Shreelaxmistonedepot,"Gloss Up with Green!
Bring nature’s charm into your interiors with our elegant HM Lander Green Moroccan Tiles.
The rich green pattern with a glossy finish adds character, calm, and class to every corner of your home.
Perfect for modern walls and statement floors.

📍 Visit Shree Laxmi Stone Depot – Mangalwar Peth & Kharadi
📞 Call: +91 99227 20095
🌐 www.shreelaxmistonedepot.com

#GreenTiles #HMlanderGreen #MoroccanTiles #GlossyTiles #TileDesigns #NatureInspiredInteriors #HomeDecorTrends #InteriorStyling #StatementTiles #ShreeLaxmiStoneDepot #300x300Tiles #ModernTiles #WallAndFloorDesign #LuxuryInteriorsIndia #PuneTileStore #TileItWithStyle #HomeRenovationIdeas #PatternTiles #EarthyVibesDecor #MoroccanMagic",,0,"07/02/2025 19:30",N/A,https://www.facebook.com/Shreelaxmistonedepot/posts/pfbid0ibC9D6LcT9UvUMGqCNmuVsJTsMEUJ3ts16AdeEVmTPoCucUZosoXvCYLxsq7bMVyl,0,0,Photos,,,,,Lifetime,39,39,0,13,13,0,0,0,0,0,0,0,0,0,0,0,0,0,0,0,0,0,0,0,0,0,0,0,0,0,,,,,,,,,,,,,,,,,,,,,,,,,,,,,,,,,,,,,,,,,,,,,,,,,,,,,,,,,,,,,,,,,,,,,,,,,,,,,,,,,,,
1123317566495727,100064524835805,Shreelaxmistonedepot,"Make your space unforgettable with HM Lander Black Moroccan Tiles – a perfect blend of tradition and trend.
Stylish 300x300mm tiles with a high-gloss finish to elevate walls and floors effortlessly.
Redefine luxury, one tile at a time.

📍 Available at Shree Laxmi Stone Depot – Mangalwar Peth & Kharadi

📞 +91 99227 20095
🌐 www.shreelaxmistonedepot.com

#MoroccanTiles#BlackGlossyTiles#HMlanderBlack#ModernInteriors #TileDesigns#InteriorGoals#ShreeLaxmiStoneDepot #HomeStyling #TileLove #GlossyTiles#WallTiles#FloorTiles#HomeRenovationIndia#BoldBlackInteriors#PuneTileStore#LuxuryTiles#StatementTiles#TileTrend2025#MoroccanStyle #DecorGoals",,0,"07/01/2025 19:30",N/A,https://www.facebook.com/Shreelaxmistonedepot/posts/pfbid02HirWUUJ3tEfKubGK5qgZ3BtoseA2E3NzY1dV4McyC6STLGU7QwbwXr8zCgmKN2vZl,0,0,Photos,,,,,Lifetime,40,40,0,11,11,0,0,0,0,0,0,0,0,0,0,0,0,0,0,0,0,0,0,0,0,0,0,0,0,0,,,,,,,,,,,,,,,,,,,,,,,,,,,,,,,,,,,,,,,,,,,,,,,,,,,,,,,,,,,,,,,,,,,,,,,,,,,,,,,,,,,
1122834903210660,100064524835805,Shreelaxmistonedepot,"Upgrade your kitchen with the perfect blend of durability and design!
💧 Scratch-proof, satin-finish, and built with 1mm thick stainless steel – our Fusion SS304 Kitchen Sink is made to last.
✨ Comes with waste pipe and square waste coupling for a complete solution.
Available in 3 practical sizes to suit every kitchen!

📍Visit us at Mangalwar Peth & Kharadi
📞 Call: +91 99227 20095
🌐 www.shreelaxmistonedepot.com

#KitchenSink #SS304Sink #ModernKitchen #StainlessSteelSink #KitchenUpgrade #KitchenDesign #HomeImprovement #KitchenEssentials #ShreeLaxmiStoneDepot #ScratchProofSink #SatinFinishSink #LuxuryKitchen #FusionSink #KitchenTrends2025 #InteriorDesignIndia #SinkWithCoupling #PuneHomeStore #MangalwarPeth #KharadiStore#JohnsonBathware",,0,"07/01/2025 04:52",N/A,https://www.facebook.com/Shreelaxmistonedepot/posts/pfbid0EPzNUYh7yas2xiqvwmNTy1bRit52n1uQe3UKANFwATmhjzLJqDQFyJmsHenUyr7Jl,0,0,Photos,,,,,Lifetime,49,49,0,14,14,0,0,0,0,0,0,0,0,0,0,0,0,0,0,0,0,0,0,0,0,0,0,0,0,0,,,,,,,,,,,,,,,,,,,,,,,,,,,,,,,,,,,,,,,,,,,,,,,,,,,,,,,,,,,,,,,,,,,,,,,,,,,,,,,,,,,
1112174397610044,100064524835805,Shreelaxmistonedepot,"🔹 Give your floors a facelift with Serie Topaz 60x60 Premium Floor Tiles!
Modern design, lasting strength, and a flawless finish – the perfect blend for any contemporary space.
✔ Modern Aesthetic
✔ Durable & Stylish
✔ Premium Quality from Kajaria

📍 Available at Shree Laxmi Stone Depot, Mangalwar Peth & Kharadi.
📞 +91 99227 20095

#TimelessElegance #LuxuryLiving #shreelaxmi #stonedepot #homedecor #homedesign #homeideas #homeinterior #pune #punehomedecor #reelsinstagram #bestinterior #reelsindia #reelviral #instadaily #BathroomLuxury #Jaquar #marbledesign #BathroomDesign #ShreeLaxmiStoneDepot #BathroomGoals #KitchenMakeover #JohnsonBathware #KitchenEssentials #ElegantInteriors",,0,"06/17/2025 20:30",N/A,https://www.facebook.com/Shreelaxmistonedepot/posts/pfbid0eEGAdiNaM92TesWA96nVWHUFHW15GjNseLsssHVhDVZhTNEJzaUKPbxyECTgCyD2l,0,0,Photos,,,,,Lifetime,82,82,0,17,17,0,0,0,0,0,0,0,0,0,0,0,0,0,0,0,0,0,0,0,0,0,0,0,0,0,,,,,,,,,,,,,,,,,,,,,,,,,,,,,,,,,,,,,,,,,,,,,,,,,,,,,,,,,,,,,,,,,,,,,,,,,,,,,,,,,,,
1110946177732866,100064524835805,Shreelaxmistonedepot,"Transform Your Space with Timeless Elegance! ✨
From serene Opal Mint Blue tiles to bold, modern styles — redefine your walls and floors with designs that speak luxury and durability.

✅ Size: 600x1200mm
✅ Lush Plush Finish
✅ Perfect for stylish, contemporary interiors

📍 Now available at Shree Laxmi Stone Depot — Mangalwar Peth & Kharadi
📞 +91 99227 20095 | 🌐 shreelaxmistonedepot.com

#OpalMintBlue #ModernTiles #LuxuryInteriors #WallAndFloorDesign #ShreeLaxmiStoneDepot #SLSD #HomeStyle #InteriorTrends #TimelessElegance #LuxuryLiving #shreelaxmi #stonedepot #homedecor #homedesign #homeideas #homeinterior #pune #punehomedecor #reelsinstagram #bestinterior #reelsindia #reelviral #instadaily #BathroomLuxury #Jaquar #marbledesign",,0,"06/16/2025 04:09",N/A,https://www.facebook.com/Shreelaxmistonedepot/posts/pfbid0iZZ8U41zXU7MsPB4sh5Wwj5JYnHWC7sSr9ZntfC9E63yjbv8ZSZYaqXLRwf8G1V8l,0,0,Photos,,,,,Lifetime,78,78,0,16,16,0,0,0,0,0,0,0,0,0,0,0,0,0,0,0,0,0,0,0,0,0,0,0,0,0,,,,,,,,,,,,,,,,,,,,,,,,,,,,,,,,,,,,,,,,,,,,,,,,,,,,,,,,,,,,,,,,,,,,,,,,,,,,,,,,,,,
1110723631088454,100064524835805,Shreelaxmistonedepot,"🖤 Black never goes out of style. Especially when it's in the form of The Ultima marble finish tiles.

Your floor deserves the spotlight! 🔦 Let The Ultima by Kajaria add that WOW factor to your space

🛁 Available now at Shree Laxmi Stone Depot!
📍 Mangalwar Peth & Kharadi | 📞 ‪+91 99227 20095‬
🌐 shreelaxmistonedepot.com

#TimelessElegance #LuxuryLiving #shreelaxmi #stonedepot #homedecor #homedesign #homeideas #homeinterior #pune #punehomedecor #reelsinstagram #bestinterior #reelsindia #reelviral #instadaily #BathroomLuxury #Jaquar #marbledesign",,0,"06/15/2025 20:30",N/A,https://www.facebook.com/Shreelaxmistonedepot/posts/pfbid02AYKvTVjd5e5ig7jCE8GuPYZHcXCtoR9jviGNpUC5onnEyLcL56p9uCX6LTJx7BTMl,0,0,Photos,,,,,Lifetime,44,44,0,12,12,0,0,0,0,0,0,0,0,0,0,0,0,0,0,0,0,0,0,0,0,0,0,0,0,0,,,,,,,,,,,,,,,,,,,,,,,,,,,,,,,,,,,,,,,,,,,,,,,,,,,,,,,,,,,,,,,,,,,,,,,,,,,,,,,,,,,
1109881651172652,100064524835805,Shreelaxmistonedepot,"👨‍👦 Happy Father’s Day!
A father’s love is the foundation of every strong life.
Let’s celebrate the ones who guide, support, and inspire us every day. 💙

📍 Shree Laxmi Stone Depot, Mangalwar Peth, Kharadi
📞 Call: +91 99227 20095
🌐 www.shreelaxmistonedepot.com
do visit to our YouTube channel : https://youtube.com/@shreelaxmistonedepot...

 #ShreeLaxmiStoneDepot #CulturalTradition #Kharadi #Pune  #FathersDay #ShreeLaxmiStoneDepot #LoveYouDad #FamilyBond #QualityBeginsHere #TilesSanitaryware #StoneDepot #FathersLove #June15",,0,"06/14/2025 19:30",N/A,https://www.facebook.com/Shreelaxmistonedepot/posts/pfbid0eJXCZconZFZA1pTRUoJMfNe5VHKS9b6xvq77DtdKX3aLB9nRu4TsuPwR4CFK9kUal,0,0,Photos,,,,,Lifetime,30,30,0,10,10,0,0,0,0,0,0,0,0,0,0,0,0,0,0,0,0,0,0,0,0,0,0,0,0,0,,,,,,,,,,,,,,,,,,,,,,,,,,,,,,,,,,,,,,,,,,,,,,,,,,,,,,,,,,,,,,,,,,,,,,,,,,,,,,,,,,,
1109123011248516,100064524835805,Shreelaxmistonedepot,"Style that speaks. Strength that lasts.
Transform your home with Stellar Series hybrid slabs – perfect for statement kitchens & elegant bathrooms.
📍 Now available at Shree Laxmi Stone Depot
📍Visit us at Mangalwar Peth & Kharadi | 📞 +91 99227 20095

#TimelessElegance #LuxuryLiving #shreelaxmi #stonedepot #homedecor #homedesign #homeideas #homeinterior #pune #punehomedecor #reelsinstagram #bestinterior #reelsindia #reelviral #instadaily #BathroomLuxury #Jaquar #marbledesign #BathroomDesign #ShreeLaxmiStoneDepot #BathroomGoals #KitchenMakeover #JohnsonBathware #KitchenEssentials #ElegantInteriors",,0,"06/13/2025 20:30",N/A,https://www.facebook.com/Shreelaxmistonedepot/posts/pfbid02u1EU2psuqE8ziqN8sexQ5HwLcek3geRL71JCFHbsoUQMjK6NE1JeFbL9R3bLNiPql,0,0,Photos,,,,,Lifetime,26,26,0,11,11,0,0,0,0,0,0,0,0,0,0,0,0,0,0,0,0,0,0,0,0,0,0,0,0,0,,,,,,,,,,,,,,,,,,,,,,,,,,,,,,,,,,,,,,,,,,,,,,,,,,,,,,,,,,,,,,,,,,,,,,,,,,,,,,,,,,,
1107631234731027,100064524835805,Shreelaxmistonedepot,"Crafted to Impress. Built to Last.
Stellar Grey – the perfect choice for:
✔ Kitchen Countertops & Islands
✔ Office Reception Desks
✔ Hotel & Retail Interiors
🔹800x2400mm Full Body Slab

#TimelessElegance #LuxuryLiving #shreelaxmi #stonedepot #homedecor #homedesign #homeideas #homeinterior #pune #punehomedecor #reelsinstagram #bestinterior #reelsindia #reelviral #instadaily #BathroomLuxury #Jaquar #marbledesign #BathroomDesign #ShreeLaxmiStoneDepot #BathroomGoals #KitchenMakeover #JohnsonBathware #KitchenEssentials #ElegantInteriors",,0,"06/11/2025 20:30",N/A,https://www.facebook.com/Shreelaxmistonedepot/posts/pfbid0up5tizZPY5Rvi7qHLRZhRoy8ZBeHXu5ucdhWCqhp7pAwzvqYpmpYfaTEWuP5krbQl,0,0,Photos,,,,,Lifetime,44,44,0,13,13,0,0,0,0,0,0,0,0,0,0,0,0,0,0,0,0,0,0,0,0,0,0,0,0,0,,,,,,,,,,,,,,,,,,,,,,,,,,,,,,,,,,,,,,,,,,,,,,,,,,,,,,,,,,,,,,,,,,,,,,,,,,,,,,,,,,,
1106179924876158,100064524835805,Shreelaxmistonedepot,"🌳 वटपोर्णिमेच्या हार्दिक शुभेच्छा! 🌸
पत्नीने पतीस दीर्घायुष्य लाभावे म्हणून वडाच्या झाडाभोवती केलेली प्रदक्षिणा, ही आपली संस्कृती आणि श्रद्धेची ओळख आहे.
श्री लक्ष्मी स्टोन डिपो कडून या पवित्र दिवशी प्रेम, विश्वास आणि बंध या नात्याला सलाम! 🙏

📍 Shree Laxmi Stone Depot, Mangalwar Peth, Kharadi
📞 Call: +91 99227 20095
🌐 www.shreelaxmistonedepot.com
do visit to our YouTube channel : https://youtube.com/@shreelaxmistonedepot...

#VatPurnima #ShreeLaxmiStoneDepot #CulturalTradition #Kharadi #Pune #StoneTilesSanitaryware #MarathiFestival",,0,"06/09/2025 21:38",N/A,https://www.facebook.com/Shreelaxmistonedepot/posts/pfbid02fzhaEbR1j4kknFz42Q5EnVjZVopLuf3MLUKQ8rVRT4V5UYdGaGLKrttFJXDK4xQ6l,0,0,Photos,,,,,Lifetime,48,48,0,15,15,0,0,0,0,0,0,0,0,0,0,0,0,0,0,0,0,0,0,0,0,0,0,0,0,0,,,,,,,,,,,,,,,,,,,,,,,,,,,,,,,,,,,,,,,,,,,,,,,,,,,,,,,,,,,,,,,,,,,,,,,,,,,,,,,,,,,
1106145811546236,100064524835805,Shreelaxmistonedepot,"Choose from a rich palette of Stellar textures – for homes, studios & everything in between.
🔳 Available in: White, Black, Brown, Crema, Barley
📍 Shree Laxmi Stone Depot | Mangalwar Peth & Kharadi

📍Visit us at Mangalwar Peth & Kharadi | 📞 +91 99227 20095

#TimelessElegance #LuxuryLiving #shreelaxmi #stonedepot #homedecor #homedesign #homeideas #homeinterior #pune #punehomedecor #reelsinstagram #bestinterior #reelsindia #reelviral #instadaily #BathroomLuxury #Jaquar #marbledesign #BathroomDesign #ShreeLaxmiStoneDepot #BathroomGoals #KitchenMakeover #JohnsonBathware #KitchenEssentials #ElegantInteriors",,0,"06/09/2025 20:30",N/A,https://www.facebook.com/Shreelaxmistonedepot/posts/pfbid0H8EcADJZBcBMjht7fWRNyEGUnMVN9zRZBvkxchbRdwVqxvovpjEDEPwSCCx7HiKel,0,0,Photos,,,,,Lifetime,46,46,0,13,13,0,0,0,0,0,0,0,0,0,0,0,0,0,0,0,0,0,0,0,0,0,0,0,0,0,,,,,,,,,,,,,,,,,,,,,,,,,,,,,,,,,,,,,,,,,,,,,,,,,,,,,,,,,,,,,,,,,,,,,,,,,,,,,,,,,,,
1104663321694485,100064524835805,Shreelaxmistonedepot,"Add timeless elegance to your space with our Pure White & Bold Black Stellar Series! 🖤🤍
Ideal for walls, floors, countertops & beyond.
📍Visit us at Mangalwar Peth & Kharadi | 📞 +91 99227 20095

#TimelessElegance #LuxuryLiving #shreelaxmi #stonedepot #homedecor #homedesign #homeideas #homeinterior #pune #punehomedecor #reelsinstagram #bestinterior #reelsindia #reelviral #instadaily #BathroomLuxury #Jaquar #marbledesign #BathroomDesign #ShreeLaxmiStoneDepot #BathroomGoals #KitchenMakeover #JohnsonBathware #KitchenEssentials #ElegantInteriors",,0,"06/07/2025 21:30",N/A,https://www.facebook.com/Shreelaxmistonedepot/posts/pfbid02s3KumSgyYYALKEZUFEwPCms23A5RixbdSqK9g9NV36Evo8XmaeoqHZuoTbmfo5yKl,0,0,Photos,,,,,Lifetime,61,61,0,16,16,0,0,0,0,0,0,0,0,0,0,0,0,0,0,0,0,0,0,0,0,0,0,0,0,0,,,,,,,,,,,,,,,,,,,,,,,,,,,,,,,,,,,,,,,,,,,,,,,,,,,,,,,,,,,,,,,,,,,,,,,,,,,,,,,,,,,
1103872201773597,100064524835805,Shreelaxmistonedepot,"🌙 Bakri-Eid Mubarak from Shree Laxmi Stone Depot! 🕌
On this day of faith and sacrifice, may your life be as strong as stone, as pure as water, and filled with blessings and unity.
Wishing you and your family a joyful and peaceful Eid-ul-Adha.

📍 Visit us at Mangalwar Peth & Kharadi
📞 +91 99227 20095
🌐 www.shreelaxmistonedepot.com
do visit to our YouTube channel : https://youtube.com/@shreelaxmistonedepot...
.
#TimelessElegance #LuxuryLiving #shreelaxmi #stonedepot #homedecor #homedesign #homeideas #homeinterior #pune #punehomedecor #reelsinstagram #bestinterior #reelsindia #reelviral #instadaily #BathroomLuxury #Jaquar #marbledesign 

#BakriEid #EidMubarak #ShreeLaxmiStoneDepot #FestivalOfFaith #StrengthAndSacrifice #StoneTilesSanitaryware #UnityAndProsperity",,0,"06/06/2025 19:30",N/A,https://www.facebook.com/Shreelaxmistonedepot/posts/pfbid03ZhoCbhh4ntcmi9C2Br97wKtmGAubdykyahyczWyL8ta9UGkWPoTn1oWzTXfDdDvl,0,0,Photos,,,,,Lifetime,54,54,0,11,11,0,0,0,0,0,0,0,0,0,0,0,0,0,0,0,0,0,0,0,0,0,0,0,0,0,,,,,,,,,,,,,,,,,,,,,,,,,,,,,,,,,,,,,,,,,,,,,,,,,,,,,,,,,,,,,,,,,,,,,,,,,,,,,,,,,,,
1103254061835411,100064524835805,Shreelaxmistonedepot,"🚩 शिवराज्याभिषेक दिनाच्या हार्दिक शुभेच्छा! 🚩
शिवछत्रपतींच्या प्रेरणादायी आठवणींना आज मानाचा मुजरा!
शौर्य, स्वराज्य आणि संस्कृतीचा अभिमान 

📍 Visit us at Mangalwar Peth & Kharadi
📞 +91 99227 20095
🌐 www.shreelaxmistonedepot.com
do visit to our YouTube channel : https://youtube.com/@shreelaxmistonedepot...
.
#TimelessElegance #LuxuryLiving #shreelaxmi #stonedepot #homedecor #homedesign #homeideas #homeinterior #pune #punehomedecor #reelsinstagram #bestinterior #reelsindia #reelviral #instadaily #BathroomLuxury #Jaquar #marbledesign #Shivrajyabhishek #ShivajiMaharaj #राज्याभिषेक #ShreeLaxmiStoneDepot #MarathaPride #GloryOfShivaji",,0,"06/06/2025 00:38",N/A,https://www.facebook.com/Shreelaxmistonedepot/posts/pfbid02K3X5mWUjkyvDBuopBsYc9t1SA3u8BQJinA4Xko6EDKCHToyqDwGTqdpY7bYyjdNPl,0,0,Photos,,,,,Lifetime,41,41,0,11,11,0,0,0,0,0,0,0,1,1,0,0,0,0,0,0,0,0,0,0,0,0,0,0,0,0,,,,,,,,,,,,,,,,,,,,,,,,,,,,,,,,,,,,,,,,,,,,,,,,,,,,,,,,,,,,,,,,,,,,,,,,,,,,,,,,,,,
1103133808514103,100064524835805,Shreelaxmistonedepot,"Seamless. Strong. Sophisticated.
Introducing Stellar Barley – built to endure and styled to impress.
✅ Ideal for countertops, flooring & feature walls
✅ Grand 800x2400mm slab
✅ Full body finish for long-lasting durability

🏢 Visit us at Mangalwar Peth & Kharadi
📞 99227 20095
🌐 shreelaxmistonedepot.com

#TimelessElegance #LuxuryLiving #shreelaxmi #stonedepot #homedecor #homedesign #homeideas #homeinterior #pune #punehomedecor #reelsinstagram #bestinterior #reelsindia #reelviral #instadaily #BathroomLuxury #Jaquar #marbledesign #BathroomDesign #ShreeLaxmiStoneDepot #BathroomGoals #KitchenMakeover #JohnsonBathware #KitchenEssentials #ElegantInteriors",,0,"06/05/2025 20:30",N/A,https://www.facebook.com/Shreelaxmistonedepot/posts/pfbid02JhCvZp6f5gkkgxUWok889yMyLqg9kYUs3NXyCnH68kkSWR7XLqx1W84sdg9Wo4F9l,0,0,Photos,,,,,Lifetime,42,42,0,13,13,0,0,0,0,0,0,0,0,0,0,0,0,0,0,0,0,0,0,0,0,0,0,0,0,0,,,,,,,,,,,,,,,,,,,,,,,,,,,,,,,,,,,,,,,,,,,,,,,,,,,,,,,,,,,,,,,,,,,,,,,,,,,,,,,,,,,
1101660635328087,100064524835805,Shreelaxmistonedepot,"From classic charm to modern elegance – the Stellar Series fits every space beautifully.
✅ Full body slabs (800x2400 mm)
✅ Available in Brown & Crema
✅ Durable, stylish, and versatile

📍Mangalwar Peth & Kharadi
🌐 shreelaxmistonedepot.com
📞 99227 20095

#TimelessElegance #LuxuryLiving #shreelaxmi #stonedepot #homedecor #homedesign #homeideas #homeinterior #pune #punehomedecor #reelsinstagram #bestinterior #reelsindia #reelviral #instadaily #BathroomLuxury #Jaquar #marbledesign #BathroomDesign #ShreeLaxmiStoneDepot #BathroomGoals #KitchenMakeover #JohnsonBathware #KitchenEssentials #ElegantInteriors",,0,"06/03/2025 20:30",N/A,https://www.facebook.com/Shreelaxmistonedepot/posts/pfbid02A8dNxHKRneTWGxagKe8UEQFgFBFUPn2RHoxnmfqsBqDMPznPRqhgMe334XJZn7QWl,0,0,Photos,,,,,Lifetime,44,44,0,13,13,0,0,0,0,0,0,0,0,0,0,0,0,0,0,0,0,0,0,0,0,0,0,0,0,0,,,,,,,,,,,,,,,,,,,,,,,,,,,,,,,,,,,,,,,,,,,,,,,,,,,,,,,,,,,,,,,,,,,,,,,,,,,,,,,,,,,
1100141445480006,100064524835805,Shreelaxmistonedepot,"✨ Introducing Our Premium Omni Suit Range!
💧 Eco Flush Omni Suit – Environmentally friendly & elegantly designed for modern bathrooms.
⚙️ Dalena Omni Suit – A perfect blend of aesthetics and precision engineering.

✔️ Crafted with care
✔️ Built to last
✔️ Designed for today's lifestyle

🏪 Visit Shree Laxmi Stone Depot for the latest in sanitaryware excellence.

find your fit at Shree Laxmi Stone Depot – where quality begins!
Visit us at Mangalwar Peth & Kharadi | 📞 ‪+91 9922720095

#TimelessElegance #LuxuryLiving #shreelaxmi #stonedepot #homedecor #homedesign #homeideas #homeinterior #pune #punehomedecor #reelsinstagram #bestinterior #reelsindia #reelviral #instadaily #BathroomLuxury #Jaquar #marbledesign #BathroomDesign #ShreeLaxmiStoneDepot #BathroomGoals","✨ Introducing Our Premium Omni Suit Range!
💧 Eco Flush Omni Suit – Environmentally friendly & elegantly designed for modern bathrooms.
⚙️ Dalena Omni Suit – A perfect blend of aesthetics and precision engineering.

✔️ Crafted with care
✔️ Built to last
✔️ Designed for today's lifestyle

🏪 Visit Shree Laxmi Stone Depot for the latest in sanitaryware excellence.

find your fit at Shree Laxmi Stone Depot – where quality begins!
Visit us at Mangalwar Peth & Kharadi | 📞 ‪+91 9922720095

#TimelessElegance #LuxuryLiving #shreelaxmi #stonedepot #homedecor #homedesign #homeideas #homeinterior #pune #punehomedecor #reelsinstagram #bestinterior #reelsindia #reelviral #instadaily #BathroomLuxury #Jaquar #marbledesign #BathroomDesign #ShreeLaxmiStoneDepot #BathroomGoals",24,"06/01/2025 19:30",N/A,https://www.facebook.com/reel/1874652753311413/,1,0,Reels,,,,,Lifetime,53,53,0,25,25,0,14,,,,0,14,2,2,0,0,,,,,,,,,,,,,,,468.161,10.887,1,1,1,1,0.93,0.71,0.64,0.5,0.5,0.5,0.5,0.5,0.5,0.43,0.43,0.43,0.43,0.36,0.36,0.36,0.29,0.29,0.29,0.29,0.21,,,,,,,,,,,,,,,,,0,0,,,,,,,,,,,,,,,,,,,,,,,,,,,,,,,,,,,,,,
1098561498971334,100064524835805,Shreelaxmistonedepot,"style Starts from the Floor Up!
Upgrade with premium stainless steel drains—durable, sleek, and timeless.
Get long-lasting stainless steel floor drains only at Shree Laxmi Stone Depot.

#TimelessElegance #LuxuryLiving #shreelaxmi #stonedepot #homedecor #homedesign #homeideas #homeinterior #pune #punehomedecor #reelsinstagram #bestinterior #reelsindia #reelviral #instadaily #BathroomLuxury #Jaquar #marbledesign #BathroomDesign #ShreeLaxmiStoneDepot #BathroomGoals #KitchenMakeover #drainage","style Starts from the Floor Up!
Upgrade with premium stainless steel drains—durable, sleek, and timeless.
Get long-lasting stainless steel floor drains only at Shree Laxmi Stone Depot.

#TimelessElegance #LuxuryLiving #shreelaxmi #stonedepot #homedecor #homedesign #homeideas #homeinterior #pune #punehomedecor #reelsinstagram #bestinterior #reelsindia #reelviral #instadaily #BathroomLuxury #Jaquar #marbledesign #BathroomDesign #ShreeLaxmiStoneDepot #BathroomGoals #KitchenMakeover #drainage",29,"05/30/2025 19:30",N/A,https://www.facebook.com/reel/1753186248889874/,1,0,Reels,,,,,Lifetime,123,121,0,36,36,0,30,,,,0,30,4,3,0,1,,,,,,,,,,,,,,,684.104,6.91,1,1,1,1,0.79,0.72,0.48,0.41,0.34,0.34,0.34,0.28,0.24,0.24,0.24,0.28,0.28,0.28,0.28,0.28,0.28,0.28,0.24,0.24,0.24,0.24,0.21,0.21,0.21,0.21,0.17,0.17,0.14,,,,,,,,,0,0,,,,,,,,,,,,,,,,,,,,,,,,,,,,,,,,,,,,,,
1096776905816460,100064524835805,Shreelaxmistonedepot,"🔶 Elevate Your Bath Space with Riviera 🔶

Crafted for elegance. Designed for performance.

💎 Premium Brass Body
✨ Stunning Brass Finish – Built to impress, built to last
🔁 Spun Smooth Trigger Action – Effortless control at your fingertips
📏 1 Meter CP Hose +  Matching Hook – Complete, sleek setup

#TimelessElegance #LuxuryLiving #shreelaxmi #stonedepot #homedecor #homedesign #homeideas #homeinterior #pune #punehomedecor #reelsinstagram #bestinterior #reelsindia #reelviral #instadaily #BathroomLuxury #Jaquar #marbledesign #BathroomDesign #ShreeLaxmiStoneDepot #BathroomGoals #KitchenMakeover #JohnsonBathware","🔶 Elevate Your Bath Space with Riviera 🔶

Crafted for elegance. Designed for performance.

💎 Premium Brass Body
✨ Stunning Brass Finish – Built to impress, built to last
🔁 Spun Smooth Trigger Action – Effortless control at your fingertips
📏 1 Meter CP Hose +  Matching Hook – Complete, sleek setup

#TimelessElegance #LuxuryLiving #shreelaxmi #stonedepot #homedecor #homedesign #homeideas #homeinterior #pune #punehomedecor #reelsinstagram #bestinterior #reelsindia #reelviral #instadaily #BathroomLuxury #Jaquar #marbledesign #BathroomDesign #ShreeLaxmiStoneDepot #BathroomGoals #KitchenMakeover #JohnsonBathware",31,"05/28/2025 19:30",N/A,https://www.facebook.com/reel/692724790272748/,1,0,Reels,,,,,Lifetime,53,49,0,24,24,0,12,,,,0,12,0,0,0,0,,,,,,,,,,,,,,,233.137,5.421,1,1,1,1,0.58,0.42,0.33,0.25,0.25,0.17,0.17,0.08,0.08,0.08,0.08,0.08,0.08,0.08,0.08,0.08,0.08,0.08,0.08,0.08,0.08,0.08,0.08,0.08,0,0,0,0,0,,,,,,,,,0,0,,,,,,,,,,,,,,,,,,,,,,,,,,,,,,,,,,,,,,
1095455782615239,100064524835805,Shreelaxmistonedepot,"🛠️ Built to Last, Styled to Impress – Qubix Kitchen Sink 🧼✨

The Quubix Kitchen Sink is crafted with premium-grade stainless steel and engineered for durability, resistance, and timeless style.

✅ Rust-proof & Scratch-resistant
✅ Strong build quality

💪 Tough on use, smooth on style – that’s the Qubix promise.

#TimelessElegance #LuxuryLiving #shreelaxmi #stonedepot #homedecor #homedesign #homeideas #homeinterior #pune #punehomedecor #reelsinstagram #bestinterior #reelsindia #reelviral #instadaily #BathroomLuxury #Jaquar #marbledesign #BathroomDesign #ShreeLaxmiStoneDepot #BathroomGoals #KitchenMakeover #JohnsonBathware #KitchenEssentials #ElegantInteriors #Qubixsink #sink #kitchendesign","🛠️ Built to Last, Styled to Impress – Qubix Kitchen Sink 🧼✨

The Quubix Kitchen Sink is crafted with premium-grade stainless steel and engineered for durability, resistance, and timeless style.

✅ Rust-proof & Scratch-resistant
✅ Strong build quality

💪 Tough on use, smooth on style – that’s the Qubix promise.

#TimelessElegance #LuxuryLiving #shreelaxmi #stonedepot #homedecor #homedesign #homeideas #homeinterior #pune #punehomedecor #reelsinstagram #bestinterior #reelsindia #reelviral #instadaily #BathroomLuxury #Jaquar #marbledesign #BathroomDesign #ShreeLaxmiStoneDepot #BathroomGoals #KitchenMakeover #JohnsonBathware #KitchenEssentials #ElegantInteriors #Qubixsink #sink #kitchendesign",31,"05/27/2025 00:48",N/A,https://www.facebook.com/reel/586159614504686/,0,0,Reels,,,,,Lifetime,75,72,0,30,30,0,19,,,,0,19,1,1,0,0,,,,,,,,,,,,,,,713.117,11.885,1,1,1,1,0.79,0.74,0.58,0.42,0.37,0.26,0.21,0.21,0.21,0.21,0.21,0.16,0.16,0.16,0.16,0.16,0.16,0.16,0.16,0.16,0.16,0.16,0.16,0.16,0.11,0.11,0.11,0.11,0.11,,,,,,,,,0,0,,,,,,,,,,,,,,,,,,,,,,,,,,,,,,,,,,,,,,
1085773046916846,100064524835805,Shreelaxmistonedepot,"शौर्याच्या इतिहासात अजरामर नाव,
शूरता आणि ज्ञानाचं प्रतीक,
छत्रपती संभाजीमहाराज...
जयंतीनिमित्त अभिवादन!

find your fit at Shree Laxmi Stone Depot – where quality begins!
Visit us at Mangalwar Peth & Kharadi | 📞 ‪+91 9922720095

#TimelessElegance #LuxuryLiving #shreelaxmi #stonedepot #homedecor #homedesign #homeideas #homeinterior #pune #chhatrapatisambhajimaharaj  #blessings #Jayanti #swarajya_rakshak_sambhaji",,0,"05/13/2025 19:30",N/A,https://www.facebook.com/Shreelaxmistonedepot/posts/pfbid0iTYkQuWPU3ZBdn2X2n5aVS7rFgDAFrEbf2EFAw7zQb3MdfRW1e7QL46iv61DaPmrl,0,0,Photos,,,,,Lifetime,66,66,0,12,12,0,0,0,0,0,0,0,0,0,0,0,0,0,0,0,0,0,0,0,0,0,0,0,0,0,,,,,,,,,,,,,,,,,,,,,,,,,,,,,,,,,,,,,,,,,,,,,,,,,,,,,,,,,,,,,,,,,,,,,,,,,,,,,,,,,,,
1084465607047590,100064524835805,Shreelaxmistonedepot,"बुद्ध पौर्णिमा म्हणजे ज्ञानाचा उत्सव,
मनःशांतीचा आणि सत्याचा संगम!
बुद्ध पौर्णिमेच्या शुभेच्छा!

Find your fit at Shree Laxmi Stone Depot – where quality begins!
Visit us at Mangalwar Peth & Kharadi | 📞 ‪+91 99227 20095‬

#TimelessElegance #LuxuryLiving #shreelaxmi #stonedepot #homedecor #homedesign #homeideas #homeinterior #pune #buddhapournima🙏 #blessings",,0,"05/11/2025 19:30",N/A,https://www.facebook.com/Shreelaxmistonedepot/posts/pfbid02WJhskuBtBMKWoiWuSwBiRdzG4DKVbuuaP5Q4K9aLVNtrdqLFypiUZitBcic8Mc78l,0,0,Photos,,,,,Lifetime,62,62,0,13,13,0,0,0,0,0,0,0,0,0,0,0,0,0,0,0,0,0,0,0,0,0,0,0,0,0,,,,,,,,,,,,,,,,,,,,,,,,,,,,,,,,,,,,,,,,,,,,,,,,,,,,,,,,,,,,,,,,,,,,,,,,,,,,,,,,,,,
1083738767120274,100064524835805,Shreelaxmistonedepot,"आईची ही वेडी माया
लावी वेड जीवा 
जन्मोजन्मी तुझाच मी व्हावा 
माझ्या आयुष्यभराचा हाच खरा ठेवा 
मातृदिनाच्या हार्दिक शुभेच्छा.

Stone | Tiles | Sanitaryware
📞 ‪+91 99227 20095‬
🌐 www.shreelaxmistonedepot.com
do visit to our YouTube channel : https://youtube.com/@shreelaxmistonedepot...
📍 Mangalwar Peth & Kharadi

#TimelessElegance #LuxuryLiving #shreelaxmi #stonedepot #homedecor #homedesign #homeideas #homeinterior #pune #Mothersday2025",,0,"05/10/2025 19:30",N/A,https://www.facebook.com/Shreelaxmistonedepot/posts/pfbid0Tmi6Y6aJBg2EAa2CB7eUhJ6c6eaHc3px7BzSNvieKt2ZSPmk5zrWnmrVHQ5ihJdtl,0,0,Photos,,,,,Lifetime,47,47,0,12,12,0,0,0,0,0,0,0,0,0,0,0,0,0,0,0,0,0,0,0,0,0,0,0,0,0,,,,,,,,,,,,,,,,,,,,,,,,,,,,,,,,,,,,,,,,,,,,,,,,,,,,,,,,,,,,,,,,,,,,,,,,,,,,,,,,,,,
1076510864509731,100064524835805,Shreelaxmistonedepot,"""कामगार कल्याणाचे राखू धोरण,
देऊया कामगारांना योग्य मान-सन्मान,
शेतकरी ते कष्टकरी प्रत्येकाला
कामगार दिनाच्या हार्दिक शुभेच्छा""

🔹 Shree Laxmi Stone Depot - Since 1962
Stone | Tiles | Sanitaryware
📞 ‪‪+91 99227 20095‬‬
🌐 ‪www.shreelaxmistonedepot.com‬
do visit to our YouTube Channel :https://youtube.com/@shreelaxmistonedepot‬...
📍 Mangalwar Peth & Kharadi

#TimelessElegance #LuxuryLiving #shreelaxmi #stonedepot #homedecor #homedesign #homeideas #homeinterior #pune #punehomedecor #reelsinstagram #bestinterior #reelsindia #reelviral #instadaily #BathroomLuxury #Jaquar #marbledesign #BathroomDesign #ShreeLaxmiStoneDepot #MaharashtraDay2025 #Marathi #Maharashtra #LabourDay2025",,0,"04/30/2025 23:24",N/A,https://www.facebook.com/Shreelaxmistonedepot/posts/pfbid02X9Qu44AGPa9aUDvV9L9hRgCbJJxhQiHBRjE5Rfe123JCx4LF1Xz1UYhktuN2v7DUl,0,0,Photos,,,,,Lifetime,105,105,0,22,22,0,0,0,0,0,0,0,1,1,0,0,0,0,0,0,0,0,0,0,0,0,0,0,0,0,,,,,,,,,,,,,,,,,,,,,,,,,,,,,,,,,,,,,,,,,,,,,,,,,,,,,,,,,,,,,,,,,,,,,,,,,,,,,,,,,,,
1076508637843287,100064524835805,Shreelaxmistonedepot,"""लाभले आम्हांस भाग्य बोलतो मराठी...""
 ""महाराष्ट्राच्या गौरवाचा दिवस!""
महाराष्ट्र दिनाच्या हार्दिक शुभेच्छा!""

🔹 Shree Laxmi Stone Depot - Since 1962
Stone | Tiles | Sanitaryware
📞 ‪+91 99227 20095‬
🌐 www.shreelaxmistonedepot.com
do visit to our YouTube channel : https://youtube.com/@shreelaxmistonedepot...
📍 Mangalwar Peth & Kharadi
#TimelessElegance #LuxuryLiving #shreelaxmi #stonedepot #homedecor #homedesign #homeideas #homeinterior #pune #punehomedecor #reelsinstagram #bestinterior #reelsindia #reelviral #instadaily #BathroomLuxury #Jaquar #marbledesign #BathroomDesign #ShreeLaxmiStoneDepot #MaharashtraDay2025 #Marathi #Maharashtra",,0,"04/30/2025 23:19",N/A,https://www.facebook.com/Shreelaxmistonedepot/posts/pfbid027eoHEbyLxiqsyJYwT12HqvegGdG2wnJA5YPGjbVLZhw8TeMVTe1wu1Jt9Y2A6dcPl,0,0,Photos,,,,,Lifetime,69,69,0,18,18,0,0,0,0,0,0,0,0,0,0,0,0,0,0,0,0,0,0,0,0,0,0,0,0,0,,,,,,,,,,,,,,,,,,,,,,,,,,,,,,,,,,,,,,,,,,,,,,,,,,,,,,,,,,,,,,,,,,,,,,,,,,,,,,,,,,,
1075603777933773,100064524835805,Shreelaxmistonedepot,"🌸 समृद्धीचा नवा आरंभ आजपासून!
आपल्या सर्वांच्या आयुष्यात सुख, समाधान आणि भरभराट नांदो.
शुभ अक्षय तृतीया!

🔹 Shree Laxmi Stone Depot - Since 1962
Stone | Tiles | Sanitaryware
📞 ‪+91 99227 20095‬
🌐 www.shreelaxmistonedepot.com
do visit to our YouTube channel : https://youtube.com/@shreelaxmistonedepot...
📍 Mangalwar Peth & Kharadi

#TimelessElegance #LuxuryLiving #shreelaxmi #stonedepot #homedecor #homedesign #homeideas #homeinterior #pune #punehomedecor #reelsinstagram #bestinterior #reelsindia #reelviral #instadaily #BathroomLuxury #Jaquar #marbledesign #BathroomDesign #ShreeLaxmiStoneDepot #AkshayTritiya2025 #Bestwishes",,0,"04/29/2025 19:30",N/A,https://www.facebook.com/Shreelaxmistonedepot/posts/pfbid02Rq1A1inig22wRhjr1JkeUSYJLLXf5mg3mPNqQ2FdktTkZ9sf8Ku3a5AAMLao15Ubl,0,0,Photos,,,,,Lifetime,82,82,0,18,18,0,0,0,0,0,0,0,0,0,0,0,0,0,0,0,0,0,0,0,0,0,0,0,0,0,,,,,,,,,,,,,,,,,,,,,,,,,,,,,,,,,,,,,,,,,,,,,,,,,,,,,,,,,,,,,,,,,,,,,,,,,,,,,,,,,,,
1071747911652693,100064524835805,Shreelaxmistonedepot,"Simple. Stylish. Smart.
✨ Upgrade your bathroom with the Grace Bath Cabinet Set - 60cm.
Where elegance meets everyday convenience.
Transform your bathroom with the Grace Bath Cabinet — a perfect blend of function and finesse!
Available in elegant finishes to match every vibe.

🛁 Available now at Shree Laxmi Stone Depot!
📍 Mangalwar Peth & Kharadi | 📞 ‪+91 99227 20095‬
🌐 shreelaxmistonedepot.com

Find your fit at Shree Laxmi Stone Depot – where quality begins!
Visit us at Mangalwar Peth & Kharadi | 📞 ‪+91 99227 20095‬

#TimelessElegance #LuxuryLiving #shreelaxmi #stonedepot #homedecor #homedesign #homeideas #homeinterior #pune #punehomedecor #reelsinstagram #bestinterior #reelsindia #reelviral #instadaily #BathroomLuxury #Jaquar #marbledesign #BathroomDesign #ShreeLaxmiStoneDepot #BathroomGoals #KitchenMakeover #JohnsonBathware #KitchenEssentials #ElegantInteriors",,0,"04/24/2025 19:30",N/A,https://www.facebook.com/Shreelaxmistonedepot/posts/pfbid02GhLMQnKn5nB7M9bDYQWcMuSmCWiSyUuK5Vd3imCAErMqoE9EiBbTyiLSbcszWsWMl,0,0,Photos,,,,,Lifetime,91,91,0,21,21,0,0,0,0,0,0,0,1,1,0,0,0,0,0,0,0,0,0,0,0,0,0,0,0,0,,,,,,,,,,,,,,,,,,,,,,,,,,,,,,,,,,,,,,,,,,,,,,,,,,,,,,,,,,,,,,,,,,,,,,,,,,,,,,,,,,,
1070959081731576,100064524835805,Shreelaxmistonedepot,"🚿 Drain Smart, Live Sleek
Add a touch of elegance to your bathroom with our stylish square floor traps – available now at Shree Laxmi Stone Depot!

Upgrade your bathroom with premium Johnson Bathware Floor Traps – because even the smallest details matter.

Find your fit at Shree Laxmi Stone Depot – where quality begins!
Visit us at Mangalwar Peth & Kharadi | 📞 ‪+91 99227 20095‬

#TimelessElegance #LuxuryLiving #shreelaxmi #stonedepot #homedecor #homedesign #homeideas #homeinterior #pune #punehomedecor #reelsinstagram #bestinterior #reelsindia #reelviral #instadaily #BathroomLuxury #Jaquar #marbledesign #BathroomDesign #ShreeLaxmiStoneDepot #BathroomGoals #KitchenMakeover #JohnsonBathware #KitchenEssentials #ElegantInteriors",,0,"04/23/2025 19:30",N/A,https://www.facebook.com/Shreelaxmistonedepot/posts/pfbid02W5GkEjiW9brSR9xDbCfCkAZDAaF5b1yAgRaoupoxArHFXaG1HWXyUjtcQkQ7GSmjl,0,0,Photos,,,,,Lifetime,62,62,0,12,12,0,0,0,0,0,0,0,0,0,0,0,0,0,0,0,0,0,0,0,0,0,0,0,0,0,,,,,,,,,,,,,,,,,,,,,,,,,,,,,,,,,,,,,,,,,,,,,,,,,,,,,,,,,,,,,,,,,,,,,,,,,,,,,,,,,,,
1070289028465248,100064524835805,Shreelaxmistonedepot,"Where Strength Meets Style! 💪✨
Upgrade your kitchen with premium Qubix Quartz Sinks – available in Black & White.

Kitchen Luxury Redefined 🖤🤍
Discover the strength and elegance of Qubix Black & White Quartz Sinks.

Find your fit at Shree Laxmi Stone Depot – where quality begins!
Visit us at Mangalwar Peth & Kharadi | 📞 ‪+91 99227 20095‬

#TimelessElegance #LuxuryLiving #shreelaxmi #stonedepot #homedecor #homedesign #homeideas #homeinterior #pune #punehomedecor #reelsinstagram #bestinterior #reelsindia #reelviral #instadaily #BathroomLuxury #Jaquar #marbledesign #BathroomDesign #ShreeLaxmiStoneDepot #BathroomGoals #KitchenMakeover #JohnsonBathware #KitchenEssentials #ElegantInteriors",,0,"04/22/2025 22:09",N/A,https://www.facebook.com/Shreelaxmistonedepot/posts/pfbid037B4K6fjKtFoMvXrbNCWq8BWChrLYQvrVYJ4r9DA2a5TpB4phqJiQERb3kv2rV9uUl,0,0,Photos,,,,,Lifetime,54,54,0,10,10,0,0,0,0,0,0,0,0,0,0,0,0,0,0,0,0,0,0,0,0,0,0,0,0,0,,,,,,,,,,,,,,,,,,,,,,,,,,,,,,,,,,,,,,,,,,,,,,,,,,,,,,,,,,,,,,,,,,,,,,,,,,,,,,,,,,,
1067199348774216,100064524835805,Shreelaxmistonedepot,"From kitchen elegance to bathroom brilliance – we bring it all under one roof! 💫
One-stop destination for premium bathroom & kitchen fittings! 🛁🍽
Transform your space with stylish sanitaryware and kitchen essentials! ✨

Find your fit at Shree Laxmi Stone Depot – where quality begins!
Visit us at Mangalwar Peth & Kharadi | 📞 +91 99227 20095

#TimelessElegance #LuxuryLiving #shreelaxmi #stonedepot #homedecor #homedesign #homeideas #homeinterior #pune #punehomedecor #reelsinstagram #bestinterior #reelsindia #reelviral #instadaily #BathroomLuxury #Jaquar #marbledesign #BathroomDesign #ShreeLaxmiStoneDepot #BathroomGoals #KitchenMakeover #JohnsonBathware #KitchenEssentials #ElegantInteriors",,0,"04/18/2025 22:05",N/A,https://www.facebook.com/Shreelaxmistonedepot/posts/pfbid02t6p4HYc6DWUsrU6LWxkRmmC8VVPHpAxSWbDJpXR47rZVsEAScdkz5yhV4sJLDWtjl,0,0,Photos,,,,,Lifetime,71,71,0,12,12,0,0,0,0,0,0,0,1,1,0,0,0,0,0,0,0,0,0,0,0,0,0,0,0,0,,,,,,,,,,,,,,,,,,,,,,,,,,,,,,,,,,,,,,,,,,,,,,,,,,,,,,,,,,,,,,,,,,,,,,,,,,,,,,,,,,,
1066404762187008,100064524835805,Shreelaxmistonedepot,"✨ Discover Bold & Elegant Tile Designs!
Bring your walls to life with our luxury designer collections – perfect for modern and classic interiors.

✅ Designer luxury finishes
✅ Stylish, durable & easy to maintain

📍 Visit Our Experience Showrooms:
🏢 Mangalwar Peth – 8000 sq. ft.
🏢 Kharadi – 18,000 sq. ft.
🌐 www.shreelaxmistonedepot.com

#LuxuryTiles #DesignerWallTiles #SubwayTiles #GSMCollection #ShreeLaxmiStoneDepot #TileShowroomPune #InteriorInspiration #BoldDesigns #MinimalistStyle","✨ Discover Bold & Elegant Tile Designs!
Bring your walls to life with our luxury designer collections – perfect for modern and classic interiors.

✅ Designer luxury finishes
✅ Stylish, durable & easy to maintain

📍 Visit Our Experience Showrooms:
🏢 Mangalwar Peth – 8000 sq. ft.
🏢 Kharadi – 18,000 sq. ft.
🌐 www.shreelaxmistonedepot.com

#LuxuryTiles #DesignerWallTiles #SubwayTiles #GSMCollection #ShreeLaxmiStoneDepot #TileShowroomPune #InteriorInspiration #BoldDesigns #MinimalistStyle",44,"04/17/2025 19:30",uploaded,https://www.facebook.com/reel/652087460951022/,1,0,Reels,,,,,Lifetime,74,69,0,19,19,0,19,,,,0,19,1,1,0,0,,,,,,,,,,,,,,,683.745,13.674,1,1,1,0.95,0.74,0.63,0.58,0.53,0.42,0.37,0.37,0.42,0.32,0.32,0.32,0.26,0.26,0.26,0.26,0.26,0.26,0.21,0.21,0.21,0.21,0.21,0.21,0.21,0.21,0.21,0.21,0.21,0.21,0.21,0.21,0.21,0.21,0.21,0.21,0.21,0.21,0,0,,,,,,,,,,,,,,,,,,,,,,,,,,,,,,,,,,,,,,
1065663208927830,100064524835805,Shreelaxmistonedepot,"✨ Bring Artistic Luxury to Every Wall!
Discover the elegance of the Swarovski Collection – where design meets sophistication.

🎨 Featured Designs:
🔹 SWAROVSKI-109 – Blue Patterned Matt-Granula
💙 Perfect for elegant bathrooms & kitchen backsplashes
🔹 SWAROVSKI-107 – White & Beige Geometric Matt-Granula
🤍 A soft, modern touch for living & dining areas
🔹 SWAROVSKI-101 – Green & White Bold Design
💚 Make a bold, beautiful statement in any space!

✅ Luxurious Matt-Granula Finish
✅ Durable | Easy to Maintain | Visually Stunning

📍 Visit Our Showrooms:
📌 Mangalwar Peth – 8000 sq. ft.
📌 Kharadi – 18,000 sq. ft.
🌐 www.shreelaxmistonedepot.com

#SwarovskiTiles #LuxuryWallTiles #DesignerTiles #ShreeLaxmiStoneDepot #InteriorDesign #TileInspiration #WallElegance #PuneTilesShowroom","✨ Bring Artistic Luxury to Every Wall!
Discover the elegance of the Swarovski Collection – where design meets sophistication.

🎨 Featured Designs:
🔹 SWAROVSKI-109 – Blue Patterned Matt-Granula
💙 Perfect for elegant bathrooms & kitchen backsplashes
🔹 SWAROVSKI-107 – White & Beige Geometric Matt-Granula
🤍 A soft, modern touch for living & dining areas
🔹 SWAROVSKI-101 – Green & White Bold Design
💚 Make a bold, beautiful statement in any space!

✅ Luxurious Matt-Granula Finish
✅ Durable | Easy to Maintain | Visually Stunning

📍 Visit Our Showrooms:
📌 Mangalwar Peth – 8000 sq. ft.
📌 Kharadi – 18,000 sq. ft.
🌐 www.shreelaxmistonedepot.com

#SwarovskiTiles #LuxuryWallTiles #DesignerTiles #ShreeLaxmiStoneDepot #InteriorDesign #TileInspiration #WallElegance #PuneTilesShowroom",41,"04/16/2025 19:30",N/A,https://www.facebook.com/reel/1214726880210138/,1,0,Reels,,,,,Lifetime,68,64,0,21,21,0,14,,,,0,14,2,2,0,0,,,,,,,,,,,,,,,235.562,4.282,1,1,1,1,0.86,0.57,0.5,0.43,0.36,0.36,0.21,0.14,0.14,0.14,0.14,0.14,0.14,0.14,0.14,0.14,0.07,0.07,0.07,0.07,0.07,0.07,0.07,0.07,0.07,0.07,0.07,0.07,0.07,0.07,0.07,0.07,0.07,0.07,0.07,0,0,0,0,,,,,,,,,,,,,,,,,,,,,,,,,,,,,,,,,,,,,,
1064910105669807,100064524835805,Shreelaxmistonedepot,"✨ Style That Sticks to Your Walls!
Presenting our latest KITKAT Designer Tiles collection –
Perfect blend of elegance, texture & timeless design 💫

🎨 From glossy carvings to rich matt finishes –
Choose your vibe. Style your space.

📍 Visit Shree Laxmi Stone Depot –
Mangalwar Peth | Kharadi
🌐 shreelaxmistonedepot.com

#KITKATTiles #WallMakeover #DesignerTiles #ShreeLaxmiStoneDepot #TilesTrend #ReelStyle #InteriorInspo #GlossyTiles #MattFinishTiles","✨ Style That Sticks to Your Walls!
Presenting our latest KITKAT Designer Tiles collection –
Perfect blend of elegance, texture & timeless design 💫

🎨 From glossy carvings to rich matt finishes –
Choose your vibe. Style your space.

📍 Visit Shree Laxmi Stone Depot –
Mangalwar Peth | Kharadi
🌐 shreelaxmistonedepot.com

#KITKATTiles #WallMakeover #DesignerTiles #ShreeLaxmiStoneDepot #TilesTrend #ReelStyle #InteriorInspo #GlossyTiles #MattFinishTiles",50,"04/15/2025 19:31",uploaded,https://www.facebook.com/reel/1907560030079733/,1,0,Reels,,,,,Lifetime,99,96,0,30,30,0,24,,,,0,24,3,3,0,0,,,,,,,,,,,,,,,982.772,11.84,0.96,1,1,0.92,0.67,0.54,0.54,0.46,0.46,0.42,0.38,0.25,0.25,0.25,0.25,0.17,0.17,0.17,0.13,0.13,0.13,0.08,0.08,0.08,0.08,0.08,0.08,0.08,0.08,0.08,0.08,0.08,0.08,0.08,0.08,0.08,0.08,0.08,0.08,0.08,0.08,0,0,,,,,,,,,,,,,,,,,,,,,,,,,,,,,,,,,,,,,,
1064909325669885,100064524835805,Shreelaxmistonedepot,"💧 Sleek. Strong. Stylish.
Upgrade to premium hand faucets from Johnson Bathware –
✔️ Powerful Spray
✔️ Elegant Finish
✔️ Reliable Performance
Available at Shree Laxmi Stone Depot, Mangalwar Peth & Kharadi
🔹 Shree Laxmi Stone Depot - Since 1962
Stone | Tiles | Sanitaryware
📞 +91 99227 20095
🌐 www.shreelaxmistonedepot.com
do visit to our YouTube channel : https://youtube.com/@shreelaxmistonedepot...
📍 Mangalwar Peth & Kharadi
#TimelessElegance #LuxuryLiving #shreelaxmi #stonedepot #homedecor #homedesign #homeideas #homeinterior #pune #punehomedecor #reelsinstagram #bestinterior #reelsindia #reelviral #instadaily #BathroomLuxury #Jaquar #marbledesign #BathroomDesign #ShreeLaxmiStoneDepot",,0,"04/15/2025 19:30",N/A,https://www.facebook.com/Shreelaxmistonedepot/posts/pfbid02Rw1Y4sJKjVqJAZRXQxtvX7uYp7An9EX6NtbGvZr5bL5VBe5ttkXuhEhduNH7Lzzyl,0,0,Photos,,,,,Lifetime,69,69,0,12,12,0,0,0,0,0,0,0,0,0,0,0,0,0,0,0,0,0,0,0,0,0,0,0,0,0,,,,,,,,,,,,,,,,,,,,,,,,,,,,,,,,,,,,,,,,,,,,,,,,,,,,,,,,,,,,,,,,,,,,,,,,,,,,,,,,,,,
1064144265746391,100064524835805,Shreelaxmistonedepot,"🚽 Smart. Sleek. Spotless.
Upgrade your bathroom with the Eco Flush Advantage!
✨ Germ-Free
✨ Slim Seat Cover
✨ Easy Detachable Design
Elegant look with a powerful clean – only at Shree Laxmi Stone Depot
🔹 Shree Laxmi Stone Depot - Since 1962
Stone | Tiles | Sanitaryware
📞 +91 99227 20095
🌐 www.shreelaxmistonedepot.com
do visit to our YouTube channel : https://youtube.com/@shreelaxmistonedepot...
📍 Mangalwar Peth & Kharadi
#TimelessElegance #LuxuryLiving #shreelaxmi #stonedepot #homedecor #homedesign #homeideas #homeinterior #pune #punehomedecor #reelsinstagram #bestinterior #reelsindia #reelviral #instadaily #BathroomLuxury #Jaquar #marbledesign #BathroomDesign #ShreeLaxmiStoneDepot",,0,"04/14/2025 19:30",N/A,https://www.facebook.com/Shreelaxmistonedepot/posts/pfbid025XpxmAW1nDLWGmnHWNW5V4oFcrbJa9JFfkfkPwNj8vjtZGVJQ9JXH9eSUimaicHwl,0,0,Photos,,,,,Lifetime,64,64,0,16,16,0,0,0,0,0,0,0,1,1,0,0,0,0,0,0,0,0,0,0,0,0,0,0,0,0,,,,,,,,,,,,,,,,,,,,,,,,,,,,,,,,,,,,,,,,,,,,,,,,,,,,,,,,,,,,,,,,,,,,,,,,,,,,,,,,,,,
1063440592483425,100064524835805,Shreelaxmistonedepot,"Experience luxury with every flush! 💧
Upgrade your bathroom with the elegance of Omni Suites — Dual Flush, Soft Close, Slim Seat Cover & Detachable Design.
Omni Suites by Johnson Bathware — available now at Shree Laxmi Stone Depot.

📍 Visit us at Mangalwar Peth & Kharadi
📞 +91 99227 20095
🌐 www.shreelaxmistonedepot.com
do visit to our YouTube channel : https://youtube.com/@shreelaxmistonedepot...
.
#TimelessElegance #LuxuryLiving #shreelaxmi #stonedepot #homedecor #homedesign #homeideas #homeinterior #pune #punehomedecor #reelsinstagram #bestinterior #reelsindia #reelviral #instadaily #BathroomLuxury #Jaquar #marbledesign #BathroomDesign #ShreeLaxmiStoneDepot #omnisuits",,0,"04/13/2025 22:02",N/A,https://www.facebook.com/Shreelaxmistonedepot/posts/pfbid03nNZc7FYksgiCiu7BBsuNoU76XZzfyEn6yX6VG1SR4zEwY4EBTHfLPcQBJh1UheNl,0,0,Photos,,,,,Lifetime,71,71,0,13,13,0,0,0,0,0,0,0,1,1,0,0,0,0,0,0,0,0,0,0,0,0,0,0,0,0,,,,,,,,,,,,,,,,,,,,,,,,,,,,,,,,,,,,,,,,,,,,,,,,,,,,,,,,,,,,,,,,,,,,,,,,,,,,,,,,,,,
1063359479158203,100064524835805,Shreelaxmistonedepot,"Saluting the architect of modern India – Dr. B.R. Ambedkar.
His vision, dedication, and sacrifices laid the foundation of an empowered nation.
Let’s honor his legacy by upholding justice and equality. 🙏
.
🏢 Perfect for modern homes, offices, and luxury interiors!
🔹 Shree Laxmi Stone Depot - Since 1962
Stone | Tiles | Sanitaryware
📞 +91 99227 20095
🌐 www.shreelaxmistonedepot.com
do visit to our YouTube channel : https://youtube.com/@shreelaxmistonedepot...
📍 Mangalwar Peth & Kharadi
#TimelessElegance #LuxuryLiving #shreelaxmi #stonedepot #homedecor #homedesign #homeideas #homeinterior #pune #punehomedecor #reelsinstagram #bestinterior #reelsindia #reelviral #instadaily #BathroomLuxury #Jaquar #marbledesign #BathroomDesign #ShreeLaxmiStoneDepot",,0,"04/13/2025 19:30",N/A,https://www.facebook.com/Shreelaxmistonedepot/posts/pfbid02smUuXg1ytsaKPWfygWU3AnWMp7FRNBJF2axNCT3N9sQovZvN96RwWYtSYbzyXrHFl,0,0,Photos,,,,,Lifetime,57,57,0,10,10,0,0,0,0,0,0,0,0,0,0,0,0,0,0,0,0,0,0,0,0,0,0,0,0,0,,,,,,,,,,,,,,,,,,,,,,,,,,,,,,,,,,,,,,,,,,,,,,,,,,,,,,,,,,,,,,,,,,,,,,,,,,,,,,,,,,,
1061728062654678,100064524835805,Shreelaxmistonedepot,"🏛️ A masterpiece for your interiors – bring home the grandeur with Carved Art Grey.
🔷 Let your walls speak the language of art – SUBWAY-401 is where elegance meets expression.

🌼 Subtle textures. Classic patterns. Everlasting elegance – that’s SUBWAY-107.

🔹 Shree Laxmi Stone Depot - Since 1962
Stone | Tiles | Sanitaryware
📞 +91 99227 20095
🌐 www.shreelaxmistonedepot.com
do visit to our YouTube channel : https://youtube.com/@shreelaxmistonedepot...
📍 Mangalwar Peth & Kharadi
#TimelessElegance  #LuxuryLiving  #shreelaxmi  #stonedepot #homedecor #homedesign #homeideas #homeinterior #pune #punehomedecor #reelsinstagram #bestinterior #reelsindia #reelviral #instadaily","🏛️ A masterpiece for your interiors – bring home the grandeur with Carved Art Grey.
🔷 Let your walls speak the language of art – SUBWAY-401 is where elegance meets expression.

🌼 Subtle textures. Classic patterns. Everlasting elegance – that’s SUBWAY-107.

🔹 Shree Laxmi Stone Depot - Since 1962
Stone | Tiles | Sanitaryware
📞 +91 99227 20095
🌐 www.shreelaxmistonedepot.com
do visit to our YouTube channel : https://youtube.com/@shreelaxmistonedepot...
📍 Mangalwar Peth & Kharadi
#TimelessElegance  #LuxuryLiving  #shreelaxmi  #stonedepot #homedecor #homedesign #homeideas #homeinterior #pune #punehomedecor #reelsinstagram #bestinterior #reelsindia #reelviral #instadaily",46,"04/11/2025 19:30",N/A,https://www.facebook.com/reel/852151287090610/,1,0,Reels,,,,,Lifetime,32,32,0,19,19,0,13,,,,0,13,2,2,0,0,,,,,,,,,,,,,,,122.642,4.088,1,1,1,0.92,0.77,0.46,0.31,0.15,0.15,0.08,0.08,0.08,0.08,0.08,0.08,0.08,0.08,0.08,0,0,0,0,0,0,0,0,0,0,0,0,0,0,0,0,0,0,0,0,0,0,0,0,0,,,,,,,,,,,,,,,,,,,,,,,,,,,,,,,,,,,,,,
1061727422654742,100064524835805,Shreelaxmistonedepot,"🙏 १२ एप्रिल हनुमान जन्मोत्सव 🙏
शौर्य, सेवा आणि समर्पणाचे प्रतीक – श्रीराम भक्त वीर हनुमानाला कोटी कोटी वंदन!
🔸 Shree Laxmi Stone Depot कडून हार्दिक शुभेच्छा!

🔹 Shree Laxmi Stone Depot - Since 1962
Stone | Tiles | Sanitaryware
📞 +91 99227 20095
🌐 www.shreelaxmistonedepot.com
do visit to our YouTube channel : https://youtube.com/@shreelaxmistonedepot...
📍 Mangalwar Peth & Kharadi
#TimelessElegance #LuxuryLiving #shreelaxmi #stonedepot #homedecor #homedesign #homeideas #homeinterior #pune #punehomedecor #reelsinstagram #bestinterior #reelsindia #reelviral #instadaily #BathroomLuxury #Jaquar #marbledesign #BathroomDesign #ShreeLaxmiStoneDepot #MahavirJayanti2025 #SpiritualWisdom #JainReligion",,0,"04/11/2025 19:30",N/A,https://www.facebook.com/Shreelaxmistonedepot/posts/pfbid0272kyUVGcm9FT8Wq4muncGHdRLxFgbLZ6SWQMxxDBxoCuzErVRfmBUxNAMYAfgVmcl,0,0,Photos,,,,,Lifetime,46,46,0,13,13,0,0,0,0,0,0,0,0,0,0,0,0,0,0,0,0,0,0,0,0,0,0,0,0,0,,,,,,,,,,,,,,,,,,,,,,,,,,,,,,,,,,,,,,,,,,,,,,,,,,,,,,,,,,,,,,,,,,,,,,,,,,,,,,,,,,,
1061211356039682,100064524835805,Shreelaxmistonedepot,"Bold. Beautiful. Timeless. ✨
Introducing the Capsule Series – where design meets durability!
From minimal to majestic – elevate your interiors with our Capsule Matt Granula tiles.
💠 Explore the stunning Capsule - 105, 112 & 115 collection today!
.
.
🏢 Perfect for modern homes, offices, and luxury interiors!
🔹 Shree Laxmi Stone Depot - Since 1962
Stone | Tiles | Sanitaryware
📞 +91 99227 20095
🌐 www.shreelaxmistonedepot.com
do visit to our YouTube channel : https://youtube.com/@shreelaxmistonedepot...
📍 Mangalwar Peth & Kharadi
#TimelessElegance #LuxuryLiving #shreelaxmi #stonedepot #homedecor #homedesign #homeideas #homeinterior #pune #punehomedecor #reelsinstagram #bestinterior #reelsindia #reelviral #instadaily #BathroomLuxury #Jaquar #marbledesign #BathroomDesign #ShreeLaxmiStoneDepot",,0,"04/11/2025 04:25",N/A,https://www.facebook.com/Shreelaxmistonedepot/posts/pfbid02LWp5jnvipPpaEgps43R99TRm27bZFJkDp75JszCWuWjWL9VNVUaLcbgZDydt8KEBl,0,0,Photos,,,,,Lifetime,44,44,0,12,12,0,0,0,0,0,0,0,0,0,0,0,0,0,0,0,0,0,0,0,0,0,0,0,0,0,,,,,,,,,,,,,,,,,,,,,,,,,,,,,,,,,,,,,,,,,,,,,,,,,,,,,,,,,,,,,,,,,,,,,,,,,,,,,,,,,,,
1060257136135104,100064524835805,Shreelaxmistonedepot,"🙏
१० एप्रिल – महावीर जयंती
जगाला अहिंसा आणि प्रेमाचा मार्ग दाखवणाऱ्या २४ व्या तीर्थंकर महावीर स्वामी यांना शतशः नमन.
श्री लक्ष्मी स्टोन डिपो कडून आपणा सर्वांना महावीर जयंतीच्या हार्दिक शुभेच्छा!

🔹 Shree Laxmi Stone Depot - Since 1962
Stone | Tiles | Sanitaryware
📞 +91 99227 20095
🌐 www.shreelaxmistonedepot.com
do visit to our YouTube channel : https://youtube.com/@shreelaxmistonedepot...
📍 Mangalwar Peth & Kharadi
#TimelessElegance #LuxuryLiving #shreelaxmi #stonedepot #homedecor #homedesign #homeideas #homeinterior #pune #punehomedecor #reelsinstagram #bestinterior #reelsindia #reelviral #instadaily #BathroomLuxury #Jaquar #marbledesign #BathroomDesign #ShreeLaxmiStoneDepot #MahavirJayanti2025 #SpiritualWisdom #JainReligion",,0,"04/09/2025 23:03",N/A,https://www.facebook.com/Shreelaxmistonedepot/posts/pfbid02QvoR2r2Sv6DQzoPy8Vya1VRhL2wXCeb56yYknLEioUMaVXRSQ5mTrUkRDCNDwQ2xl,0,0,Photos,,,,,Lifetime,61,61,0,13,13,0,0,0,0,0,0,0,1,1,0,0,0,0,0,0,0,0,0,0,0,0,0,0,0,0,,,,,,,,,,,,,,,,,,,,,,,,,,,,,,,,,,,,,,,,,,,,,,,,,,,,,,,,,,,,,,,,,,,,,,,,,,,,,,,,,,,
1056846009809550,100064524835805,Shreelaxmistonedepot,"🌸 श्रीराम नवमीच्या हार्दिक शुभेच्छा! 🌸
छंद नाही रामाचा, तो देह काय कामाचा... 🙏
राम भक्तीने भरलेला हा पवित्र दिवस आपल्या सर्व ग्राहकांसाठी आनंद, समाधान आणि यश घेऊन येवो!

Shree Laxmi Stone Depot कडून आपल्या सर्व प्रिय ग्राहकांचे मनःपूर्वक आभार 🙏
आपल्या विश्वासामुळेच आम्ही दर्जेदार स्टोन, टाईल्स आणि सॅनिटरीवेअर क्षेत्रात एक विश्वासार्ह नाव बनलो आहोत.

आपण असेच सहकार्य ठेवावे, हीच श्रीरामचरणी प्रार्थना!
जय श्रीराम!
🔹 Shree Laxmi Stone Depot - Since 1962
Stone | Tiles | Sanitaryware
📞 +91 99227 20095
🌐 www.shreelaxmistonedepot.com
do visit to our YouTube channel : https://youtube.com/@shreelaxmistonedepot...
📍 Mangalwar Peth & Kharadi
#TimelessElegance #LuxuryLiving #shreelaxmi #stonedepot #homedecor #homedesign #homeideas #homeinterior #pune #punehomedecor #reelsinstagram #bestinterior #reelsindia #reelviral #instadaily #BathroomLuxury #Jaquar #marbledesign #BathroomDesign #ShreeLaxmiStoneDepot",,0,"04/05/2025 17:30",N/A,https://www.facebook.com/Shreelaxmistonedepot/posts/pfbid02pLPggD8qUaVuF92o8SSHKEcmwn4nMH3NNZoQr3n9MjeewrEodJoF7eTmF4BVX28Gl,0,0,Photos,,,,,Lifetime,58,58,0,13,13,0,0,0,0,0,0,0,0,0,0,0,0,0,0,0,0,0,0,0,0,0,0,0,0,0,,,,,,,,,,,,,,,,,,,,,,,,,,,,,,,,,,,,,,,,,,,,,,,,,,,,,,,,,,,,,,,,,,,,,,,,,,,,,,,,,,,
1052860136874804,100064524835805,Shreelaxmistonedepot,"✨ Elevate your interiors with timeless elegance!
Unleash the charm of PETALS - 601 — a stunning blend of texture, design, and glossy finesse.
Perfect for transforming any space into a masterpiece of art.
.
.
🏢 Perfect for modern homes, offices, and luxury interiors!
🔹 Shree Laxmi Stone Depot - Since 1962
Stone | Tiles | Sanitaryware
📞 +91 99227 20095
🌐 www.shreelaxmistonedepot.com
do visit to our YouTube channel : https://youtube.com/@shreelaxmistonedepot...
📍 Mangalwar Peth & Kharadi

#TimelessElegance #LuxuryLiving #shreelaxmi #stonedepot #homedecor #homedesign #homeideas #homeinterior #pune #punehomedecor #reelsinstagram #bestinterior #reelsindia #reelviral #instadaily #BathroomLuxury #Jaquar #marbledesign #BathroomDesign #ShreeLaxmiStoneDepot",,0,"03/31/2025 23:14",N/A,https://www.facebook.com/Shreelaxmistonedepot/posts/pfbid035kFCiVPQCSBXYFtkEzc4k7LsxSpgNeCrgTx6mBRnRJhLddK3MFtMMqVMSjgUc59l,0,0,Photos,,,,,Lifetime,82,82,0,21,21,0,0,0,0,0,0,0,1,1,0,0,0,0,0,0,0,0,0,0,0,0,0,0,0,0,,,,,,,,,,,,,,,,,,,,,,,,,,,,,,,,,,,,,,,,,,,,,,,,,,,,,,,,,,,,,,,,,,,,,,,,,,,,,,,,,,,
1052742120219939,100064524835805,Shreelaxmistonedepot,"✨""Where strength meets style. Our tiles are built to last and designed to impress🏗
.
.
🏢 Perfect for modern homes, offices, and luxury interiors!
🔹 Shree Laxmi Stone Depot - Since 1962
Stone | Tiles | Sanitaryware
📞 +91 99227 20095
🌐 www.shreelaxmistonedepot.com
do visit to our YouTube channel : https://youtube.com/@shreelaxmistonedepot...
📍 Mangalwar Peth & Kharadi
#TimelessElegance #LuxuryLiving #shreelaxmi #stonedepot #homedecor #homedesign #homeideas #homeinterior #pune #punehomedecor #reelsinstagram #bestinterior #reelsindia #reelviral #instadaily #BathroomLuxury #Jaquar #marbledesign #BathroomDesign #ShreeLaxmiStoneDepot",,0,"03/31/2025 19:30",N/A,https://www.facebook.com/Shreelaxmistonedepot/posts/pfbid0cH1cfYiHdQLU2daKFJYTUekSqTpd5ytkQSJyxj3dve1g2gGeEbkg9M93L6oWoyBbl,0,0,Photos,,,,,Lifetime,52,52,0,19,19,0,0,0,0,0,0,0,1,1,0,0,0,0,0,0,0,0,0,0,0,0,0,0,0,0,,,,,,,,,,,,,,,,,,,,,,,,,,,,,,,,,,,,,,,,,,,,,,,,,,,,,,,,,,,,,,,,,,,,,,,,,,,,,,,,,,,
1051915533635931,100064524835805,Shreelaxmistonedepot,"✨ Premium Subway Tiles by Shree Laxmi Stone Depot!
💙 Royal Blue | 💚 Olive Green | 🤍 Classic White | 💧 Aqua Green
Glossy • Durable • Easy to Clean
Perfect for modern, cozy, and vibrant spaces!
🔹 Shree Laxmi Stone Depot - Since 1962
Stone | Tiles | Sanitaryware
📞 +91 99227 20095
🌐 www.shreelaxmistonedepot.com
do visit to our YouTube channel : https://youtube.com/@shreelaxmistonedepot...
📍 Mangalwar Peth & Kharadi
#TimelessElegance  #LuxuryLiving  #shreelaxmi  #stonedepot #homedecor #homedesign #homeideas #homeinterior #pune #punehomedecor #reelsinstagram #bestinterior #reelsindia #reelviral #instadaily #BathroomLuxury #Jaquar  #marbledesign #BathroomDesign  #ShreeLaxmiStoneDepot #HomeDecor #HappyRangPanchami #CelebrateWithColors","✨ Premium Subway Tiles by Shree Laxmi Stone Depot!
💙 Royal Blue | 💚 Olive Green | 🤍 Classic White | 💧 Aqua Green
Glossy • Durable • Easy to Clean
Perfect for modern, cozy, and vibrant spaces!
🔹 Shree Laxmi Stone Depot - Since 1962
Stone | Tiles | Sanitaryware
📞 +91 99227 20095
🌐 www.shreelaxmistonedepot.com
do visit to our YouTube channel : https://youtube.com/@shreelaxmistonedepot...
📍 Mangalwar Peth & Kharadi
#TimelessElegance  #LuxuryLiving  #shreelaxmi  #stonedepot #homedecor #homedesign #homeideas #homeinterior #pune #punehomedecor #reelsinstagram #bestinterior #reelsindia #reelviral #instadaily #BathroomLuxury #Jaquar  #marbledesign #BathroomDesign  #ShreeLaxmiStoneDepot #HomeDecor #HappyRangPanchami #CelebrateWithColors",47,"03/30/2025 19:31",N/A,https://www.facebook.com/reel/1726769944863391/,1,0,Reels,,,,,Lifetime,61,60,0,23,23,0,16,,,,0,16,1,1,0,0,,,,,,,,,,,,,,,571.656,11.433,1,1,1,0.88,0.81,0.63,0.63,0.5,0.5,0.44,0.38,0.31,0.31,0.25,0.25,0.25,0.25,0.25,0.25,0.13,0.13,0.06,0.06,0.06,0.06,0.06,0.06,0.06,0.06,0.06,0.06,0.06,0.06,0.06,0.06,0.06,0.06,0.06,0.06,0.06,0.06,0,0,,,,,,,,,,,,,,,,,,,,,,,,,,,,,,,,,,,,,,
992686679558817,100064524835805,Shreelaxmistonedepot,"✨ New Designs Alert! Now in Pune! ✨

Give your home a stylish makeover with the latest tile designs from Shree Laxmi Stone Depot! 💎 Effortlessly elevate your interiors with our premium and elegant collections.

🏡 Transform your space with ease and step into the New Year with style!

📞 Call: +91 9922720095
🌐 www.shreelaxmistonedepot.com

#TimelessElegance  #LuxuryLiving  #shreelaxmi  #stonedepot #homedecor #homedesign #homeideas #homeinterior #pune #punehomedecor #reelsinstagram #bestinterior #reelsindia #reelviral #instadaily #kitchentop #BathroomLuxury #Jaquar #RelaxationRedefined #LuxuryLiving #marble #marbledesign #BathroomDesign #LuxuryLiving #ShreeLaxmiStoneDepot #HomeDecor #InteriorDesign #Tiles #PuneHomes #LuxuryLiving""",,0,"01/10/2025 00:55",N/A,https://www.facebook.com/Shreelaxmistonedepot/posts/pfbid0352zhffzT6XncGQ1sne8cWuyHVikZ19dxmYbkbeSf8wGYcJSM5avUa3j4GZeUN1B8l,0,0,Photos,,,,,Lifetime,36,36,0,8,8,0,0,0,0,0,0,0,0,0,0,0,0,0,0,0,0,0,0,0,0,0,0,0,0,0,,,,,,,,,,,,,,,,,,,,,,,,,,,,,,,,,,,,,,,,,,,,,
992684969558988,100064524835805,Shreelaxmistonedepot,"✨ Elevate Your Space with Unique Tiles! ✨

Looking for exclusive tiles that aren’t available in Pune? Shree Laxmi Stone Depot brings you stunning designs delivered hassle-free right to your doorstep!

💎 Transform your interiors with style and elegance.
🚚 Easy delivery, premium quality, and exceptional designs!

📞 Call: +91 9922720095
🌐 www.shreelaxmistonedepot.com

Visit us today and start the New Year with a fresh new look! ✨
#TimelessElegance  #LuxuryLiving  #shreelaxmi  #stonedepot #homedecor #homedesign #homeideas #homeinterior #pune #punehomedecor #reelsinstagram #bestinterior #reelsindia #reelviral #instadaily #kitchentop #BathroomLuxury #Jaquar #RelaxationRedefined #LuxuryLiving #marble #marbledesign #BathroomDesign #LuxuryLiving #ShreeLaxmiStoneDepot #HomeDecor #InteriorDesign #Tiles #PuneHomes #LuxuryLiving""",,0,"01/10/2025 00:51",N/A,https://www.facebook.com/Shreelaxmistonedepot/posts/pfbid0A61REe6zwHqavuL6eUWXdggYdYSr6PM3ogcxgvLMFPSJB12V9ZmBqL5MHJVenYmol,0,0,Photos,,,,,Lifetime,40,40,0,16,16,0,0,0,0,0,0,0,1,1,0,0,0,0,0,0,0,0,0,0,0,0,0,0,0,0,,,,,,,,,,,,,,,,,,,,,,,,,,,,,,,,,,,,,,,,,,,,,
1051086127052205,100064524835805,Shreelaxmistonedepot,"✨ Add Texture, Depth & Sophistication to Your Walls! ✨
Introducing Kite-501 & Kite-502 from our Matt Regular collection — the perfect blend of subtle patterns and bold design to elevate any space.
🏢 Perfect for modern homes, offices, and luxury interiors!
🔹 Shree Laxmi Stone Depot - Since 1962
Stone | Tiles | Sanitaryware
📞 +91 99227 20095
🌐 www.shreelaxmistonedepot.com
do visit to our YouTube channel : https://youtube.com/@shreelaxmistonedepot...
📍 Mangalwar Peth & Kharadi
#TimelessElegance #LuxuryLiving #shreelaxmi #stonedepot #homedecor #homedesign #homeideas #homeinterior #pune #punehomedecor #reelsinstagram #bestinterior #reelsindia #reelviral #instadaily #BathroomLuxury #Jaquar #marbledesign #BathroomDesign #ShreeLaxmiStoneDepot",,0,"03/29/2025 19:30",N/A,https://www.facebook.com/Shreelaxmistonedepot/posts/pfbid02e1p2xd5CvWrFB1tk7v2eP2DhrmodkB5PxijLxpLiGs91rJhhbdpsUs5yKoFhzP2Rl,0,0,Photos,,,,,Lifetime,27,27,0,17,17,0,0,0,0,0,0,0,1,1,0,0,0,0,0,0,0,0,0,0,0,0,0,0,0,0,,,,,,,,,,,,,,,,,,,,,,,,,,,,,,,,,,,,,,,,,,,,,
1051086050385546,100064524835805,Shreelaxmistonedepot,"✨ Elevate your space with the perfect blend of elegance and gloss! ✨

Introducing the GSM - 57 & GSM - 58 from our Lux Collection – a statement of luxury and sophistication. 🖤✨

Visit us at Mangalwar Peth & Kharadi or explore more at shreelaxmistone.com
🔹 Shree Laxmi Stone Depot - Since 1962
Stone | Tiles | Sanitaryware
📞 +91 99227 20095
🌐 www.shreelaxmistonedepot.com
do visit to our YouTube channel : https://youtube.com/@shreelaxmistonedepot...
📍 Mangalwar Peth & Kharadi
#TimelessElegance #LuxuryLiving #shreelaxmi #stonedepot #homedecor #homedesign #homeideas #homeinterior #pune #punehomedecor #reelsinstagram #bestinterior #reelsindia #reelviral #instadaily #BathroomLuxury #Jaquar #marbledesign #BathroomDesign #ShreeLaxmiStoneDepot",,0,"03/29/2025 19:30",N/A,https://www.facebook.com/Shreelaxmistonedepot/posts/pfbid02Paw96Lu8zAYEbjMeMdR1yCgCzTqRjZSEdRLzZSiEv2sqo992Ydmg9Bh7VorTyHVHl,0,0,Photos,,,,,Lifetime,19,19,0,12,12,0,0,0,0,0,0,0,1,1,0,0,0,0,0,0,0,0,0,0,0,0,0,0,0,0,,,,,,,,,,,,,,,,,,,,,,,,,,,,,,,,,,,,,,,,,,,,,
1050652390428912,100064524835805,Shreelaxmistonedepot,"✨ Wishing You a Happy Gudi Padwa!
May this New Year bring prosperity, positivity, and stone-crafted elegance to your spaces.
Here's to strong foundations and beautiful new beginnings! 🌼
🔹 Shree Laxmi Stone Depot - Since 1962
Stone | Tiles | Sanitaryware
📞 +91 99227 20095
🌐 www.shreelaxmistonedepot.com
do visit to our YouTube channel : https://youtube.com/@shreelaxmistonedepot...
📍 Mangalwar Peth & Kharadi
#TimelessElegance #LuxuryLiving #shreelaxmi #stonedepot #homedecor #homedesign #homeideas #homeinterior #pune #punehomedecor #reelsinstagram #bestinterior #reelsindia #reelviral #instadaily #BathroomLuxury #Jaquar #marbledesign #BathroomDesign #ShreeLaxmiStoneDepot",,0,"03/29/2025 06:42",N/A,https://www.facebook.com/Shreelaxmistonedepot/posts/pfbid022A86mz1t9AHAb1gV2zAsYY6rfRdtxxu9HfFvyUVsYvBpTDXpNDJ2Yw6XqvqHj1n1l,0,0,Photos,,,,,Lifetime,19,19,0,14,14,0,0,0,0,0,0,0,1,1,0,0,0,0,0,0,0,0,0,0,0,0,0,0,0,0,,,,,,,,,,,,,,,,,,,,,,,,,,,,,,,,,,,,,,,,,,,,,
1050415430452608,100064524835805,Shreelaxmistonedepot,"✨ Add Timeless Charm to Your Walls! ✨
Explore our stunning Swarovski-101 & Swarovski-107 designs from the Matt-Granula collection.
Perfect textures, elegant patterns — a true blend of beauty and durability!
🏠 Ideal for homes, offices & commercial spaces.
🔹 Shree Laxmi Stone Depot - Since 1962
Stone | Tiles | Sanitaryware
📞 +91 99227 20095
🌐 www.shreelaxmistonedepot.com
do visit to our YouTube channel : https://youtube.com/@shreelaxmistonedepot...
📍 Mangalwar Peth & Kharadi
#TimelessElegance #LuxuryLiving #shreelaxmi #stonedepot #homedecor #homedesign #homeideas #homeinterior #pune #punehomedecor #reelsinstagram #bestinterior #reelsindia #reelviral #instadaily #BathroomLuxury #Jaquar #marbledesign #BathroomDesign #ShreeLaxmiStoneDepot",,0,"03/28/2025 22:56",N/A,https://www.facebook.com/Shreelaxmistonedepot/posts/pfbid032k5yMnqdS1ggHW3QLSqKXsg8myF6phSjCWW1dQkfkLvHc1F9mtKjB9J8T1czuaUAl,0,0,Photos,,,,,Lifetime,23,23,0,8,8,0,0,0,0,0,0,0,0,0,0,0,0,0,0,0,0,0,0,0,0,0,0,0,0,0,,,,,,,,,,,,,,,,,,,,,,,,,,,,,,,,,,,,,,,,,,,,,
1050414173786067,100064524835805,Shreelaxmistonedepot,"✨ Give Your Walls a Touch of Timeless Elegance! ✨
Transform any space with the stunning Swarovski-109 from our Matt-Granula collection.
Perfect design, premium finish — only at Shree Laxmi Stone Depot.
🔹 Shree Laxmi Stone Depot - Since 1962
Stone | Tiles | Sanitaryware
📞 +91 99227 20095
🌐 www.shreelaxmistonedepot.com
do visit to our YouTube channel : https://youtube.com/@shreelaxmistonedepot...
📍 Mangalwar Peth & Kharadi
#TimelessElegance #LuxuryLiving #shreelaxmi #stonedepot #homedecor #homedesign #homeideas #homeinterior #pune #punehomedecor #reelsinstagram #bestinterior #reelsindia #reelviral #instadaily #BathroomLuxury #Jaquar #marbledesign #BathroomDesign #ShreeLaxmiStoneDepot",,0,"03/28/2025 22:54",N/A,https://www.facebook.com/Shreelaxmistonedepot/posts/pfbid02pvTx7ScX8JQXuGcBP2s6MFVM68kQyUsgvKyFfCGKm8TBUaJHYS2Ds2YxtjUvGDJ1l,0,0,Photos,,,,,Lifetime,18,18,0,10,10,0,0,0,0,0,0,0,1,1,0,0,0,0,0,0,0,0,0,0,0,0,0,0,0,0,,,,,,,,,,,,,,,,,,,,,,,,,,,,,,,,,,,,,,,,,,,,,
1050314377129380,100064524835805,Shreelaxmistonedepot,"✨ Transform your spaces with elegance!
Shree Laxmi Stone Depot brings you the exclusive KITKAT designer wall tiles — where style meets sophistication! 💫

🛁 KITKAT-610 (Beige Glossy): Subtle luxury for bathrooms & vanities
🌿 KITKAT-602 (Green Glossy): A bold splash of freshness
🌊 KITKAT-601 (Blue Glossy): Cool vibes for standout feature walls
🍑 KITKAT-406 (Peach Carving): Soothing charm for cozy corners

✅ Glossy & Carving Finishes
✅ Durable | Stylish | Low Maintenance
🔹 Shree Laxmi Stone Depot - Since 1962
Stone | Tiles | Sanitaryware
📞 +91 99227 20095
🌐 www.shreelaxmistonedepot.com
do visit to our YouTube channel : https://youtube.com/@shreelaxmistonedepot...
📍 Mangalwar Peth & Kharadi
#TimelessElegance  #LuxuryLiving  #shreelaxmi  #stonedepot #homedecor #homedesign #homeideas #homeinterior #pune #punehomedecor #reelsinstagram #bestinterior #reelsindia #reelviral #instadaily #BathroomLuxury #Jaquar  #marbledesign #BathroomDesign  #ShreeLaxmiStoneDepot #HomeDeco","✨ Transform your spaces with elegance!
Shree Laxmi Stone Depot brings you the exclusive KITKAT designer wall tiles — where style meets sophistication! 💫

🛁 KITKAT-610 (Beige Glossy): Subtle luxury for bathrooms & vanities
🌿 KITKAT-602 (Green Glossy): A bold splash of freshness
🌊 KITKAT-601 (Blue Glossy): Cool vibes for standout feature walls
🍑 KITKAT-406 (Peach Carving): Soothing charm for cozy corners

✅ Glossy & Carving Finishes
✅ Durable | Stylish | Low Maintenance
🔹 Shree Laxmi Stone Depot - Since 1962
Stone | Tiles | Sanitaryware
📞 +91 99227 20095
🌐 www.shreelaxmistonedepot.com
do visit to our YouTube channel : https://youtube.com/@shreelaxmistonedepot...
📍 Mangalwar Peth & Kharadi
#TimelessElegance  #LuxuryLiving  #shreelaxmi  #stonedepot #homedecor #homedesign #homeideas #homeinterior #pune #punehomedecor #reelsinstagram #bestinterior #reelsindia #reelviral #instadaily #BathroomLuxury #Jaquar  #marbledesign #BathroomDesign  #ShreeLaxmiStoneDepot #HomeDeco",46,"03/28/2025 19:30",uploaded,https://www.facebook.com/reel/4043882989266005/,1,0,Reels,,,,,Lifetime,20,20,0,11,11,0,6,,,,0,6,0,0,0,0,,,,,,,,,,,,,,,47.127,2.356,1,1,1,0.67,0.67,0.33,0.17,0.17,0,0,0,0,0,0,0,0,0,0,0,0,0,0,0,0,0,0,0,0,0,0,0,0,0,0,0,0,0,0,0,0,0,0,0
1049543633873121,100064524835805,Shreelaxmistonedepot,"✨ Shree Laxmi Stone Depot
Bringing luxurious designer tiles to your spaces! 🏡

✅ Premium luxury finishes
✅ Durable, designer & easy to maintain

Elevate your interiors with timeless beauty.
🔹 Shree Laxmi Stone Depot - Since 1962
Stone | Tiles | Sanitaryware
📞 +91 99227 20095
🌐 www.shreelaxmistonedepot.com
do visit to our YouTube channel : https://youtube.com/@shreelaxmistonedepot...
📍 Mangalwar Peth & Kharadi
#TimelessElegance  #LuxuryLiving  #shreelaxmi  #stonedepot #homedecor #homedesign #homeideas #homeinterior #pune #punehomedecor #reelsinstagram #bestinterior #reelsindia #reelviral #instadaily #BathroomLuxury #Jaquar  #marbledesign #BathroomDesign  #ShreeLaxmiStoneDepot #HomeDeco","✨ Shree Laxmi Stone Depot
Bringing luxurious designer tiles to your spaces! 🏡

✅ Premium luxury finishes
✅ Durable, designer & easy to maintain

Elevate your interiors with timeless beauty.
🔹 Shree Laxmi Stone Depot - Since 1962
Stone | Tiles | Sanitaryware
📞 +91 99227 20095
🌐 www.shreelaxmistonedepot.com
do visit to our YouTube channel : https://youtube.com/@shreelaxmistonedepot...
📍 Mangalwar Peth & Kharadi
#TimelessElegance  #LuxuryLiving  #shreelaxmi  #stonedepot #homedecor #homedesign #homeideas #homeinterior #pune #punehomedecor #reelsinstagram #bestinterior #reelsindia #reelviral #instadaily #BathroomLuxury #Jaquar  #marbledesign #BathroomDesign  #ShreeLaxmiStoneDepot #HomeDeco",46,"03/27/2025 19:31",N/A,https://www.facebook.com/reel/1158955338831810/,1,0,Reels,,,,,Lifetime,29,29,0,16,16,0,8,,,,0,8,2,2,0,0,,,,,,,,,,,,,,,86.031,3.186,1,1,1,0.88,0.63,0.63,0.38,0.13,0.13,0.13,0,0,0,0,0,0,0,0,0,0,0,0,0,0,0,0,0,0,0,0,0,0,0,0,0,0,0,0,0,0,0,0,0
1048975990596552,100064524835805,Shreelaxmistonedepot,"✨ Shree Laxmi Stone Depot
Premium designer wall tiles for spaces that speak style! 🏡💫

🎨 Discover the power of color with our GRID Collection:

✅ Matt finish with carved elegance
✅ Durable | Stylish | Easy to maintain

🔹 Shree Laxmi Stone Depot - Since 1962
Stone | Tiles | Sanitaryware
📞 +91 99227 20095
🌐 www.shreelaxmistonedepot.com
do visit to our YouTube channel : https://youtube.com/@shreelaxmistonedepot...
📍 Mangalwar Peth & Kharadi
#TimelessElegance  #LuxuryLiving  #shreelaxmi  #stonedepot #homedecor #homedesign #homeideas #homeinterior #pune #punehomedecor #reelsinstagram #bestinterior #reelsindia #reelviral #instadaily #BathroomLuxury #Jaquar  #marbledesign #BathroomDesign  #ShreeLaxmiStoneDepot #HomeDeco","✨ Shree Laxmi Stone Depot
Premium designer wall tiles for spaces that speak style! 🏡💫

🎨 Discover the power of color with our GRID Collection:

✅ Matt finish with carved elegance
✅ Durable | Stylish | Easy to maintain

🔹 Shree Laxmi Stone Depot - Since 1962
Stone | Tiles | Sanitaryware
📞 +91 99227 20095
🌐 www.shreelaxmistonedepot.com
do visit to our YouTube channel : https://youtube.com/@shreelaxmistonedepot...
📍 Mangalwar Peth & Kharadi
#TimelessElegance  #LuxuryLiving  #shreelaxmi  #stonedepot #homedecor #homedesign #homeideas #homeinterior #pune #punehomedecor #reelsinstagram #bestinterior #reelsindia #reelviral #instadaily #BathroomLuxury #Jaquar  #marbledesign #BathroomDesign  #ShreeLaxmiStoneDepot #HomeDeco",65,"03/27/2025 02:01",uploaded,https://www.facebook.com/reel/1024517766247352/,0,0,Reels,,,,,Lifetime,41,41,0,23,23,0,17,,,,0,17,2,2,0,0,,,,,,,,,,,,,,,489.719,13.603,1,1,0.94,0.88,0.76,0.65,0.53,0.41,0.41,0.41,0.41,0.41,0.35,0.35,0.35,0.35,0.35,0.35,0.24,0.18,0.18,0.18,0.18,0.24,0.24,0.24,0.18,0.18,0.12,0.12,0.12,0.12,0.12,0.12,0.12,0.12,0.12,0.12,0.12,0.12,0.06,0,0
1042672037893614,100064524835805,Shreelaxmistonedepot,"🎨 Happy Rang Panchami! 🏡

Let the colors of celebration shine, while your space stays pristine! ✨💧
Celebrate with joy, and let your interiors reflect elegance & beauty.
🔹 Shree Laxmi Stone Depot - Since 1962
Stone | Tiles | Sanitaryware
📞 +91 99227 20095
🌐 www.shreelaxmistonedepot.com
do visit to our YouTube channel : https://youtube.com/@shreelaxmistonedepot...
📍 Mangalwar Peth & Kharadi
#TimelessElegance  #LuxuryLiving  #shreelaxmi  #stonedepot #homedecor #homedesign #homeideas #homeinterior #pune #punehomedecor #reelsinstagram #bestinterior #reelsindia #reelviral #instadaily #BathroomLuxury #Jaquar  #marbledesign #BathroomDesign  #ShreeLaxmiStoneDepot #HomeDecor #HappyRangPanchami #CelebrateWithColors #StoneTilesSanitaryware #ShreeLaxmiStoneDepot #FestivalVibes #ElegantInteriors",,0,"03/19/2025 00:36",N/A,https://www.facebook.com/Shreelaxmistonedepot/posts/pfbid0W78VDQSqN52u69Ltn17C6pXojYMtYK4UF6mVCynAgCBPmcdnVZGo1kQ3bjisQvCTl,0,0,Photos,,,,,Lifetime,39,39,0,11,11,0,0,0,0,0,0,0,0,0,0,0,0,0,0,0,0,0,0,0,0,0,0,0,0,0,,,,,,,,,,,,,,,,,,,,,,,,,,,,,,,,,,,,,,,,,,,,,
1037963045031180,100064524835805,Shreelaxmistonedepot,"🌈✨ Celebrate Holi with Colors that Last! ✨🌈

Just like Holi fills the world with vibrant colors, enhance your spaces with beautiful & durable tiles & stones from Shree Laxmi Stone Depot! 🏡🎨

✔ Premium Quality Tiles & Stones
✔ Vibrant & Long-lasting Colors
✔ Perfect for Every Space
🔹 Shree Laxmi Stone Depot - Since 1962
Stone | Tiles | Sanitaryware
📞 +91 99227 20095
🌐 www.shreelaxmistonedepot.com
do visit to our YouTube channel : https://youtube.com/@shreelaxmistonedepot...
📍 Mangalwar Peth & Kharadi
#TimelessElegance  #LuxuryLiving  #shreelaxmi  #stonedepot #homedecor #homedesign #homeideas #homeinterior #pune #punehomedecor #reelsinstagram #bestinterior #reelsindia #reelviral #instadaily #BathroomLuxury #Jaquar  #marbledesign #BathroomDesign  #ShreeLaxmiStoneDepot #HomeDecor #FestivalOfColors #ColorfulHomes #HoliCelebration",,0,"03/12/2025 19:30",N/A,https://www.facebook.com/Shreelaxmistonedepot/posts/pfbid02Kq4SQ2CktdJ4i93kGRJjae44sSdLESMncTZeFnuWEFf656SK3zDJhXLe4go8FSypl,0,0,Photos,,,,,Lifetime,70,70,0,13,13,0,0,0,0,0,0,0,0,0,0,0,0,0,0,0,0,0,0,0,0,0,0,0,0,0,,,,,,,,,,,,,,,,,,,,,,,,,,,,,,,,,,,,,,,,,,,,,
1034218488738969,100064524835805,Shreelaxmistonedepot,"🌸 Happy International Women’s Day! 🌸

Grace, Strength, and Elegance! ✨ Today, we celebrate the spirit of women—resilient, inspiring, and unstoppable. 💃💖

Join us in honoring the incredible women who bring beauty and strength to the world. 💪
🔹 Shree Laxmi Stone Depot - Since 1962
Stone | Tiles | Sanitaryware
📞 +91 99227 20095
🌐 www.shreelaxmistonedepot.com
do visit to our YouTube channel : https://youtube.com/@shreelaxmistonedepot...
📍 Mangalwar Peth & Kharadi
#TimelessElegance  #LuxuryLiving  #shreelaxmi  #stonedepot #homedecor #homedesign #homeideas #homeinterior #pune #punehomedecor #reelsinstagram #bestinterior #reelsindia #reelviral #instadaily #BathroomLuxury #Jaquar  #marbledesign #BathroomDesign  #ShreeLaxmiStoneDepot #HomeDecor #ShreeLaxmiStoneDepot #HappyWomensDay #StrengthAndElegance #CelebrateWomen #SLSD",,0,"03/07/2025 18:30",N/A,https://www.facebook.com/Shreelaxmistonedepot/posts/pfbid037Et1Vm9SNw6J3hoTp8g2KED1duNCBoc7pKx2wwsYLb8wgQyYvcwZ1taZrtNuzrGSl,0,0,Photos,,,,,Lifetime,50,50,0,12,12,0,0,0,0,0,0,0,0,0,0,0,0,0,0,0,0,0,0,0,0,0,0,0,0,0,,,,,,,,,,,,,,,,,,,,,,,,,,,,,,,,,,,,,,,,,,,,,
1032704965556988,100064524835805,Shreelaxmistonedepot,"✨ Your Trusted Distributor for Vitronite! ✨

Looking for luxury, durability, and innovation in surface solutions? We are authorized distributors of Vitronite, offering a premium range of high-quality surfaces, tiles, and decorative solutions to enhance your interiors.

🌟 Why Choose Vitronite?
✅ Premium Quality & Elegant Finishes
✅ Durable & Long-Lasting Performance
✅ Versatile Designs for Modern & Classic Spaces
✅ Ideal for Homes, Offices, & Commercial Projects

As a trusted distributor, we ensure expert guidance, the best deals, and top-quality products to help you achieve stunning and functional spaces.
📍 Elevate your space with timeless beauty
🔹 Shree Laxmi Stone Depot - Since 1962
Stone | Tiles | Sanitaryware
📞 +91 99277 20095
🌐 www.shreelaxmistonedepot.com
do visit to our YouTube channel : https://youtube.com/@shreelaxmistonedepot...
📍 Mangalwar Peth & Kharadi
#TimelessElegance  #LuxuryLiving  #shreelaxmi  #stonedepot #homedecor #homedesign #homeideas #homeinterior #pune #punehomedecor #reelsinstagram #bestinterior #reelsindia #reelviral #instadaily #BathroomLuxury #Jaquar  #marbledesign #BathroomDesign  #ShreeLaxmiStoneDepot #HomeDecor","✨ Your Trusted Distributor for Vitronite! ✨

Looking for luxury, durability, and innovation in surface solutions? We are authorized distributors of Vitronite, offering a premium range of high-quality surfaces, tiles, and decorative solutions to enhance your interiors.

🌟 Why Choose Vitronite?
✅ Premium Quality & Elegant Finishes
✅ Durable & Long-Lasting Performance
✅ Versatile Designs for Modern & Classic Spaces
✅ Ideal for Homes, Offices, & Commercial Projects

As a trusted distributor, we ensure expert guidance, the best deals, and top-quality products to help you achieve stunning and functional spaces.
📍 Elevate your space with timeless beauty
🔹 Shree Laxmi Stone Depot - Since 1962
Stone | Tiles | Sanitaryware
📞 +91 99277 20095
🌐 www.shreelaxmistonedepot.com
do visit to our YouTube channel : https://youtube.com/@shreelaxmistonedepot...
📍 Mangalwar Peth & Kharadi
#TimelessElegance  #LuxuryLiving  #shreelaxmi  #stonedepot #homedecor #homedesign #homeideas #homeinterior #pune #punehomedecor #reelsinstagram #bestinterior #reelsindia #reelviral #instadaily #BathroomLuxury #Jaquar  #marbledesign #BathroomDesign  #ShreeLaxmiStoneDepot #HomeDecor",21,"03/05/2025 18:30",uploaded,https://www.facebook.com/reel/1605361723492799/,1,0,Reels,,,,,Lifetime,31,31,0,18,18,0,10,,,,0,10,2,2,0,0,,,,,,,,,,,,,,,185.553,7.422,1,1,1,1,1,1,1,0.9,0.8,0.7,0.7,0.6,0.6,0.6,0.6,0.6,0.6,0.5,0.4,0.3,0.3,0.3,0.3,0.3,0.3,,,,,,,,,,,,,,,,,0,0
1031988155628669,100064524835805,Shreelaxmistonedepot,"🚿✨ Your Trusted Distributor for Jonsin Bathware! ✨🚿

Looking for luxury, durability, and innovation in bathroom solutions? We are authorized distributors of Jonsin Bathware, bringing you the finest range of bath fittings, sanitaryware, faucets, showers, and accessories to elevate your space.

🌟 Why Choose Jonsin Bathware?
✅ Superior Quality & Elegant Designs
✅ Water-Saving & Eco-Friendly Technology
✅ Long-Lasting Durability & Easy Maintenance
✅ Perfect for Homes, Hotels, & Commercial Spaces

As a trusted distributor, we ensure the best deals, expert guidance, and high-quality products for your modern, stylish, and luxurious bathrooms.
🔹 Shree Laxmi Stone Depot - Since 1962
Stone | Tiles | Sanitaryware
📞 +91 99277 20095
🌐 www.shreelaxmistonedepot.com
do visit to our YouTube channel : https://youtube.com/@shreelaxmistonedepot...
📍 Mangalwar Peth & Kharadi
📩 DM us or call for inquiries! Let’s bring luxury to your space.

#Jaquar #LuxuryBathing #ModernBathrooms #PremiumFittings #Vitronite #AuthorizedDistributor #HomeImprovement #ElegantLiving #TimelessElegance  #LuxuryLiving  #shreelaxmi  #stonedepot #homedecor #homedesign #homeideas #homeinterior #pune #punehomedecor #reelsinstagram #bestinterior #reelsindia #reelviral #instadaily #BathroomLuxury #Jaquar  #marbledesign","🚿✨ Your Trusted Distributor for Jonsin Bathware! ✨🚿

Looking for luxury, durability, and innovation in bathroom solutions? We are authorized distributors of Jonsin Bathware, bringing you the finest range of bath fittings, sanitaryware, faucets, showers, and accessories to elevate your space.

🌟 Why Choose Jonsin Bathware?
✅ Superior Quality & Elegant Designs
✅ Water-Saving & Eco-Friendly Technology
✅ Long-Lasting Durability & Easy Maintenance
✅ Perfect for Homes, Hotels, & Commercial Spaces

As a trusted distributor, we ensure the best deals, expert guidance, and high-quality products for your modern, stylish, and luxurious bathrooms.
🔹 Shree Laxmi Stone Depot - Since 1962
Stone | Tiles | Sanitaryware
📞 +91 99277 20095
🌐 www.shreelaxmistonedepot.com
do visit to our YouTube channel : https://youtube.com/@shreelaxmistonedepot...
📍 Mangalwar Peth & Kharadi
📩 DM us or call for inquiries! Let’s bring luxury to your space.

#Jaquar #LuxuryBathing #ModernBathrooms #PremiumFittings #Vitronite #AuthorizedDistributor #HomeImprovement #ElegantLiving #TimelessElegance  #LuxuryLiving  #shreelaxmi  #stonedepot #homedecor #homedesign #homeideas #homeinterior #pune #punehomedecor #reelsinstagram #bestinterior #reelsindia #reelviral #instadaily #BathroomLuxury #Jaquar  #marbledesign",27,"03/04/2025 18:31",uploaded,https://www.facebook.com/reel/492278410614618/,1,0,Reels,,,,,Lifetime,27,27,0,22,22,0,7,,,,0,7,1,1,0,0,,,,,,,,,,,,,,,139.574,5.582,1,1,1,1,1,1,1,0.86,0.86,0.86,0.86,0.71,0.71,0.71,0.71,0.71,0.57,0.57,0.57,0.57,0.43,0.29,0.14,0,0,0,0,0,0,,,,,,,,,,,,,0,0
1031332682360883,100064524835805,Shreelaxmistonedepot,"✨ Authorized Distributor of Vitronite! ✨

Bring elegance, durability, and sophistication to your space with Vitronite – the perfect choice for modern interiors. As an official distributor, we offer premium-quality surfaces that redefine luxury and strength. Whether for homes, offices, or commercial projects, our collection ensures a stylish and long-lasting appeal.

🔹 Unmatched Strength & Durability
🔹 Luxurious & Elegant Designs
🔹 Perfect for Homes, Offices & Commercial Spaces

Upgrade your interiors with Vitronite today! Contact us for the best deals and expert guidance.
🔹 Shree Laxmi Stone Depot - Since 1962
Stone | Tiles | Sanitaryware
📞 +91 99277 20095
🌐 www.shreelaxmistonedepot.com
do visit to our YouTube channel : https://youtube.com/@shreelaxmistonedepot...
📍 Mangalwar Peth & Kharadi
📩 DM us or call for inquiries! Let’s build something extraordinary together.

#Vitronite #AuthorizedDistributor #LuxuryInteriors #HomeDecor #ModernDesign #PremiumSurfaces #InteriorGoals","✨ Authorized Distributor of Vitronite! ✨

Bring elegance, durability, and sophistication to your space with Vitronite – the perfect choice for modern interiors. As an official distributor, we offer premium-quality surfaces that redefine luxury and strength. Whether for homes, offices, or commercial projects, our collection ensures a stylish and long-lasting appeal.

🔹 Unmatched Strength & Durability
🔹 Luxurious & Elegant Designs
🔹 Perfect for Homes, Offices & Commercial Spaces

Upgrade your interiors with Vitronite today! Contact us for the best deals and expert guidance.
🔹 Shree Laxmi Stone Depot - Since 1962
Stone | Tiles | Sanitaryware
📞 +91 99277 20095
🌐 www.shreelaxmistonedepot.com
do visit to our YouTube channel : https://youtube.com/@shreelaxmistonedepot...
📍 Mangalwar Peth & Kharadi
📩 DM us or call for inquiries! Let’s build something extraordinary together.

#Vitronite #AuthorizedDistributor #LuxuryInteriors #HomeDecor #ModernDesign #PremiumSurfaces #InteriorGoals",21,"03/03/2025 22:27",N/A,https://www.facebook.com/reel/1152299323069531/,0,0,Reels,,,,,Lifetime,45,44,0,32,32,0,21,,,,0,21,1,1,0,0,,,,,,,,,,,,,,,333.971,10.773,1,1,1,1,1,1,0.86,0.81,0.76,0.71,0.67,0.67,0.57,0.52,0.52,0.52,0.48,0.48,0.48,0.48,0.48,0.48,0.43,0.43,0.43,,,,,,,,,,,,,,,,,0,0
1029383135889171,100064524835805,Shreelaxmistonedepot,"🌙 Ramadan Mubarak! ✨
May this holy month bring peace, happiness, and prosperity into your life. 🌿

Let the spiritual essence of Ramadan illuminate your heart and soul with purity and blessings.

🌟 Wishing you a blessed Ramadan from Shree Laxmi Stone Depot!

📞 +91 99227 20095
🌐 www.shreelaxmistonedepot.com

#RamadanMubarak #Blessings #HolyMonth #Peace #Spirituality #ShreeLaxmiStoneDepot",,0,"03/01/2025 08:08",N/A,https://www.facebook.com/Shreelaxmistonedepot/posts/pfbid024ZurmQ5QTLBYfM79mAv1eH3XV5jtUiKkco2gBYAFhUjs7Ui2eiBMYvZBFUwdB78Al,0,0,Photos,,,,,Lifetime,25,25,0,9,9,0,0,0,0,0,0,0,0,0,0,0,0,0,0,0,0,0,0,0,0,0,0,0,0,0,,,,,,,,,,,,,,,,,,,,,,,,,,,,,,,,,,,,,,,,,,,,,
1026489512845200,100064524835805,Shreelaxmistonedepot,"💙 Cobalt Blue: Serenity & Focus for a Space That Inspires Growth! 💙

Create an atmosphere of tranquility and elegance with Cobalt Blue Stone from Shree Laxmi Stone Depot. Perfect for modern interiors, this rich hue enhances focus, productivity, and style! 🌊✨

📍 Elevate your space with timeless beauty
🔹 Shree Laxmi Stone Depot - Since 1962
Stone | Tiles | Sanitaryware
📞 +91 99227 20095
🌐 www.shreelaxmistonedepot.com
do visit to our YouTube channel : https://youtube.com/@shreelaxmistonedepot...
📍 Mangalwar Peth & Kharadi
#TimelessElegance  #LuxuryLiving  #shreelaxmi  #stonedepot #homedecor #homedesign #homeideas #homeinterior #pune #punehomedecor #reelsinstagram #bestinterior #reelsindia #reelviral #instadaily #BathroomLuxury #Jaquar  #marbledesign #BathroomDesign  #ShreeLaxmiStoneDepot #HomeDecor",,0,"02/25/2025 18:30",N/A,https://www.facebook.com/Shreelaxmistonedepot/posts/pfbid0SZADFB1tTVKGjZafxURMu7edkTFcF5h5WfsVTxVKJW7eHq73NEPAn2pVb7Re5JXBl,0,0,Photos,,,,,Lifetime,71,71,0,10,10,0,0,0,0,0,0,0,1,1,0,0,0,0,0,0,0,0,0,0,0,0,0,0,0,0,,,,,,,,,,,,,,,,,,,,,,,,,,,,,,,,,,,,,,,,,,,,,
1026489499511868,100064524835805,Shreelaxmistonedepot,"🔱 महाशिवरात्रीच्या हार्दिक शुभेच्छा! 🔱

महादेवाची कृपा सदैव तुमच्यावर राहो!
शांतता, समृद्धी आणि सकारात्मक ऊर्जा तुमच्या जीवनात नांदो.

हर हर महादेव! 🙌🕉️
📍 Premium quality for modern designs
🔹 Shree Laxmi Stone Depot - Since 1962
Stone | Tiles | Sanitaryware
📞 +91 99227 20095
🌐 www.shreelaxmistonedepot.com
do visit to our YouTube channel : https://youtube.com/@shreelaxmistonedepot...
📍 Mangalwar Peth & Kharadi
#TimelessElegance  #LuxuryLiving  #shreelaxmi  #stonedepot #homedecor #homedesign #homeideas #homeinterior #pune #punehomedecor #reelsinstagram #bestinterior #reelsindia #reelviral #instadaily #BathroomLuxury #Jaquar  #marbledesign #BathroomDesign  #ShreeLaxmiStoneDepot #HomeDecor #महाशिवरात्रि #हरहरमहादेव #शिवशक्ती #ॐनमःशिवाय #शिवभक्ती #ShreeLaxmiStoneDepot",,0,"02/25/2025 18:30",N/A,https://www.facebook.com/Shreelaxmistonedepot/posts/pfbid02t4r3Pu29WHdgtHrgTEamcVRLhpeey1rtqRsUHxFiyAuDpR9TbKhtEK7hrPT9rC1Jl,0,0,Photos,,,,,Lifetime,15,15,0,8,8,0,0,0,0,0,0,0,0,0,0,0,0,0,0,0,0,0,0,0,0,0,0,0,0,0,,,,,,,,,,,,,,,,,,,,,,,,,,,,,,,,,,,,,,,,,,,,,
1025996689561149,100064524835805,Shreelaxmistonedepot,"🔥 Lakha Red: The Power of Fortune & Energy in Every Slab! 🔥

Elevate your interiors with the bold and vibrant Lakha Red Stone from Shree Laxmi Stone Depot. A symbol of strength, prosperity, and elegance, this stunning stone transforms your space with unmatched style! 💎✨

📍 Premium quality for modern designs
🔹 Shree Laxmi Stone Depot - Since 1962
Stone | Tiles | Sanitaryware
📞 +91 99227 20095
🌐 www.shreelaxmistonedepot.com
do visit to our YouTube channel : https://youtube.com/@shreelaxmistonedepot...
📍 Mangalwar Peth & Kharadi
#TimelessElegance  #LuxuryLiving  #shreelaxmi  #stonedepot #homedecor #homedesign #homeideas #homeinterior #pune #punehomedecor #reelsinstagram #bestinterior #reelsindia #reelviral #instadaily #BathroomLuxury #Jaquar  #marbledesign #BathroomDesign  #ShreeLaxmiStoneDepot #HomeDecor",,0,"02/25/2025 02:36",N/A,https://www.facebook.com/Shreelaxmistonedepot/posts/pfbid0fADFjqDExrMjS4WBu1wq4z4mLNfHdTT4a3paHMDaWARtpzdyJBAMmwK6BqaaRcdrl,0,0,Photos,,,,,Lifetime,37,37,0,21,21,0,0,0,0,0,0,0,2,2,0,0,0,0,0,0,0,0,0,0,0,0,0,0,0,0,,,,,,,,,,,,,,,,,,,,,,,,,,,,,,,,,,,,,,,,,,,,,
1025994469561371,100064524835805,Shreelaxmistonedepot,"✨ Yellow Sapphire: Confidence, Protection & Positivity in Every Slab! ✨

Transform your space with the warmth and elegance of Yellow Sapphire Stone from Shree Laxmi Stone Depot. Perfect for modern interiors, this premium stone exudes sophistication and positivity! 🏡💛

📍 Visit us today to explore our stunning collection!
📞 Call us at: +91 9922720095
🌐 Website: www.shreelaxmistonedepot.com
 #KlebenTiles #ElegantSpaces #TimelessDesign #HomeDecor #LuxuryInteriors #ShreeLaxmiStoneDepot #PremiumTiles #BathroomTiles #WallDecor #InteriorInspiration #StylishHomes #TileTrends #ModernInteriors #HomeImprovement",,0,"02/25/2025 02:32",N/A,https://www.facebook.com/Shreelaxmistonedepot/posts/pfbid02Ep1qDuqNnPzJ46SkfUmYagBx2pkNYQ6WMM9PHzXKHvtLZENmne8fP8wh2rWyEDb7l,0,0,Photos,,,,,Lifetime,24,24,0,10,10,0,0,0,0,0,0,0,0,0,0,0,0,0,0,0,0,0,0,0,0,0,0,0,0,0,,,,,,,,,,,,,,,,,,,,,,,,,,,,,,,,,,,,,,,,,,,,,
1021278790032939,100064524835805,Shreelaxmistonedepot,"🌟 Elevate Your Space with Kleben Tiles – A Fusion of Style & Elegance! 🌟
Bring artistic charm and modern sophistication to your interiors with Kleben Tiles! ✨ These uniquely crafted tiles add a stylish and elegant touch to any space, making them perfect for bathrooms, kitchens, accent walls, and more.

🎨 Why Choose Kleben Tiles?
✔️ Vibrant & decorative patterns for a striking look
✔️ High-quality finish ensuring long-lasting beauty
✔️ Aesthetic designs that blend seamlessly with modern interiors
✔️ Easy to clean & maintain for daily convenience
✔️ Perfect for both residential & commercial spaces

At Shree Laxmi Stone Depot, we offer a diverse range of high-quality tiles that redefine luxury and durability. Whether you're revamping your bathroom or adding a stylish feature wall, Kleben Tiles provide the perfect balance of beauty and functionality! 🏡✨

📍 Visit us today to explore our stunning collection!
📞 Call us at: +91 9922720095
🌐 Website: www.shreelaxmistonedepot.com

 #KlebenTiles #ElegantSpaces #TimelessDesign #HomeDecor #LuxuryInteriors #ShreeLaxmiStoneDepot #PremiumTiles #BathroomTiles #WallDecor #InteriorInspiration #StylishHomes #TileTrends #ModernInteriors #HomeImprovement",,0,"02/18/2025 18:30",N/A,https://www.facebook.com/Shreelaxmistonedepot/posts/pfbid034Mu3BtA2uH1jRsya8bYDDDN6Pp6oQp8UwtP47cJufhg4zFUmC5EpBMas2CcMfq1xl,0,0,Photos,,,,,Lifetime,38,38,0,15,15,0,0,0,0,0,0,0,1,1,0,0,0,0,0,0,0,0,0,0,0,0,0,0,0,0,,,,,,,,,,,,,,,,,,,,,,,,,,,,,,,,,,,,,,,,,,,,,
1021245236702961,100064524835805,Shreelaxmistonedepot,"🚩 छत्रपती शिवाजी महाराज जयंतीच्या हार्दिक शुभेच्छा! 🚩

स्वातंत्र्याचे स्वप्न, मातृभूमीची शान,
छत्रपती शिवरायांचा जयघोष महान!

शिवरायांचे अद्वितीय पराक्रम, प्रशासन कौशल्य आणि न्यायप्रिय नेतृत्व आपल्याला नेहमी प्रेरणा देते. त्यांच्या नीतिमत्तेवर आधारित जीवनशैली आणि ध्येय आपल्याला प्रगतीच्या वाटेवर घेऊन जातात.

💡 Shree Laxmi Stone Depot – जसे छत्रपती शिवाजी महाराजांनी मजबूत किल्ले आणि राजवाड्यांची निर्मिती केली, तसेच आम्ही उच्च दर्जाच्या स्टोन, टाइल्स आणि सॅनिटरीवेअर उत्पादनांसह तुमच्या स्वप्नातील वास्तू निर्माण करण्यास कटिबद्ध आहोत.

🏡 शिवरायांच्या प्रेरणेतून दर्जेदार आणि भक्कम वास्तूंसाठी आमची सेवेसह असू द्या!

📍 अधिक माहितीसाठी भेट द्या: www.shreelaxmistonedepot.com
📞 संपर्क: +91 99227 20095

#छत्रपती_शिवाजी #शिवाजी_महाराज #शिवाजी_जयंती #स्वराज्य #ShreeLaxmiStoneDepot #StrongFoundations #QualityStone

🚩 जय भवानी! जय शिवाजी! 🚩",,0,"02/18/2025 17:30",N/A,https://www.facebook.com/Shreelaxmistonedepot/posts/pfbid0f3DsErufYedtiwCo4EaEyvNsPiPA9JrHfZTcJ7DdbzjVqkqKKDYg7Ra8LYdqZGtal,0,0,Photos,,,,,Lifetime,22,22,0,9,9,0,0,0,0,0,0,0,0,0,0,0,0,0,0,0,0,0,0,0,0,0,0,0,0,0,,,,,,,,,,,,,,,,,,,,,,,,,,,,,,,,,,,,,,,,,,,,,
1020509740109844,100064524835805,Shreelaxmistonedepot,"🌟 Redefine Luxury with Kleben Tiles – Warm Tones for a Timeless Appeal! 🌟
Transform your interiors with the rich warm tones of Kleben Tiles, designed to bring out a sophisticated and elegant look in every space. 🏡✨ Whether it's a luxurious bathroom, a stylish kitchen, or a cozy living area, these premium-quality tiles add an unmatched charm to your home.

🛁 Why Choose Kleben Tiles?
✔️ Warm & inviting color palette
✔️ Textured patterns for a unique finish
✔️ Durable & low-maintenance
✔️ Perfect for modern and classic interiors
✔️ Enhances the aesthetics of any space

At Shree Laxmi Stone Depot, we offer a wide range of high-quality wall and floor tiles that bring luxury and functionality together. Let your interiors reflect class, elegance, and timeless beauty with Kleben Tiles! ✨

📍 Visit us today to explore our premium tile collection!
📞 Call us at: +91 9922720095
🌐 Website: www.shreelaxmistonedepot.com

🔹 #KlebenTiles #LuxuryInteriors #WarmTones #TimelessBeauty #ElegantSpaces #ShreeLaxmiStoneDepot #HomeDecor #InteriorDesign #ModernTiles #WallTiles #FloorTiles #LuxuryTiles #BathroomDesign #PremiumTiles #HomeImprovement",,0,"02/17/2025 18:30",N/A,https://www.facebook.com/Shreelaxmistonedepot/posts/pfbid02SqkwxkqU8rz2ckLtcCD3xxAd7tzrVBqeHx5BmYv7m8sJFshM2AihTLVuHrssQDabl,0,0,Photos,,,,,Lifetime,25,25,0,11,11,0,0,0,0,0,0,0,1,1,0,0,0,0,0,0,0,0,0,0,0,0,0,0,0,0,,,,,,,,,,,,,,,,,,,,,,,,,,,,,,,,,,,,,,,,,,,,,
1019965396830945,100064524835805,Shreelaxmistonedepot,"🌟 Transform Your Spaces with Kleben Tiles! 🌟
Looking to upgrade your home or office with a modern and elegant touch? Introducing Kleben Tiles – a perfect fusion of subtle elegance and timeless beauty! 🏡✨

These premium-quality tiles are designed to add sophistication, durability, and charm to any interior. Whether you’re revamping your living room, bedroom, kitchen, or workspace, our stylish and versatile tile collection brings out the best in every space.

✔️ Elegant textures & patterns
✔️ Durable & long-lasting finish
✔️ Perfect for modern interiors
✔️ Adds a touch of luxury & refinement

At Shree Laxmi Stone Depot, we bring you the finest selection of wall and floor tiles to suit all your aesthetic and functional needs. Let your walls reflect grandeur and perfection with Kleben Tiles! 🌿✨

📍 Visit us today & explore our premium tile collection!
📞 Call us at: +91 9922720095
🌐 Website: www.shreelaxmistonedepot.com

🔹 #KlebenTiles #TimelessBeauty #ModernInteriors #ElegantSpaces #LuxuryTiles #InteriorDesign #ShreeLaxmiStoneDepot #PremiumTiles #HomeImprovement #TilesForHome #WallTiles #FloorTiles #SophisticatedLiving #TileTrends",,0,"02/17/2025 01:26",N/A,https://www.facebook.com/Shreelaxmistonedepot/posts/pfbid0fvmbvX9Hjp39dka4iraKi71L9JqBBxNBMc1ZpeP7QciHBuhbnn2JEpr8f2ipARbMl,0,0,Photos,,,,,Lifetime,24,24,0,9,9,0,0,0,0,0,0,0,0,0,0,0,0,0,0,0,0,0,0,0,0,0,0,0,0,0,,,,,,,,,,,,,,,,,,,,,,,,,,,,,,,,,,,,,,,,,,,,,
1016692057158279,100064524835805,Shreelaxmistonedepot,"💎 Redefine Elegance, One Tile at a Time! 💎
Create a statement with our premium tile collection, designed to bring texture, depth, and sophistication to your interiors. Elevate your space with timeless beauty! 🏡✨ 
✨Shree Laxmi Stone Depot – Bringing you premium stones, tiles, and marble for timeless beauty and sophistication.✨
🔹 Shree Laxmi Stone Depot - Since 1962
Stone | Tiles | Sanitaryware
📞 +91 99227 20095
🌐 www.shreelaxmistonedepot.com
do visit to our YouTube channel : https://youtube.com/@shreelaxmistonedepot...
📍 Mangalwar Peth & Kharadi
#TimelessElegance  #LuxuryLiving  #shreelaxmi  #stonedepot #homedecor #homedesign #homeideas #homeinterior #pune #punehomedecor #reelsinstagram #bestinterior #reelsindia #reelviral #instadaily #BathroomLuxury #Jaquar  #marbledesign #BathroomDesign  #ShreeLaxmiStoneDepot #HomeDecor",,0,"02/12/2025 18:30",N/A,https://www.facebook.com/Shreelaxmistonedepot/posts/pfbid02RZc339NVmt8jgiYvUxrSNCfWFgic1swGmWPQFt79QgNRnHco8NGTY7in8adL4uzgl,0,0,Photos,,,,,Lifetime,29,29,0,8,8,0,0,0,0,0,0,0,0,0,0,0,0,0,0,0,0,0,0,0,0,0,0,0,0,0,,,,,,,,,,,,,,,,,,,,,,,,,,,,,,,,,,,,,,,,,,,,,
1016010283893123,100064524835805,Shreelaxmistonedepot,"✨ Redefine Elegance, One Tile at a Time! ✨
Transform your interiors with our exquisite tile collection that adds depth, texture, and luxury to any space. Elevate your home’s aesthetic with Shree Laxmi Stone Depot! 🏡💎
✨🌿 Shree Laxmi Stone Depot – Bringing you premium stones, tiles, and marble for timeless beauty and sophistication.✨
🔹 Shree Laxmi Stone Depot - Since 1962
Stone | Tiles | Sanitaryware
📞 +91 99227 20095
🌐 www.shreelaxmistonedepot.com
do visit to our YouTube channel : https://youtube.com/@shreelaxmistonedepot...
📍 Mangalwar Peth & Kharadi
#TimelessElegance  #LuxuryLiving  #shreelaxmi  #stonedepot #homedecor #homedesign #homeideas #homeinterior #pune #punehomedecor #reelsinstagram #bestinterior #reelsindia #reelviral #instadaily #BathroomLuxury #Jaquar  #marbledesign #BathroomDesign  #ShreeLaxmiStoneDepot #HomeDecor",,0,"02/11/2025 18:30",N/A,https://www.facebook.com/Shreelaxmistonedepot/posts/pfbid02kMCEiQ13xXqUiUcZH3m3TKYzyqM2uteU5UMmEcssJ9oFczXiACmj5Qven3KwDZKkl,0,0,Photos,,,,,Lifetime,29,29,0,14,14,0,0,0,0,0,0,0,1,1,0,0,0,0,0,0,0,0,0,0,0,0,0,0,0,0,,,,,,,,,,,,,,,,,,,,,,,,,,,,,,,,,,,,,,,,,,,,,
1015346660626152,100064524835805,Shreelaxmistonedepot,"🎨 The Mark of Perfect Interiors – Pigmento Matt Series! 🎨
Elevate your spaces with the elegance of Pigmento Matt Series – a perfect blend of sophistication and style. Create stunning interiors with our premium textured tiles! ✨🏡
.
✨ Shree Laxmi Stone Depot – Bringing you premium stones, tiles, and marble for timeless beauty and sophistication.✨
🔹 Shree Laxmi Stone Depot - Since 1962
Stone | Tiles | Sanitaryware
📞 +91 99227 20095
🌐 www.shreelaxmistonedepot.com
do visit to our YouTube channel : https://youtube.com/@shreelaxmistonedepot...
📍 Mangalwar Peth & Kharadi
#TimelessElegance  #LuxuryLiving  #shreelaxmi  #stonedepot #homedecor #homedesign #homeideas #homeinterior #pune #punehomedecor #reelsinstagram #bestinterior #reelsindia #reelviral #instadaily #BathroomLuxury #Jaquar  #marbledesign #BathroomDesign  #ShreeLaxmiStoneDepot #HomeDecor",,0,"02/10/2025 18:30",N/A,https://www.facebook.com/Shreelaxmistonedepot/posts/pfbid0Fxk5axsqT1u19wJtbN7LvUFz1PwRkYvP8T5Qm5FarAxV6Qp9moKWuSTEk4V3ywarl,0,0,Photos,,,,,Lifetime,23,23,0,8,8,0,0,0,0,0,0,0,0,0,0,0,0,0,0,0,0,0,0,0,0,0,0,0,0,0,,,,,,,,,,,,,,,,,,,,,,,,,,,,,,,,,,,,,,,,,,,,,
1014771650683653,100064524835805,Shreelaxmistonedepot,"✨ Unleash Creativity, Tile by Tile! ✨
Transform your spaces with stunning tiles that redefine elegance and style. From modern to classic, find the perfect match for your walls at Shree Laxmi Stone Depot! 🏡✨🌿 Shree Laxmi Stone Depot – Bringing you premium stones, tiles, and marble for timeless beauty and sophistication.
🔹 Shree Laxmi Stone Depot - Since 1962
Stone | Tiles | Sanitaryware
📞 +91 99227 20095
🌐 www.shreelaxmistonedepot.com
do visit to our YouTube channel : https://youtube.com/@shreelaxmistonedepot...
📍 Mangalwar Peth & Kharadi
#TimelessElegance  #LuxuryLiving  #shreelaxmi  #stonedepot #homedecor #homedesign #homeideas #homeinterior #pune #punehomedecor #reelsinstagram #bestinterior #reelsindia #reelviral #instadaily #BathroomLuxury #Jaquar  #marbledesign #BathroomDesign  #ShreeLaxmiStoneDepot #HomeDecor",,0,"02/09/2025 22:35",N/A,https://www.facebook.com/Shreelaxmistonedepot/posts/pfbid0nJLVLMAdLja5GNVRUGtqEHNmwnApB5GRvyztAnbG6wNCLjNeG2KhhNLiPVbFhEiMl,0,0,Photos,,,,,Lifetime,33,33,0,13,13,0,0,0,0,0,0,0,1,1,0,0,0,0,0,0,0,0,0,0,0,0,0,0,0,0,,,,,,,,,,,,,,,,,,,,,,,,,,,,,,,,,,,,,,,,,,,,,
1008781214616030,100064524835805,Shreelaxmistonedepot,"✨ Wishing You a Blessed Vasant Panchami! ✨

Let wisdom, prosperity, and elegance shine in your life, just like the flawless stones and tiles that enhance divine spaces! 🏡💛

🌿 Shree Laxmi Stone Depot – Bringing you premium stones, tiles, and marble for timeless beauty and sophistication.
🔹 Shree Laxmi Stone Depot - Since 1962
Stone | Tiles | Sanitaryware
📞 +91 99277 20095
🌐 www.shreelaxmistonedepot.com
do visit to our YouTube channel : https://youtube.com/@shreelaxmistonedepot...
📍 Mangalwar Peth & Kharadi
#TimelessElegance  #LuxuryLiving  #shreelaxmi  #stonedepot #homedecor #homedesign #homeideas #homeinterior #pune #punehomedecor #reelsinstagram #bestinterior #reelsindia #reelviral #instadaily #BathroomLuxury #Jaquar  #marbledesign #BathroomDesign  #ShreeLaxmiStoneDepot #HomeDecor #InteriorDesign #Tiles #PuneHomes #LuxuryLiving #VasantPanchami #BasantPanchami #TilesAndMarbles #ElegantInteriors #WisdomAndProsperity",,0,"02/01/2025 18:30",N/A,https://www.facebook.com/Shreelaxmistonedepot/posts/pfbid0nGv9MiMZGf3ZPjPbpxYKFjCUSqWWd3VDxcyygNvP3e3QgEpDbBLeoc4tW471QsoJl,0,0,Photos,,,,,Lifetime,35,35,0,9,9,0,0,0,0,0,0,0,0,0,0,0,0,0,0,0,0,0,0,0,0,0,0,0,0,0,,,,,,,,,,,,,,,,,,,,,,,,,,,,,,,,,,,,,,,,,,,,,
1007705841390234,100064524835805,Shreelaxmistonedepot,"🕉️🙏 || गणेश जयंतीच्या हार्दिक शुभेच्छा || 🙏🕉️
गणपती बाप्पाच्या कृपेने तुमच्या सर्व इच्छा पूर्ण होवोत! ✨
समृद्धी, सौभाग्य आणि आनंद तुमच्या जीवनात नांदो! 🌿💰

🔹 Shree Laxmi Stone Depot - Since 1962
Stone | Tiles | Sanitaryware
📞 +91 99277 20095
🌐 www.shreelaxmistonedepot.com
do visit to our YouTube channel : https://youtube.com/@shreelaxmistonedepot...
📍 Mangalwar Peth & Kharadi
#TimelessElegance  #LuxuryLiving  #shreelaxmi  #stonedepot #homedecor #homedesign #homeideas #homeinterior #pune #punehomedecor #reelsinstagram #bestinterior #reelsindia #reelviral #instadaily #BathroomLuxury #Jaquar  #marbledesign #BathroomDesign #LuxuryLiving #ShreeLaxmiStoneDepot #HomeDecor #InteriorDesign #Tiles #PuneHomes #LuxuryLiving",,0,"01/31/2025 05:48",N/A,https://www.facebook.com/Shreelaxmistonedepot/posts/pfbid0U3yv1XfpMFBxEHLv3iPnR7zJBxtBXqFJn5GGDHWeM5z4AsGjgpfdS8CN2FF7NLCql,0,0,Photos,,,,,Lifetime,32,32,0,7,7,0,0,0,0,0,0,0,0,0,0,0,0,0,0,0,0,0,0,0,0,0,0,0,0,0,,,,,,,,,,,,,,,,,,,,,,,,,,,,,,,,,,,,,,,,,,,,,
1003901711770647,100064524835805,Shreelaxmistonedepot,"🇮🇳 Happy Republic Day! 🇮🇳

On this proud occasion of 26th January, let us honor the sacrifices of our heroes and celebrate the values of justice, liberty, and equality that define our great nation. Let’s work together to build a stronger and brighter India. 💪✨

About Shree Laxmi Stone Depot:
Since 1982, Shree Laxmi Stone Depot has been a trusted name in providing high-quality stone, tiles, and sanitaryware solutions. 🏢 Our commitment to excellence and customer satisfaction makes us a preferred choice for enhancing homes and commercial spaces with elegance and durability.
📞 +91 99277 20095
🌐 www.shreelaxmistonedepot.com
do visit to our YouTube channel : https://youtube.com/@shreelaxmistonedepot...
📍 Mangalwar Peth & Kharadi
#TimelessElegance  #LuxuryLiving  #shreelaxmi  #stonedepot #homedecor #homedesign #homeideas #homeinterior #pune #punehomedecor #reelsinstagram #bestinterior #reelsindia #reelviral #instadaily #BathroomLuxury #Jaquar  #marbledesign #BathroomDesign #LuxuryLiving #ShreeLaxmiStoneDepot #HomeDecor #InteriorDesign #Tiles #PuneHomes #LuxuryLiving
#RepublicDay2025 #ShreeLaxmiStoneDepot #BeautifulHomes #MarbleElegance #CelebrateIndia",,0,"01/25/2025 21:32",N/A,https://www.facebook.com/Shreelaxmistonedepot/posts/pfbid034tocXEkFdWYJ7Bt9jwmHgdJ3P3JQmGxCfn8q6k4RgaeFfEKvAyHa8PYXzAy3ZQmKl,0,0,Photos,,,,,Lifetime,47,47,0,8,8,0,0,0,0,0,0,0,0,0,0,0,0,0,0,0,0,0,0,0,0,0,0,0,0,0,,,,,,,,,,,,,,,,,,,,,,,,,,,,,,,,,,,,,,,,,,,,,
1001744778653007,100064524835805,Shreelaxmistonedepot,"🌟 Honoring the Legacy of a True Patriot! 🇮🇳✨

On this Netaji Subhas Chandra Bose Jayanti, let’s remember his immense sacrifice and unwavering commitment to India’s freedom. His vision and courage continue to inspire generations to build a stronger nation.

Let's renew our dedication to making his dreams a reality. Jai Hind! 🙏

📞 +91 99277 20095
🌐 www.shreelaxmistonedepot.com
do visit to our YouTube channel : https://youtube.com/@shreelaxmistonedepot...
📍 Mangalwar Peth & Kharadi
#TimelessElegance  #LuxuryLiving  #shreelaxmi  #stonedepot #homedecor #homedesign #homeideas #homeinterior #pune #punehomedecor #reelsinstagram #bestinterior #reelsindia #reelviral #instadaily #BathroomLuxury #Jaquar  #marbledesign #BathroomDesign #LuxuryLiving #ShreeLaxmiStoneDepot #HomeDecor #InteriorDesign #Tiles #PuneHomes #LuxuryLiving",,0,"01/22/2025 20:15",N/A,https://www.facebook.com/Shreelaxmistonedepot/posts/pfbid02p56u5qUPWCNbHt56Lb9z1YqJpzeiFxsTKGYx24Jup1CqNajgm7PUSLNCzezXj29tl,0,0,Photos,,,,,Lifetime,39,39,0,9,9,0,0,0,0,0,0,0,1,1,0,0,0,0,0,0,0,0,0,0,0,0,0,0,0,0,,,,,,,,,,,,,,,,,,,,,,,,,,,,,,,,,,,,,,,,,,,,,
1000468998780585,100064524835805,Shreelaxmistonedepot,"✨ Add a Splash of Color to Your Spaces with Our Stunning Collection! ✨

Looking to transform your interiors with unique and vibrant tiles? Shree Laxmi Stone Depot brings you an exclusive range of colors to elevate your space with style and elegance.

🏡 Featured Shades:
🔹 Cobalt Blue – Timeless and bold for a modern look
🔸 Sapphire Yellow – Warm and inviting elegance
🔻 Lakha Red – A classic touch of sophistication
🟩 Emerald Green – Bring nature's tranquility indoors

🌟 Why Choose Us?
✅ 62 Years of Excellence
✅ Over 1 Lakh+ Happy Customers
✅ Premium Quality | Best Pricing | Immediate Availability

📍 Visit Our Showrooms:
Mangalwar Peth – 8,000 sq. ft.
Kharadi – 18,000 sq. ft.
🚗 Ample Parking Available
📞 +91 99277 20095
🌐 www.shreelaxmistonedepot.com
do visit to our YouTube channel : https://youtube.com/@shreelaxmistonedepot...
#ShreeLaxmiStoneDepot #InteriorDesign #LuxuryTiles #HomeDecor #PuneHomes #StylishLiving #TimelessElegance  #LuxuryLiving  #shreelaxmi  #stonedepot #homedecor #homedesign #homeideas #homeinterior #pune #punehomedecor #reelsinstagram #bestinterior #reelsindia #reelviral","✨ Add a Splash of Color to Your Spaces with Our Stunning Collection! ✨

Looking to transform your interiors with unique and vibrant tiles? Shree Laxmi Stone Depot brings you an exclusive range of colors to elevate your space with style and elegance.

🏡 Featured Shades:
🔹 Cobalt Blue – Timeless and bold for a modern look
🔸 Sapphire Yellow – Warm and inviting elegance
🔻 Lakha Red – A classic touch of sophistication
🟩 Emerald Green – Bring nature's tranquility indoors

🌟 Why Choose Us?
✅ 62 Years of Excellence
✅ Over 1 Lakh+ Happy Customers
✅ Premium Quality | Best Pricing | Immediate Availability

📍 Visit Our Showrooms:
Mangalwar Peth – 8,000 sq. ft.
Kharadi – 18,000 sq. ft.
🚗 Ample Parking Available
📞 +91 99277 20095
🌐 www.shreelaxmistonedepot.com
do visit to our YouTube channel : https://youtube.com/@shreelaxmistonedepot...
#ShreeLaxmiStoneDepot #InteriorDesign #LuxuryTiles #HomeDecor #PuneHomes #StylishLiving #TimelessElegance  #LuxuryLiving  #shreelaxmi  #stonedepot #homedecor #homedesign #homeideas #homeinterior #pune #punehomedecor #reelsinstagram #bestinterior #reelsindia #reelviral",32,"01/20/2025 23:18",N/A,https://www.facebook.com/reel/959712898971284/,0,0,Reels,,,,,Lifetime,48,47,0,21,21,0,17,,,,0,17,2,2,0,0,,,,,,,,,,,,,,,516.895,14.358,1,1,1,1,0.82,0.76,0.71,0.65,0.65,0.65,0.65,0.65,0.65,0.59,0.53,0.53,0.53,0.53,0.47,0.47,0.47,0.47,0.47,0.47,0.47,0.47,0.47,0.47,0.41,0.41,0.41,0.41,0.41,,,,,,,,,0,0
995512579276227,100064524835805,Shreelaxmistonedepot,"🌞✨ As the sun begins its northward journey, let's welcome new beginnings filled with warmth, joy, and prosperity. Makar Sankranti marks a time of harvest, gratitude, and celebration—a moment to cherish traditions, spread happiness, and look forward to a future as bright as the rising sun.

May your life soar as high as the kites in the sky and your heart be as sweet as til-gud. Let's celebrate this auspicious day with love, peace, and success. 🌾🪁

Shree Laxmi Stone Depot wishes you and your loved ones a very Happy Makar Sankranti! 🌿✨
📞 +91 99277 20095
🌐 www.shreelaxmistonedepot.com
do visit to our YouTube channel : https://youtube.com/@shreelaxmistonedepot...
📍 Mangalwar Peth & Kharadi
#TimelessElegance  #LuxuryLiving  #shreelaxmi  #stonedepot #homedecor #homedesign #homeideas #homeinterior #pune #punehomedecor #reelsinstagram #bestinterior #reelsindia #reelviral #instadaily#BathroomLuxury #Jaquar  #marbledesign #BathroomDesign #LuxuryLiving #ShreeLaxmiStoneDepot #HomeDecor #InteriorDesign #Tiles #PuneHomes #LuxuryLiving #HappyMakarSankranti #NewBeginnings  #JoyAndProsperity #CelebrateTraditions #FestiveVibes #GratitudeAndGrowth",,0,"01/13/2025 22:02",N/A,https://www.facebook.com/Shreelaxmistonedepot/posts/pfbid05VyLiwa1Rp7YejR4cnW3D5K4U8C1L9LPJtViYCLsaLJdUakhr3c9UmZnFALquStkl,0,0,Photos,,,,,Lifetime,64,64,0,12,12,0,0,0,0,0,0,0,0,0,0,0,0,0,0,0,0,0,0,0,0,0,0,0,0,0,,,,,,,,,,,,,,,,,,,,,,,,,,,,,,,,,,,,,,,,,,,,,
993905389436946,100064524835805,Shreelaxmistonedepot,"🌟 Happy National Youth Day 2025! 🌟

May the youth of India be guided by Swami Vivekananda's wisdom and strive to achieve their dreams. ✨

On this special day, let's honor the vision and teachings of Swami Vivekananda and empower the youth to build a brighter future. 💫

🗓️ 12 January
📞 +91 99277 20095
🌐 www.shreelaxmistonedepot.com
do visit to our YouTube channel : https://youtube.com/@shreelaxmistonedepot...
📍 Mangalwar Peth & Kharadi

#TimelessElegance  #LuxuryLiving  #shreelaxmi  #stonedepot #homedecor #homedesign #homeideas #homeinterior #pune #punehomedecor #reelsinstagram #bestinterior #reelsindia #reelviral #instadaily #kitchentop #BathroomLuxury #Jaquar #RelaxationRedefined #LuxuryLiving #marble #marbledesign #BathroomDesign #LuxuryLiving #ShreeLaxmiStoneDepot #HomeDecor #InteriorDesign #Tiles #PuneHomes #LuxuryLiving",,0,"01/11/2025 18:30",N/A,https://www.facebook.com/Shreelaxmistonedepot/posts/pfbid0XiBDN5UpLMhJwXshy1q7f7ViedfbzMzPZZ1nRwWqeUidYR2jWv7vDnD24MxUTV8hl,0,0,Photos,,,,,Lifetime,59,59,0,9,9,0,0,0,0,0,0,0,0,0,0,0,0,0,0,0,0,0,0,0,0,0,0,0,0,0,,,,,,,,,,,,,,,,,,,,,,,,,,,,,,,,,,,,,,,,,,,,,
992735716220580,100064524835805,Shreelaxmistonedepot,"🏢 Shree Laxmi Stone Depot – Pune’s Leading Destination for Stone, Tile & Sanitaryware!

✨ Explore Our Premium Collection of Basalt Stone & More! ✨

🔹 Basalt Stone: Timeless elegance for interiors and exteriors.
🔹 Exclusive Stone Artifacts: Add a touch of tradition with intricately designed stone decor.
🔹 Wide Range of Tiles & Sanitaryware: Perfect solutions for every space.

🌟 Why Choose Shree Laxmi Stone Depot?
✅ 62 Years of Trusted Legacy
✅ Over 1 Lakh+ Happy Customers
✅ Best Quality | Best Service | Best Pricing
✅ Immediate Availability

📍 Visit Our Expansive Showrooms:

Mangalwar Peth: 8,000 sq. ft.
Kharadi: 18,000 sq. ft.
🚗 Ample Parking Space Available
📞 Call Us: +91 9922720095
🌐 Visit: www.shreelaxmistonedepot.com

Elevate Your Space with Timeless Stone Designs! 🏠🪨
#ShreeLaxmiStoneDepot #BasaltStone #StoneArt #HomeDecor #LuxuryLiving #PuneHomes #InteriorDesign","🏢 Shree Laxmi Stone Depot – Pune’s Leading Destination for Stone, Tile & Sanitaryware!

✨ Explore Our Premium Collection of Basalt Stone & More! ✨

🔹 Basalt Stone: Timeless elegance for interiors and exteriors.
🔹 Exclusive Stone Artifacts: Add a touch of tradition with intricately designed stone decor.
🔹 Wide Range of Tiles & Sanitaryware: Perfect solutions for every space.

🌟 Why Choose Shree Laxmi Stone Depot?
✅ 62 Years of Trusted Legacy
✅ Over 1 Lakh+ Happy Customers
✅ Best Quality | Best Service | Best Pricing
✅ Immediate Availability

📍 Visit Our Expansive Showrooms:

Mangalwar Peth: 8,000 sq. ft.
Kharadi: 18,000 sq. ft.
🚗 Ample Parking Space Available
📞 Call Us: +91 9922720095
🌐 Visit: www.shreelaxmistonedepot.com

Elevate Your Space with Timeless Stone Designs! 🏠🪨
#ShreeLaxmiStoneDepot #BasaltStone #StoneArt #HomeDecor #LuxuryLiving #PuneHomes #InteriorDesign",28,"01/10/2025 02:37",N/A,https://www.facebook.com/reel/1253714829222643/,0,0,Reels,,,,,Lifetime,116,116,0,44,44,0,22,,,,0,22,5,5,0,0,,,,,,,,,,,,,,,500.361,5.054,1,1,1,1,0.91,0.77,0.64,0.55,0.5,0.41,0.41,0.41,0.32,0.32,0.27,0.27,0.27,0.27,0.23,0.23,0.23,0.23,0.23,0.23,0.18,0.18,0.18,0.18,0.18,,,,,,,,,,,,,0,0
992731949554290,100064524835805,Shreelaxmistonedepot,"📢 Shree Laxmi Stone Depot – Pune’s Most Trusted Tile Destination!

✨ New Tapies Collection Now Available! ✨
Discover a stunning range of exclusive tiles in vibrant shades:
🔹 Tapies Gray Lines
🔸 Tapies Red
🔹 Tapies Gris
🟩 Tapies Green
🔴 Tapies Pink
🔷 Tapies Blue

🏢 Expansive Showroom & Godown Space:
📍 Mangalwar Peth – 8,000 sq. ft.
📍 Kharadi – 18,000 sq. ft.
🚗 Ample Parking Space Available

🌟 Why Choose Us?
✅ 62+ Years of Legacy
✅ 1 Lakh+ Happy Customers
✅ Best Quality | Best Service | Best Pricing
✅ Immediate Availability

📞 Call Us: +91 9922720095
🌐 Visit: www.shreelaxmistonedepot.com

Redefine your space with elegance and style! 🏠✨
#ShreeLaxmiStoneDepot #TilesInPune #InteriorDesign #LuxuryTiles #HomeDecor","📢 Shree Laxmi Stone Depot – Pune’s Most Trusted Tile Destination!

✨ New Tapies Collection Now Available! ✨
Discover a stunning range of exclusive tiles in vibrant shades:
🔹 Tapies Gray Lines
🔸 Tapies Red
🔹 Tapies Gris
🟩 Tapies Green
🔴 Tapies Pink
🔷 Tapies Blue

🏢 Expansive Showroom & Godown Space:
📍 Mangalwar Peth – 8,000 sq. ft.
📍 Kharadi – 18,000 sq. ft.
🚗 Ample Parking Space Available

🌟 Why Choose Us?
✅ 62+ Years of Legacy
✅ 1 Lakh+ Happy Customers
✅ Best Quality | Best Service | Best Pricing
✅ Immediate Availability

📞 Call Us: +91 9922720095
🌐 Visit: www.shreelaxmistonedepot.com

Redefine your space with elegance and style! 🏠✨
#ShreeLaxmiStoneDepot #TilesInPune #InteriorDesign #LuxuryTiles #HomeDecor",28,"01/10/2025 02:29",uploaded,https://www.facebook.com/reel/611870034662182/,0,0,Reels,,,,,Lifetime,24,24,0,11,11,0,6,,,,0,6,0,0,0,0,,,,,,,,,,,,,,,88.567,3.85,1,1,1,1,0.67,0.5,0.33,0.17,0.17,0.17,0.17,0.17,0.17,0.17,0.17,0.17,0.17,0.17,0.17,0.17,0.17,0.17,0.17,0.17,0.17,0.17,0.17,0.17,0.17,,,,,,,,,,,,,0,0
992727926221359,100064524835805,Shreelaxmistonedepot,"🏢 Shree Laxmi Stone Depot – Pune’s Trusted Destination for Stone, Tile & Sanitaryware!

✨ Explore Our Elegant Beauval Collection! ✨

🔷 Beauval Blanco Series

G Beauval Blanco HL 02
Beauval Blanco HL
Beauval Blanco
🔶 Beauval Crema Series

G Beauval Crema HL 02
Beauval Crema HL
Beauval Crema
🌟 Why Choose Shree Laxmi Stone Depot?
✅ 62 Years of Legacy in Excellence
✅ 1 Lakh+ Happy Customers
✅ Premium Quality | Best Pricing | Immediate Availability

📍 Visit Our Spacious Showrooms:

Mangalwar Peth: 8,000 sq. ft.
Kharadi: 18,000 sq. ft.
🚗 Ample Parking Space Available
📞 Call Us: +91 9922720095
🌐 Visit: www.shreelaxmistonedepot.com

Redefine Your Space with Elegance and Class! 💎
#ShreeLaxmiStoneDepot #LuxuryTiles #HomeDecor #InteriorDesign #BeauvalTiles #PuneHomes","🏢 Shree Laxmi Stone Depot – Pune’s Trusted Destination for Stone, Tile & Sanitaryware!

✨ Explore Our Elegant Beauval Collection! ✨

🔷 Beauval Blanco Series

G Beauval Blanco HL 02
Beauval Blanco HL
Beauval Blanco
🔶 Beauval Crema Series

G Beauval Crema HL 02
Beauval Crema HL
Beauval Crema
🌟 Why Choose Shree Laxmi Stone Depot?
✅ 62 Years of Legacy in Excellence
✅ 1 Lakh+ Happy Customers
✅ Premium Quality | Best Pricing | Immediate Availability

📍 Visit Our Spacious Showrooms:

Mangalwar Peth: 8,000 sq. ft.
Kharadi: 18,000 sq. ft.
🚗 Ample Parking Space Available
📞 Call Us: +91 9922720095
🌐 Visit: www.shreelaxmistonedepot.com

Redefine Your Space with Elegance and Class! 💎
#ShreeLaxmiStoneDepot #LuxuryTiles #HomeDecor #InteriorDesign #BeauvalTiles #PuneHomes",30,"01/10/2025 02:20",N/A,https://www.facebook.com/reel/3819408314976495/,0,0,Reels,,,,,Lifetime,38,37,0,19,19,0,5,,,,0,5,0,0,0,0,,,,,,,,,,,,,,,243.084,7.841,1,1,1,1,1,1,1,1,0.6,0.6,0.6,0.6,0.6,0.6,0.6,0.6,0.6,0.4,0.4,0.4,0.4,0.4,0.4,0.4,0.4,0.4,0.4,0.4,0.4,0.4,0.4,0.4,0.4,,,,,,,,,0,0
992693299558155,100064524835805,Shreelaxmistonedepot,"✨ New Designs, Now in Pune! ✨

Upgrade your kitchen and living spaces with premium Kajaria Vitronite Slabs, now available at Shree Laxmi Stone Depot! 💎 Stylish, durable, and ready in stock to transform your interiors effortlessly.

🍽️ Perfect for modern kitchens and elegant countertops.
🛒 Visit us today and get the best designs with ease!

📞 Call: +91 9922720095
🌐 www.shreelaxmistonedepot.com

#TimelessElegance  #LuxuryLiving  #shreelaxmi  #stonedepot #homedecor #homedesign #homeideas #homeinterior #pune #punehomedecor #reelsinstagram #bestinterior #reelsindia #reelviral #instadaily #kitchentop #BathroomLuxury #Jaquar #RelaxationRedefined #LuxuryLiving #marble #marbledesign #BathroomDesign #LuxuryLiving #ShreeLaxmiStoneDepot #HomeDecor #InteriorDesign #Tiles #PuneHomes #LuxuryLiving",,0,"01/10/2025 01:10",N/A,https://www.facebook.com/Shreelaxmistonedepot/posts/pfbid02ysS2dkkeafd8Bmpb1HpDqqVMHv2c1xn7Qp87NrKMAhhgSNPsRxG7bKDQpjQwuMdYl,0,0,Photos,,,,,Lifetime,55,55,0,10,10,0,0,0,0,0,0,0,0,0,0,0,0,0,0,0,0,0,0,0,0,0,0,0,0,0,,,,,,,,,,,,,,,,,,,,,,,,,,,,,,,,,,,,,,,,,,,,,
992688159558669,100064524835805,Shreelaxmistonedepot,"✨ Exclusive Tiles, Delivered Right to Your Door! ✨

Upgrade your space with stunning tiles you won’t find anywhere else in Pune! Shree Laxmi Stone Depot offers a premium collection that blends elegance and durability—delivered hassle-free to your doorstep.

🏡 Make a statement with vibrant designs and timeless styles.
🚚 Easy delivery and unmatched quality at your convenience!

📞 Call: +91 9922720095
🌐 www.shreelaxmistonedepot.com

#TimelessElegance  #LuxuryLiving  #shreelaxmi  #stonedepot #homedecor #homedesign #homeideas #homeinterior #pune #punehomedecor #reelsinstagram #bestinterior #reelsindia #reelviral #instadaily #kitchentop #BathroomLuxury #Jaquar #RelaxationRedefined #LuxuryLiving #marble #marbledesign #BathroomDesign #LuxuryLiving #ShreeLaxmiStoneDepot #HomeDecor #InteriorDesign #Tiles #PuneHomes #LuxuryLiving""",,0,"01/10/2025 00:58",N/A,https://www.facebook.com/Shreelaxmistonedepot/posts/pfbid02Zhq5iiV5tA7bYxPjvQBxKXC8uRoNs7cmqbKUZVC55S31RriNWvcfhWKKA5bjNpgYl,0,0,Photos,,,,,Lifetime,48,48,0,9,9,0,0,0,0,0,0,0,0,0,0,0,0,0,0,0,0,0,0,0,0,0,0,0,0,0,,,,,,,,,,,,,,,,,,,,,,,,,,,,,,,,,,,,,,,,,,,,,
