id,created_at,text,public_metrics_retweet_count,public_metrics_reply_count,public_metrics_like_count,public_metrics_quote_count,public_metrics_bookmark_count,public_metrics_impression_count,entities_mentions,entities_urls,entities_annotations,entities_hashtags
1989625712152908264,2025-11-15T09:25:09.000Z,"Hawar you?  I am hava hawaie

@Asli_Jacqueline | @tamannaahspeaks | @PDdancing | @ManishPaul03 | @WhoSunilGrover | #StebinBen | @patel_jordy | #AdilJagmagia | @theJAEvents | @SohailKhan https://t.co/qGzJ5Qmyb9",1801,1393,15741,127,185,623643,"[{'start': 30, 'end': 46, 'username': 'Asli_Jacqueline', 'id': '79708561'}, {'start': 49, 'end': 65, 'username': 'tamannaahspeaks', 'id': '2226496302'}, {'start': 68, 'end': 78, 'username': 'PDdancing', 'id': '700568101'}, {'start': 81, 'end': 94, 'username': 'ManishPaul03', 'id': '631926517'}, {'start': 97, 'end': 112, 'username': 'WhoSunilGrover', 'id': '157903916'}, {'start': 128, 'end': 140, 'username': 'patel_jordy', 'id': '2611491847'}, {'start': 159, 'end': 171, 'username': 'theJAEvents', 'id': '847333475904495616'}, {'start': 174, 'end': 185, 'username': 'SohailKhan', 'id': '758973302811402240'}]","[{'start': 186, 'end': 209, 'url': 'https://t.co/qGzJ5Qmyb9', 'expanded_url': 'https://x.com/BeingSalmanKhan/status/1989625712152908264/photo/1', 'display_url': 'pic.x.com/qGzJ5Qmyb9', 'media_key': '3_1989625704871534592'}]","[{'start': 17, 'end': 27, 'probability': 0.5528, 'type': 'Other', 'normalized_text': 'hava hawaie'}, {'start': 116, 'end': 124, 'probability': 0.6027, 'type': 'Other', 'normalized_text': 'StebinBen'}, {'start': 144, 'end': 155, 'probability': 0.4949, 'type': 'Other', 'normalized_text': 'AdilJagmagia'}]","[{'start': 115, 'end': 125, 'tag': 'StebinBen'}, {'start': 143, 'end': 156, 'tag': 'AdilJagmagia'}]"
1942247827750674610,2025-07-07T15:42:22.000Z,https://t.co/sceVEWYD9T,4327,2523,59054,393,449,1535198,,"[{'start': 0, 'end': 23, 'url': 'https://t.co/sceVEWYD9T', 'expanded_url': 'https://x.com/BeingSalmanKhan/status/1942247827750674610/photo/1', 'display_url': 'pic.x.com/sceVEWYD9T', 'media_key': '3_1942247813641117696'}]",,
1960764189095735431,2025-08-27T17:59:46.000Z,https://t.co/qfa76sFxCj,7587,2755,87366,690,2252,2841939,,"[{'start': 0, 'end': 23, 'url': 'https://t.co/qfa76sFxCj', 'expanded_url': 'https://x.com/BeingSalmanKhan/status/1960764189095735431/video/1', 'display_url': 'pic.x.com/qfa76sFxCj', 'media_key': '13_1960763743366709248'}]",,
1986393196335931644,2025-11-06T11:20:18.000Z,"Bahut kamaal trailer hai! Congratulations @FarOutAkhtar and the entire team of #120Bahadur 
Yeh kahani har Indian ke dil mein utregi 

@J10Kassim 

https://t.co/sAzubYYrJJ https://t.co/9dAan5ynnP",1147,846,9740,53,96,556446,"[{'start': 42, 'end': 55, 'username': 'FarOutAkhtar', 'id': '97865628'}, {'start': 135, 'end': 145, 'username': 'J10Kassim', 'id': '780368281349660672'}]","[{'start': 148, 'end': 171, 'url': 'https://t.co/sAzubYYrJJ', 'expanded_url': 'https://www.youtube.com/watch?v=r4HusFmN4uw', 'display_url': 'youtube.com/watch?v=r4HusF…', 'images': [{'url': 'https://pbs.twimg.com/news_img/1995068928004083712/s-zTWVCD?format=jpg&name=orig', 'width': 1280, 'height': 720}, {'url': 'https://pbs.twimg.com/news_img/1995068928004083712/s-zTWVCD?format=jpg&name=150x150', 'width': 150, 'height': 150}], 'status': 200, 'title': '120 Bahadur | Official Trailer | Farhan Akhtar | Raashii Khanna | 21st November', 'description': ""Based on a true story that shaped our nation's history, 120 Bahadur - Trailer out now. #120Bahadur #EkSauBeesBahadurSpecial thanks to Amitabh Bachchan Sirएक ..."", 'unwound_url': 'https://www.youtube.com/watch?v=r4HusFmN4uw'}, {'start': 172, 'end': 195, 'url': 'https://t.co/9dAan5ynnP', 'expanded_url': 'https://x.com/BeingSalmanKhan/status/1986393196335931644/photo/1', 'display_url': 'pic.x.com/9dAan5ynnP', 'media_key': '3_1986391026295263232'}]",,"[{'start': 79, 'end': 90, 'tag': '120Bahadur'}]"
1956285749105471797,2025-08-15T09:24:03.000Z,Happy Independence Day🇮🇳 https://t.co/dSaOz86EZa,4950,2188,47498,310,580,872788,,"[{'start': 25, 'end': 48, 'url': 'https://t.co/dSaOz86EZa', 'expanded_url': 'https://x.com/BeingSalmanKhan/status/1956285749105471797/video/1', 'display_url': 'pic.x.com/dSaOz86EZa', 'media_key': '13_1956285654662328326'}]",,
1865352441018900843,2024-12-07T11:07:33.000Z,"All set for tonight

@SonakshiSinha @Asli_Jacqueline @tamannaahspeaks @DishPatani @PDdancing @ManishPaul03 @WhoSunilGrover @GillAastha @patel_jordy #AdilJagmagia #SohailKhanEntertainment 

#afmdevelopments #afmproperties #maqsood_muhammed_afm @onezaabeel @orbit_eventsuae https://t.co/n8QSxS2Cfm",1705,823,10602,63,111,355881,"[{'start': 21, 'end': 35, 'username': 'SonakshiSinha', 'id': '1778793516405243904'}, {'start': 36, 'end': 52, 'username': 'Asli_Jacqueline', 'id': '79708561'}, {'start': 53, 'end': 69, 'username': 'tamannaahspeaks', 'id': '2226496302'}, {'start': 70, 'end': 81, 'username': 'DishPatani', 'id': '507662284'}, {'start': 82, 'end': 92, 'username': 'PDdancing', 'id': '700568101'}, {'start': 93, 'end': 106, 'username': 'ManishPaul03', 'id': '631926517'}, {'start': 107, 'end': 122, 'username': 'WhoSunilGrover', 'id': '157903916'}, {'start': 123, 'end': 134, 'username': 'GillAastha', 'id': '2316802614'}, {'start': 135, 'end': 147, 'username': 'patel_jordy', 'id': '2611491847'}, {'start': 243, 'end': 254, 'username': 'OneZaabeel', 'id': '1108343521315115008'}, {'start': 255, 'end': 271, 'username': 'orbit_eventsuae', 'id': '3316700024'}]","[{'start': 272, 'end': 295, 'url': 'https://t.co/n8QSxS2Cfm', 'expanded_url': 'https://x.com/BeingSalmanKhan/status/1865352441018900843/video/1', 'display_url': 'pic.x.com/n8QSxS2Cfm', 'media_key': '13_1865352025216540672'}]","[{'start': 149, 'end': 160, 'probability': 0.3114, 'type': 'Person', 'normalized_text': 'AdilJagmagia'}, {'start': 163, 'end': 185, 'probability': 0.5906, 'type': 'Person', 'normalized_text': 'SohailKhanEntertainment'}]","[{'start': 148, 'end': 161, 'tag': 'AdilJagmagia'}, {'start': 162, 'end': 186, 'tag': 'SohailKhanEntertainment'}, {'start': 189, 'end': 205, 'tag': 'afmdevelopments'}, {'start': 206, 'end': 220, 'tag': 'afmproperties'}, {'start': 221, 'end': 242, 'tag': 'maqsood_muhammed_afm'}]"
1862051293440938177,2024-11-28T08:29:58.000Z,"Biwi No 1 returns to cinemas on 29th November

#KarishmaKapoor @thesushmitasen @AnilKapoor #Tabu #DavidDhawan @vashubhagnani @jackkybhagnani @honeybhagnani @tipsofficial @poojafilms https://t.co/8nMFt4gD36",1831,955,11508,92,130,355441,"[{'start': 63, 'end': 78, 'username': 'thesushmitasen', 'id': '84554399'}, {'start': 79, 'end': 90, 'username': 'AnilKapoor', 'id': '1652526218'}, {'start': 110, 'end': 124, 'username': 'vashubhagnani', 'id': '164980997'}, {'start': 125, 'end': 140, 'username': 'jackkybhagnani', 'id': '80018213'}, {'start': 141, 'end': 155, 'username': 'honeybhagnani', 'id': '142727226'}, {'start': 156, 'end': 169, 'username': 'tipsofficial', 'id': '992437866'}, {'start': 170, 'end': 181, 'username': 'poojafilms', 'id': '739789319909433346'}]","[{'start': 182, 'end': 205, 'url': 'https://t.co/8nMFt4gD36', 'expanded_url': 'https://x.com/BeingSalmanKhan/status/1862051293440938177/video/1', 'display_url': 'pic.x.com/8nMFt4gD36', 'media_key': '13_1862050507956592640'}]","[{'start': 0, 'end': 8, 'probability': 0.5778, 'type': 'Other', 'normalized_text': 'Biwi No 1'}, {'start': 48, 'end': 61, 'probability': 0.9147, 'type': 'Person', 'normalized_text': 'KarishmaKapoor'}, {'start': 92, 'end': 95, 'probability': 0.8775, 'type': 'Person', 'normalized_text': 'Tabu'}, {'start': 98, 'end': 108, 'probability': 0.9602, 'type': 'Person', 'normalized_text': 'DavidDhawan'}]","[{'start': 47, 'end': 62, 'tag': 'KarishmaKapoor'}, {'start': 91, 'end': 96, 'tag': 'Tabu'}, {'start': 97, 'end': 109, 'tag': 'DavidDhawan'}]"
1904737573177844005,2025-03-26T03:30:00.000Z,"Introducing the @_Jacobandco X Salman Khan timepiece.

Designed with my dear friend @jacobarabo, honoring my roots and celebrating India’s vibrant heritage.

#Jacobandco #Inspiredbytheimpossible #JacobandcoxSalmankhan https://t.co/oQBLPOpkYY",1878,595,10829,63,182,351580,"[{'start': 16, 'end': 28, 'username': '_Jacobandco', 'id': '1462843312914812933'}, {'start': 84, 'end': 95, 'username': 'jacobarabo', 'id': '3881552777'}]","[{'start': 218, 'end': 241, 'url': 'https://t.co/oQBLPOpkYY', 'expanded_url': 'https://x.com/BeingSalmanKhan/status/1904737573177844005/video/1', 'display_url': 'pic.x.com/oQBLPOpkYY', 'media_key': '7_1904615520001024004'}]","[{'start': 31, 'end': 41, 'probability': 0.9672, 'type': 'Person', 'normalized_text': 'Salman Khan'}, {'start': 131, 'end': 135, 'probability': 0.9495, 'type': 'Place', 'normalized_text': 'India'}, {'start': 159, 'end': 168, 'probability': 0.7731, 'type': 'Person', 'normalized_text': 'Jacobandco'}, {'start': 196, 'end': 216, 'probability': 0.8662, 'type': 'Person', 'normalized_text': 'JacobandcoxSalmankhan'}]","[{'start': 158, 'end': 169, 'tag': 'Jacobandco'}, {'start': 170, 'end': 194, 'tag': 'Inspiredbytheimpossible'}, {'start': 195, 'end': 217, 'tag': 'JacobandcoxSalmankhan'}]"
1861364793766223942,2024-11-26T11:02:03.000Z,"DUBAI get ready for DA-BANGG THE TOUR - RELOADED on 7th December 2024

@SonakshiSinha @Asli_Jacqueline @tamannaahspeaks @DishPatani @PDdancing @ManishPaul03 @WhoSunilGrover @GillAastha @patel_jordy #AdilJagmagia #SohailKhanEntertainment 

🎟Tickets are now available on https://t.co/4GnOHFSr8q",1365,674,7553,43,88,257759,"[{'start': 71, 'end': 85, 'username': 'SonakshiSinha', 'id': '1778793516405243904'}, {'start': 86, 'end': 102, 'username': 'Asli_Jacqueline', 'id': '79708561'}, {'start': 103, 'end': 119, 'username': 'tamannaahspeaks', 'id': '2226496302'}, {'start': 120, 'end': 131, 'username': 'DishPatani', 'id': '507662284'}, {'start': 132, 'end': 142, 'username': 'PDdancing', 'id': '700568101'}, {'start': 143, 'end': 156, 'username': 'ManishPaul03', 'id': '631926517'}, {'start': 157, 'end': 172, 'username': 'WhoSunilGrover', 'id': '157903916'}, {'start': 173, 'end': 184, 'username': 'GillAastha', 'id': '2316802614'}, {'start': 185, 'end': 197, 'username': 'patel_jordy', 'id': '2611491847'}]","[{'start': 269, 'end': 292, 'url': 'https://t.co/4GnOHFSr8q', 'expanded_url': 'https://x.com/BeingSalmanKhan/status/1861364793766223942/video/1', 'display_url': 'pic.x.com/4GnOHFSr8q', 'media_key': '7_1861364488446070784'}]","[{'start': 0, 'end': 4, 'probability': 0.6266, 'type': 'Place', 'normalized_text': 'DUBAI'}, {'start': 20, 'end': 27, 'probability': 0.7651, 'type': 'Other', 'normalized_text': 'DA-BANGG'}, {'start': 199, 'end': 210, 'probability': 0.683, 'type': 'Person', 'normalized_text': 'AdilJagmagia'}, {'start': 213, 'end': 235, 'probability': 0.3434, 'type': 'Person', 'normalized_text': 'SohailKhanEntertainment'}]","[{'start': 198, 'end': 211, 'tag': 'AdilJagmagia'}, {'start': 212, 'end': 236, 'tag': 'SohailKhanEntertainment'}]"
1850786965232500883,2024-10-28T06:29:33.000Z,"Raakhi ji ne sahi kaha tha film mein ki mere Karan Arjun aayenge …
November 22 ko duniya bhar ke cinema gharon mein!

@RakeshRoshan_N #RajeshRoshan @iamsrk @itsKajolD #MamtaKulkarni #Rakhee #AmrishPuri @tipsofficial @PenMovies #30yearsOfKaranArjun https://t.co/dQl8cdBlt6",4687,1862,34722,258,381,1372100,"[{'start': 118, 'end': 133, 'username': 'RakeshRoshan_N', 'id': '789354231379755008'}, {'start': 148, 'end': 155, 'username': 'iamsrk', 'id': '101311381'}, {'start': 156, 'end': 166, 'username': 'itsKajolD', 'id': '2805358944'}, {'start': 202, 'end': 215, 'username': 'tipsofficial', 'id': '992437866'}, {'start': 216, 'end': 226, 'username': 'PenMovies', 'id': '368864562'}]","[{'start': 248, 'end': 271, 'url': 'https://t.co/dQl8cdBlt6', 'expanded_url': 'https://x.com/BeingSalmanKhan/status/1850786965232500883/video/1', 'display_url': 'pic.x.com/dQl8cdBlt6', 'media_key': '7_1850786924157652992'}]",,"[{'start': 134, 'end': 147, 'tag': 'RajeshRoshan'}, {'start': 167, 'end': 181, 'tag': 'MamtaKulkarni'}, {'start': 182, 'end': 189, 'tag': 'Rakhee'}, {'start': 190, 'end': 201, 'tag': 'AmrishPuri'}, {'start': 227, 'end': 247, 'tag': '30yearsOfKaranArjun'}]"
1904435852387741830,2025-03-25T07:31:04.000Z,"Amar Prem ka Andaaz with AR Murugadoss! #SikandarMeetsGhajini 

#AamirKhan 

#SajidNadiadwala’s #Sikandar  
Directed by @ARMurugadoss 

@NGEMovies @SKFilmsOfficial @ZeeMusicCompany @PenMovies 
@WardaNadiadwala 

#SikandarEid2025

Sikandar In Cinemas from 30th March https://t.co/P0JuAjKEWT",2928,653,17976,176,507,771175,"[{'start': 120, 'end': 133, 'username': 'ARMurugadoss', 'id': '178218286'}, {'start': 136, 'end': 146, 'username': 'NGEMovies', 'id': '763292478'}, {'start': 147, 'end': 163, 'username': 'SKFilmsOfficial', 'id': '3226892442'}, {'start': 164, 'end': 180, 'username': 'ZeeMusicCompany', 'id': '2381606574'}, {'start': 181, 'end': 191, 'username': 'PenMovies', 'id': '368864562'}, {'start': 193, 'end': 209, 'username': 'WardaNadiadwala', 'id': '79424503'}]","[{'start': 266, 'end': 289, 'url': 'https://t.co/P0JuAjKEWT', 'expanded_url': 'https://x.com/BeingSalmanKhan/status/1904435852387741830/video/1', 'display_url': 'pic.x.com/P0JuAjKEWT', 'media_key': '7_1904435731784949760'}]","[{'start': 0, 'end': 18, 'probability': 0.7508, 'type': 'Other', 'normalized_text': 'Amar Prem ka Andaaz'}, {'start': 25, 'end': 37, 'probability': 0.5514, 'type': 'Other', 'normalized_text': 'AR Murugadoss'}, {'start': 41, 'end': 60, 'probability': 0.4646, 'type': 'Person', 'normalized_text': 'SikandarMeetsGhajini'}, {'start': 65, 'end': 73, 'probability': 0.4953, 'type': 'Other', 'normalized_text': 'AamirKhan'}, {'start': 78, 'end': 92, 'probability': 0.5753, 'type': 'Other', 'normalized_text': 'SajidNadiadwala'}, {'start': 97, 'end': 104, 'probability': 0.5579, 'type': 'Other', 'normalized_text': 'Sikandar'}, {'start': 213, 'end': 227, 'probability': 0.5719, 'type': 'Other', 'normalized_text': 'SikandarEid2025'}, {'start': 230, 'end': 237, 'probability': 0.5895, 'type': 'Other', 'normalized_text': 'Sikandar'}]","[{'start': 40, 'end': 61, 'tag': 'SikandarMeetsGhajini'}, {'start': 64, 'end': 74, 'tag': 'AamirKhan'}, {'start': 77, 'end': 93, 'tag': 'SajidNadiadwala'}, {'start': 96, 'end': 105, 'tag': 'Sikandar'}, {'start': 212, 'end': 228, 'tag': 'SikandarEid2025'}]"
1903097448840773945,2025-03-21T14:52:44.000Z,"#SikandarTrailer out on March 23rd! 

#Sikandar releases in theatres near you on 30th March 2025 

#SajidNadiadwala’s #Sikandar  
Directed by @ARMurugadoss 

@iamRashmika #Sathyaraj @TheSharmanJoshi @MsKajalAggarwal @prateikbabbar #AnjiniDhawan @jatinsarna #AyanKhan 

@DOP_Tirru https://t.co/xfAkRGmGJB",3098,1079,16819,237,133,465831,"[{'start': 142, 'end': 155, 'username': 'ARMurugadoss', 'id': '178218286'}, {'start': 158, 'end': 170, 'username': 'iamRashmika', 'id': '722067485613277186'}, {'start': 182, 'end': 198, 'username': 'TheSharmanJoshi', 'id': '131273680'}, {'start': 199, 'end': 215, 'username': 'MsKajalAggarwal', 'id': '727050288310296576'}, {'start': 216, 'end': 230, 'username': 'prateikbabbar', 'id': '92594089'}, {'start': 245, 'end': 256, 'username': 'jatinsarna', 'id': '72611247'}, {'start': 269, 'end': 279, 'username': 'DOP_Tirru', 'id': '705313987815034881'}]","[{'start': 280, 'end': 303, 'url': 'https://t.co/xfAkRGmGJB', 'expanded_url': 'https://x.com/BeingSalmanKhan/status/1903097448840773945/photo/1', 'display_url': 'pic.x.com/xfAkRGmGJB', 'media_key': '3_1903094514660806657'}]","[{'start': 1, 'end': 15, 'probability': 0.6364, 'type': 'Other', 'normalized_text': 'SikandarTrailer'}, {'start': 39, 'end': 46, 'probability': 0.4686, 'type': 'Person', 'normalized_text': 'Sikandar'}, {'start': 100, 'end': 114, 'probability': 0.9129, 'type': 'Person', 'normalized_text': 'SajidNadiadwala'}, {'start': 119, 'end': 126, 'probability': 0.4121, 'type': 'Other', 'normalized_text': 'Sikandar'}, {'start': 172, 'end': 180, 'probability': 0.9325, 'type': 'Person', 'normalized_text': 'Sathyaraj'}, {'start': 232, 'end': 243, 'probability': 0.9406, 'type': 'Person', 'normalized_text': 'AnjiniDhawan'}, {'start': 258, 'end': 265, 'probability': 0.9374, 'type': 'Person', 'normalized_text': 'AyanKhan'}]","[{'start': 0, 'end': 16, 'tag': 'SikandarTrailer'}, {'start': 38, 'end': 47, 'tag': 'Sikandar'}, {'start': 99, 'end': 115, 'tag': 'SajidNadiadwala'}, {'start': 118, 'end': 127, 'tag': 'Sikandar'}, {'start': 171, 'end': 181, 'tag': 'Sathyaraj'}, {'start': 231, 'end': 244, 'tag': 'AnjiniDhawan'}, {'start': 257, 'end': 266, 'tag': 'AyanKhan'}]"
1963940316891017357,2025-09-05T12:20:34.000Z,"Being together is the superpower.
The Being Human Collection featuring Marvel Studios’ Fantastic Four pairs iconic art with versatile fits—tees, denims and more 💙

Available online &amp; at your nearest store.

#BeingHumanClothing #MarvelStyle #FantasticFour #EverydayHeroes https://t.co/eE9UzKpjH9",1783,1034,9419,42,125,700443,,"[{'start': 275, 'end': 298, 'url': 'https://t.co/eE9UzKpjH9', 'expanded_url': 'https://x.com/BeingSalmanKhan/status/1963940316891017357/video/1', 'display_url': 'pic.x.com/eE9UzKpjH9', 'media_key': '13_1963940020223352832'}]","[{'start': 34, 'end': 59, 'probability': 0.7614, 'type': 'Other', 'normalized_text': 'The Being Human Collection'}, {'start': 71, 'end': 84, 'probability': 0.9133, 'type': 'Organization', 'normalized_text': 'Marvel Studios'}, {'start': 232, 'end': 242, 'probability': 0.7492, 'type': 'Other', 'normalized_text': 'MarvelStyle'}]","[{'start': 211, 'end': 230, 'tag': 'BeingHumanClothing'}, {'start': 231, 'end': 243, 'tag': 'MarvelStyle'}, {'start': 244, 'end': 258, 'tag': 'FantasticFour'}, {'start': 259, 'end': 274, 'tag': 'EverydayHeroes'}]"
1902358110003687574,2025-03-19T13:54:52.000Z,"See you in theatres worldwide on 30th March! #Sikandar 

#SajidNadiadwala’s #Sikandar  
Directed by @ARMurugadoss 

@iamRashmika #Sathyaraj @TheSharmanJoshi @MsKajalAggarwal @prateikbabbar #AnjiniDhawan @jatinsarna #AyanKhan 

@DOP_Tirru @ipritamofficial @Music_Santhosh https://t.co/IeiEAIUEiw",3439,1092,19828,319,137,592043,"[{'start': 100, 'end': 113, 'username': 'ARMurugadoss', 'id': '178218286'}, {'start': 116, 'end': 128, 'username': 'iamRashmika', 'id': '722067485613277186'}, {'start': 140, 'end': 156, 'username': 'TheSharmanJoshi', 'id': '131273680'}, {'start': 157, 'end': 173, 'username': 'MsKajalAggarwal', 'id': '727050288310296576'}, {'start': 174, 'end': 188, 'username': 'prateikbabbar', 'id': '92594089'}, {'start': 203, 'end': 214, 'username': 'jatinsarna', 'id': '72611247'}, {'start': 227, 'end': 237, 'username': 'DOP_Tirru', 'id': '705313987815034881'}, {'start': 238, 'end': 254, 'username': 'ipritamofficial', 'id': '2847250015'}, {'start': 255, 'end': 270, 'username': 'Music_Santhosh', 'id': '101270748'}]","[{'start': 271, 'end': 294, 'url': 'https://t.co/IeiEAIUEiw', 'expanded_url': 'https://x.com/BeingSalmanKhan/status/1902358110003687574/photo/1', 'display_url': 'pic.x.com/IeiEAIUEiw', 'media_key': '3_1902357923386523648'}]","[{'start': 46, 'end': 53, 'probability': 0.6638, 'type': 'Person', 'normalized_text': 'Sikandar'}, {'start': 58, 'end': 72, 'probability': 0.9041, 'type': 'Person', 'normalized_text': 'SajidNadiadwala'}, {'start': 77, 'end': 84, 'probability': 0.5031, 'type': 'Other', 'normalized_text': 'Sikandar'}, {'start': 130, 'end': 138, 'probability': 0.9272, 'type': 'Person', 'normalized_text': 'Sathyaraj'}, {'start': 190, 'end': 201, 'probability': 0.9318, 'type': 'Person', 'normalized_text': 'AnjiniDhawan'}, {'start': 216, 'end': 223, 'probability': 0.9359, 'type': 'Person', 'normalized_text': 'AyanKhan'}]","[{'start': 45, 'end': 54, 'tag': 'Sikandar'}, {'start': 57, 'end': 73, 'tag': 'SajidNadiadwala'}, {'start': 76, 'end': 85, 'tag': 'Sikandar'}, {'start': 129, 'end': 139, 'tag': 'Sathyaraj'}, {'start': 189, 'end': 202, 'tag': 'AnjiniDhawan'}, {'start': 215, 'end': 224, 'tag': 'AyanKhan'}]"
1980651592966975813,2025-10-21T15:05:13.000Z,Saddened to hear of Asrani Ji’s demise. A true legend of laughter. #RIP https://t.co/GiEtQYdYqe,2767,1161,46432,59,329,1094747,,"[{'start': 72, 'end': 95, 'url': 'https://t.co/GiEtQYdYqe', 'expanded_url': 'https://x.com/BeingSalmanKhan/status/1980651592966975813/photo/1', 'display_url': 'pic.x.com/GiEtQYdYqe', 'media_key': '3_1980651582652821504'}]","[{'start': 20, 'end': 28, 'probability': 0.8391, 'type': 'Person', 'normalized_text': 'Asrani Ji'}]","[{'start': 67, 'end': 71, 'tag': 'RIP'}]"
1856555402889986469,2024-11-13T04:31:15.000Z,"World Wide Re-Release on 22nd November
#30yearsOfKaranArjun 

@RakeshRoshan_N #RajeshRoshan @iamsrk @itsKajolD #MamtaKulkarni #Rakhee #AmrishPuri @tipsofficial @PenMovies https://t.co/mEWV7UbpBY",3054,1487,20577,142,176,535028,"[{'start': 62, 'end': 77, 'username': 'RakeshRoshan_N', 'id': '789354231379755008'}, {'start': 92, 'end': 99, 'username': 'iamsrk', 'id': '101311381'}, {'start': 100, 'end': 110, 'username': 'itsKajolD', 'id': '2805358944'}, {'start': 146, 'end': 159, 'username': 'tipsofficial', 'id': '992437866'}, {'start': 160, 'end': 170, 'username': 'PenMovies', 'id': '368864562'}]","[{'start': 171, 'end': 194, 'url': 'https://t.co/mEWV7UbpBY', 'expanded_url': 'https://x.com/BeingSalmanKhan/status/1856555402889986469/video/1', 'display_url': 'pic.x.com/mEWV7UbpBY', 'media_key': '7_1856554885170311168'}]","[{'start': 0, 'end': 9, 'probability': 0.51, 'type': 'Organization', 'normalized_text': 'World Wide'}, {'start': 79, 'end': 90, 'probability': 0.9729, 'type': 'Person', 'normalized_text': 'RajeshRoshan'}, {'start': 112, 'end': 124, 'probability': 0.9378, 'type': 'Person', 'normalized_text': 'MamtaKulkarni'}, {'start': 127, 'end': 132, 'probability': 0.9057, 'type': 'Person', 'normalized_text': 'Rakhee'}, {'start': 135, 'end': 144, 'probability': 0.8641, 'type': 'Person', 'normalized_text': 'AmrishPuri'}]","[{'start': 39, 'end': 59, 'tag': '30yearsOfKaranArjun'}, {'start': 78, 'end': 91, 'tag': 'RajeshRoshan'}, {'start': 111, 'end': 125, 'tag': 'MamtaKulkarni'}, {'start': 126, 'end': 133, 'tag': 'Rakhee'}, {'start': 134, 'end': 145, 'tag': 'AmrishPuri'}]"
1949168902413729977,2025-07-26T18:04:14.000Z,"Present becomes yr past, past catches up 2 your future, present Is a gift, do right with it, mistakes repeated becomes a habit n then your character, dont blame any 1 , no 1 can make u do anything that u don’t want to. My dad just said this to me, it’s so true.
Kash I heard this https://t.co/GBsHSy8MGh",3683,2311,32420,551,755,1004229,,"[{'start': 280, 'end': 303, 'url': 'https://t.co/GBsHSy8MGh', 'expanded_url': 'https://x.com/BeingSalmanKhan/status/1949168902413729977/photo/1', 'display_url': 'pic.x.com/GBsHSy8MGh', 'media_key': '3_1949168892808499200'}]","[{'start': 262, 'end': 265, 'probability': 0.6467, 'type': 'Other', 'normalized_text': 'Kash'}]",
1904121745851969946,2025-03-24T10:42:55.000Z,"ADVANCE BOOKING OPENS 25th MARCH 
https://t.co/W4hrgrLMvv 

In Cinemas from 30th March 

#SajidNadiadwala’s #Sikandar  
Directed by @ARMurugadoss 

@iamRashmika #Sathyaraj @TheSharmanJoshi @MsKajalAggarwal @prateikbabbar #AnjiniDhawan @jatinsarna #AyanKhan 

@DOP_Tirru https://t.co/rLA28mL14O",2549,913,13308,112,88,277968,"[{'start': 132, 'end': 145, 'username': 'ARMurugadoss', 'id': '178218286'}, {'start': 148, 'end': 160, 'username': 'iamRashmika', 'id': '722067485613277186'}, {'start': 172, 'end': 188, 'username': 'TheSharmanJoshi', 'id': '131273680'}, {'start': 189, 'end': 205, 'username': 'MsKajalAggarwal', 'id': '727050288310296576'}, {'start': 206, 'end': 220, 'username': 'prateikbabbar', 'id': '92594089'}, {'start': 235, 'end': 246, 'username': 'jatinsarna', 'id': '72611247'}, {'start': 259, 'end': 269, 'username': 'DOP_Tirru', 'id': '705313987815034881'}]","[{'start': 34, 'end': 57, 'url': 'https://t.co/W4hrgrLMvv', 'expanded_url': 'https://link.district.in/DSTRKT/sksikandar', 'display_url': 'link.district.in/DSTRKT/sksikan…', 'images': [{'url': 'https://pbs.twimg.com/news_img/1974832591837757441/Kw5OjLlq?format=jpg&name=orig', 'width': 1024, 'height': 1024}, {'url': 'https://pbs.twimg.com/news_img/1974832591837757441/Kw5OjLlq?format=jpg&name=150x150', 'width': 150, 'height': 150}], 'status': 200, 'title': 'District - Movies, Events, Dining', 'description': 'Book your movie tickets on District by Zomato', 'unwound_url': 'https://link.district.in/DSTRKT/sksikandar'}, {'start': 270, 'end': 293, 'url': 'https://t.co/rLA28mL14O', 'expanded_url': 'https://x.com/BeingSalmanKhan/status/1904121745851969946/photo/1', 'display_url': 'pic.x.com/rLA28mL14O', 'media_key': '3_1904121373263589376'}]","[{'start': 90, 'end': 104, 'probability': 0.8393, 'type': 'Person', 'normalized_text': 'SajidNadiadwala'}, {'start': 109, 'end': 116, 'probability': 0.3878, 'type': 'Other', 'normalized_text': 'Sikandar'}, {'start': 162, 'end': 170, 'probability': 0.9448, 'type': 'Person', 'normalized_text': 'Sathyaraj'}, {'start': 222, 'end': 233, 'probability': 0.9487, 'type': 'Person', 'normalized_text': 'AnjiniDhawan'}, {'start': 248, 'end': 255, 'probability': 0.958, 'type': 'Person', 'normalized_text': 'AyanKhan'}]","[{'start': 89, 'end': 105, 'tag': 'SajidNadiadwala'}, {'start': 108, 'end': 117, 'tag': 'Sikandar'}, {'start': 161, 'end': 171, 'tag': 'Sathyaraj'}, {'start': 221, 'end': 234, 'tag': 'AnjiniDhawan'}, {'start': 247, 'end': 256, 'tag': 'AyanKhan'}]"
1954052522370572457,2025-08-09T05:30:00.000Z,"Iss baar Bigg Boss ke ghar ka drama hoga - Democrazy! Iss naye twist ke liye kya aap hai taiyaar? 
Dekhiye #BiggBoss19, 24th August se, sirf #JioHotstar aur @ColorsTV par.

@danubeprop #Vaseline @CitroenIndia #BiggBossOnJioHotstar #BB19OnJioHotstar https://t.co/M0gQJXsKpZ",1594,946,10277,66,118,351207,"[{'start': 157, 'end': 166, 'username': 'ColorsTV', 'id': '18238260'}, {'start': 173, 'end': 184, 'username': 'danubeprop', 'id': '2725644840'}, {'start': 195, 'end': 208, 'username': 'CitroenIndia', 'id': '1099933221649674241'}]","[{'start': 249, 'end': 272, 'url': 'https://t.co/M0gQJXsKpZ', 'expanded_url': 'https://x.com/BeingSalmanKhan/status/1954052522370572457/video/1', 'display_url': 'pic.x.com/M0gQJXsKpZ', 'media_key': '13_1954045906057134080'}]",,"[{'start': 107, 'end': 118, 'tag': 'BiggBoss19'}, {'start': 141, 'end': 152, 'tag': 'JioHotstar'}, {'start': 185, 'end': 194, 'tag': 'Vaseline'}, {'start': 209, 'end': 230, 'tag': 'BiggBossOnJioHotstar'}, {'start': 231, 'end': 248, 'tag': 'BB19OnJioHotstar'}]"
1921513181517619326,2025-05-11T10:30:17.000Z,Thank u dad for the best mothers in the world . To the most beautiful women in my world . Happy Mother's Day. https://t.co/nQ6zaJN34l,3363,4669,53696,1030,624,3500430,,"[{'start': 110, 'end': 133, 'url': 'https://t.co/nQ6zaJN34l', 'expanded_url': 'https://x.com/BeingSalmanKhan/status/1921513181517619326/photo/1', 'display_url': 'pic.x.com/nQ6zaJN34l', 'media_key': '3_1921513170881159168'}]","[{'start': 96, 'end': 107, 'probability': 0.677, 'type': 'Other', 'normalized_text': ""Mother's Day""}]",
1902428668368187751,2025-03-19T18:35:14.000Z,"From playing a soldier, cop, and protector on screen to saluting the real-life heroes who guard our shores—proud to present the teaser of #CISFCoastalCyclothon2025!

A 6,553 km ride across two coasts in 25 days—celebrating the spirit of CISF

Register now to show your support for",1352,467,6833,25,58,261015,,,"[{'start': 139, 'end': 162, 'probability': 0.6112, 'type': 'Other', 'normalized_text': 'CISFCoastalCyclothon2025'}]","[{'start': 138, 'end': 163, 'tag': 'CISFCoastalCyclothon2025'}]"
1962170605069050080,2025-08-31T15:08:22.000Z,Ganpati Bappa Morya https://t.co/hHrG1c55gd,3395,1325,22462,165,357,950197,,"[{'start': 20, 'end': 43, 'url': 'https://t.co/hHrG1c55gd', 'expanded_url': 'https://x.com/BeingSalmanKhan/status/1962170605069050080/video/1', 'display_url': 'pic.x.com/hHrG1c55gd', 'media_key': '13_1962170323954204672'}]",,
1940111477186105823,2025-07-01T18:13:16.000Z,Take care and protect the man in the mirror…wohi kaam aayega https://t.co/GyR6h65Up6,3698,1723,38424,316,613,1484513,,"[{'start': 61, 'end': 84, 'url': 'https://t.co/GyR6h65Up6', 'expanded_url': 'https://x.com/BeingSalmanKhan/status/1940111477186105823/photo/1', 'display_url': 'pic.x.com/GyR6h65Up6', 'media_key': '3_1940111465429483520'}, {'start': 61, 'end': 84, 'url': 'https://t.co/GyR6h65Up6', 'expanded_url': 'https://x.com/BeingSalmanKhan/status/1940111477186105823/photo/1', 'display_url': 'pic.x.com/GyR6h65Up6', 'media_key': '3_1940111465450450945'}, {'start': 61, 'end': 84, 'url': 'https://t.co/GyR6h65Up6', 'expanded_url': 'https://x.com/BeingSalmanKhan/status/1940111477186105823/photo/1', 'display_url': 'pic.x.com/GyR6h65Up6', 'media_key': '3_1940111465475665920'}]",,
1974061381336158462,2025-10-03T10:38:04.000Z,Happy Birthday @zeeshanBabaS https://t.co/Bmp9xYu2hJ,1707,1897,25900,48,177,1325432,"[{'start': 15, 'end': 28, 'username': 'zeeshanBabaS', 'id': '560762145'}]","[{'start': 29, 'end': 52, 'url': 'https://t.co/Bmp9xYu2hJ', 'expanded_url': 'https://x.com/BeingSalmanKhan/status/1974061381336158462/photo/1', 'display_url': 'pic.x.com/Bmp9xYu2hJ', 'media_key': '3_1974061371252731904'}]",,
1901508125238411402,2025-03-17T05:37:20.000Z,"#SikandarNaache Song out tomorrow

https://t.co/NXBxs5M4SC 

#SajidNadiadwala’s #Sikandar  
Directed by @ARMurugadoss 

@iamRashmika   

@jam8studio @khan_ahmedasas 
@SameerAnjaan #AmitMishra @AkasaSing #SiddhantMiishhraa 

@NGEMovies @SKFilmsOfficial @ZeeMusicCompany @PenMovies https://t.co/r3ZoRMoZM9",2467,824,11330,243,134,513035,"[{'start': 104, 'end': 117, 'username': 'ARMurugadoss', 'id': '178218286'}, {'start': 120, 'end': 132, 'username': 'iamRashmika', 'id': '722067485613277186'}, {'start': 137, 'end': 148, 'username': 'jam8studio', 'id': '816972609711734784'}, {'start': 149, 'end': 164, 'username': 'khan_ahmedasas', 'id': '3012568945'}, {'start': 166, 'end': 179, 'username': 'SameerAnjaan', 'id': '458488568'}, {'start': 192, 'end': 202, 'username': 'AkasaSing', 'id': '583030238'}, {'start': 224, 'end': 234, 'username': 'NGEMovies', 'id': '763292478'}, {'start': 235, 'end': 251, 'username': 'SKFilmsOfficial', 'id': '3226892442'}, {'start': 252, 'end': 268, 'username': 'ZeeMusicCompany', 'id': '2381606574'}, {'start': 269, 'end': 279, 'username': 'PenMovies', 'id': '368864562'}]","[{'start': 35, 'end': 58, 'url': 'https://t.co/NXBxs5M4SC', 'expanded_url': 'https://www.youtube.com/watch?v=2ebtStY-FXI', 'display_url': 'youtube.com/watch?v=2ebtSt…', 'images': [{'url': 'https://pbs.twimg.com/news_img/1987132082037137413/Zicokbd-?format=jpg&name=orig', 'width': 1280, 'height': 720}, {'url': 'https://pbs.twimg.com/news_img/1987132082037137413/Zicokbd-?format=jpg&name=150x150', 'width': 150, 'height': 150}], 'status': 200, 'title': 'Sikandar Naache - Teaser | Sikandar | Salman Khan, Rashmika | JAM8 | Amit Mishra, AKASA, Siddhaant M', 'description': '👉🏻 SUBSCRIBE to Zee Music Company - https://bit.ly/ZeeMusicCo Iss baar jashn Sikandar ki taraf se hai! Naachna toh banta hai🕺🏻🔥#SikandarNaache Full Vide...', 'unwound_url': 'https://www.youtube.com/watch?v=2ebtStY-FXI'}, {'start': 280, 'end': 303, 'url': 'https://t.co/r3ZoRMoZM9', 'expanded_url': 'https://x.com/BeingSalmanKhan/status/1901508125238411402/video/1', 'display_url': 'pic.x.com/r3ZoRMoZM9', 'media_key': '7_1901506674441302016'}]","[{'start': 1, 'end': 14, 'probability': 0.7372, 'type': 'Other', 'normalized_text': 'SikandarNaache'}, {'start': 62, 'end': 76, 'probability': 0.7398, 'type': 'Person', 'normalized_text': 'SajidNadiadwala'}, {'start': 81, 'end': 88, 'probability': 0.6095, 'type': 'Other', 'normalized_text': 'Sikandar'}, {'start': 181, 'end': 190, 'probability': 0.9604, 'type': 'Person', 'normalized_text': 'AmitMishra'}, {'start': 204, 'end': 220, 'probability': 0.9098, 'type': 'Person', 'normalized_text': 'SiddhantMiishhraa'}]","[{'start': 0, 'end': 15, 'tag': 'SikandarNaache'}, {'start': 61, 'end': 77, 'tag': 'SajidNadiadwala'}, {'start': 80, 'end': 89, 'tag': 'Sikandar'}, {'start': 180, 'end': 191, 'tag': 'AmitMishra'}, {'start': 203, 'end': 221, 'tag': 'SiddhantMiishhraa'}]"
1914981209525846083,2025-04-23T09:54:33.000Z,"Kashmir,heaven on planet earth turning into hell. Innocent people being targeted, my heart goes out to their families . Ek bhi innocent ko marna puri kainath ko marne ke barabar hai",8385,4598,89335,693,914,3703027,,,"[{'start': 0, 'end': 6, 'probability': 0.7797, 'type': 'Place', 'normalized_text': 'Kashmir'}]",
1955219865960382515,2025-08-12T10:48:36.000Z,"Celebrate freedom &amp; honour the legacy of our National Flag by Inspiring everyone to hoist Tricolour from 11-15 Aug &amp; participate in Tiranga festivities. Share selfies on https://t.co/ByWvD8AFke 

#HarGharTiranga",2002,1215,16285,74,113,507347,,"[{'start': 178, 'end': 201, 'url': 'https://t.co/ByWvD8AFke', 'expanded_url': 'http://harghartiranga.com', 'display_url': 'harghartiranga.com', 'images': [{'url': 'https://pbs.twimg.com/news_img/1998287808369483777/GxdwfZ_Q?format=png&name=orig', 'width': 6189, 'height': 4185}, {'url': 'https://pbs.twimg.com/news_img/1998287808369483777/GxdwfZ_Q?format=png&name=150x150', 'width': 150, 'height': 150}], 'status': 200, 'title': 'Har Ghar Tiranga', 'description': 'Har Ghar Tiranga is a platform to show your love for the nation by hoisting the flag at your home.', 'unwound_url': 'https://harghartiranga.com/'}]","[{'start': 140, 'end': 146, 'probability': 0.51, 'type': 'Other', 'normalized_text': 'Tiranga'}, {'start': 205, 'end': 218, 'probability': 0.5281, 'type': 'Person', 'normalized_text': 'HarGharTiranga'}]","[{'start': 204, 'end': 219, 'tag': 'HarGharTiranga'}]"
1903775296358388142,2025-03-23T11:46:15.000Z,"#SikandarTrailer OUT NOW🔥 

https://t.co/XYA07aKPQb 

#Sikandar releases in theatres near you on 30th March 2025 

#SajidNadiadwala’s #Sikandar  
Directed by @ARMurugadoss 

@iamRashmika #Sathyaraj @TheSharmanJoshi @MsKajalAggarwal @prateikbabbar #AnjiniDhawan @jatinsarna",3338,1008,12294,584,126,1113471,"[{'start': 158, 'end': 171, 'username': 'ARMurugadoss', 'id': '178218286'}, {'start': 174, 'end': 186, 'username': 'iamRashmika', 'id': '722067485613277186'}, {'start': 198, 'end': 214, 'username': 'TheSharmanJoshi', 'id': '131273680'}, {'start': 215, 'end': 231, 'username': 'MsKajalAggarwal', 'id': '727050288310296576'}, {'start': 232, 'end': 246, 'username': 'prateikbabbar', 'id': '92594089'}, {'start': 261, 'end': 272, 'username': 'jatinsarna', 'id': '72611247'}]","[{'start': 28, 'end': 51, 'url': 'https://t.co/XYA07aKPQb', 'expanded_url': 'https://bit.ly/SikandarOfficialTrailer', 'display_url': 'bit.ly/SikandarOffici…', 'images': [{'url': 'https://pbs.twimg.com/news_img/1991366444215595008/3KtK8zWq?format=jpg&name=orig', 'width': 1280, 'height': 720}, {'url': 'https://pbs.twimg.com/news_img/1991366444215595008/3KtK8zWq?format=jpg&name=150x150', 'width': 150, 'height': 150}], 'status': 200, 'title': 'SIKANDAR Official Trailer - Salman Khan, Rashmika | Sajid Nadiadwala | A.R. Murugadoss | 30th March', 'description': 'Presenting the Official Trailer of Sikandar! 🔥 Salman Khan As Sanjay Rajkot Rashmika Mandanna As SaisriSathyaraj As Minister Pradhan Produced by Sajid Nadia...', 'unwound_url': 'https://www.youtube.com/watch?v=BAk5ZCoTWY8&feature=youtu.be'}]","[{'start': 1, 'end': 15, 'probability': 0.7091, 'type': 'Other', 'normalized_text': 'SikandarTrailer'}, {'start': 55, 'end': 62, 'probability': 0.3513, 'type': 'Person', 'normalized_text': 'Sikandar'}, {'start': 116, 'end': 130, 'probability': 0.914, 'type': 'Person', 'normalized_text': 'SajidNadiadwala'}, {'start': 135, 'end': 142, 'probability': 0.5188, 'type': 'Other', 'normalized_text': 'Sikandar'}, {'start': 188, 'end': 196, 'probability': 0.8907, 'type': 'Person', 'normalized_text': 'Sathyaraj'}, {'start': 248, 'end': 259, 'probability': 0.9185, 'type': 'Person', 'normalized_text': 'AnjiniDhawan'}]","[{'start': 0, 'end': 16, 'tag': 'SikandarTrailer'}, {'start': 54, 'end': 63, 'tag': 'Sikandar'}, {'start': 115, 'end': 131, 'tag': 'SajidNadiadwala'}, {'start': 134, 'end': 143, 'tag': 'Sikandar'}, {'start': 187, 'end': 197, 'tag': 'Sathyaraj'}, {'start': 247, 'end': 260, 'tag': 'AnjiniDhawan'}]"
1869743485181694310,2024-12-19T13:55:59.000Z,"Birthday time is always special for me, and Is saal main AAPKE saath celebrate karna chahta hoon! 🎂💙 Join kariye Mera Budday ka celebration with @bebeinghuman 
 
Kyunki – Mera Budday Hai – Weightlifting to banta hai

#BhaiKaBudday #BeingHumanClothing #JustBeingHuman https://t.co/owMVGVPenq",2051,1305,13112,78,118,481761,"[{'start': 145, 'end': 158, 'username': 'bebeinghuman', 'id': '1564314866'}]","[{'start': 267, 'end': 290, 'url': 'https://t.co/owMVGVPenq', 'expanded_url': 'https://x.com/BeingSalmanKhan/status/1869743485181694310/video/1', 'display_url': 'pic.x.com/owMVGVPenq', 'media_key': '7_1869743421839314944'}]","[{'start': 57, 'end': 61, 'probability': 0.4979, 'type': 'Organization', 'normalized_text': 'AAPKE'}, {'start': 218, 'end': 229, 'probability': 0.5887, 'type': 'Other', 'normalized_text': 'BhaiKaBudday'}, {'start': 232, 'end': 249, 'probability': 0.3407, 'type': 'Person', 'normalized_text': 'BeingHumanClothing'}, {'start': 252, 'end': 265, 'probability': 0.3455, 'type': 'Person', 'normalized_text': 'JustBeingHuman'}]","[{'start': 217, 'end': 230, 'tag': 'BhaiKaBudday'}, {'start': 231, 'end': 250, 'tag': 'BeingHumanClothing'}, {'start': 251, 'end': 266, 'tag': 'JustBeingHuman'}]"
1896511896091512880,2025-03-03T10:44:06.000Z,"#ZohraJabeen Song Out Tomorrow! 

#SajidNadiadwala’s #Sikandar  
Directed by @ARMurugadoss 
 
@iamRashmika 

@DOP_Tirru  

@ipritamofficial @TheFarahKhan 
@SameerAnjaan #DanishSabri @AzizNakash @DevNegiLive @mellowdofficial 

@NGEMovies @ZeeMusicCompany @PenMovies https://t.co/P6qkkuPq5F",2635,1086,11999,238,165,508445,"[{'start': 77, 'end': 90, 'username': 'ARMurugadoss', 'id': '178218286'}, {'start': 94, 'end': 106, 'username': 'iamRashmika', 'id': '722067485613277186'}, {'start': 109, 'end': 119, 'username': 'DOP_Tirru', 'id': '705313987815034881'}, {'start': 123, 'end': 139, 'username': 'ipritamofficial', 'id': '2847250015'}, {'start': 140, 'end': 153, 'username': 'TheFarahKhan', 'id': '195703895'}, {'start': 155, 'end': 168, 'username': 'SameerAnjaan', 'id': '458488568'}, {'start': 182, 'end': 193, 'username': 'AzizNakash', 'id': '814139347'}, {'start': 194, 'end': 206, 'username': 'DevNegiLive', 'id': '746721297736970241'}, {'start': 207, 'end': 223, 'username': 'mellowdofficial', 'id': '373839301'}, {'start': 226, 'end': 236, 'username': 'NGEMovies', 'id': '763292478'}, {'start': 237, 'end': 253, 'username': 'ZeeMusicCompany', 'id': '2381606574'}, {'start': 254, 'end': 264, 'username': 'PenMovies', 'id': '368864562'}]","[{'start': 265, 'end': 288, 'url': 'https://t.co/P6qkkuPq5F', 'expanded_url': 'https://x.com/BeingSalmanKhan/status/1896511896091512880/video/1', 'display_url': 'pic.x.com/P6qkkuPq5F', 'media_key': '13_1896511819323449344'}]","[{'start': 1, 'end': 11, 'probability': 0.8264, 'type': 'Person', 'normalized_text': 'ZohraJabeen'}, {'start': 35, 'end': 49, 'probability': 0.8128, 'type': 'Person', 'normalized_text': 'SajidNadiadwala'}, {'start': 54, 'end': 61, 'probability': 0.63, 'type': 'Other', 'normalized_text': 'Sikandar'}, {'start': 170, 'end': 180, 'probability': 0.562, 'type': 'Person', 'normalized_text': 'DanishSabri'}]","[{'start': 0, 'end': 12, 'tag': 'ZohraJabeen'}, {'start': 34, 'end': 50, 'tag': 'SajidNadiadwala'}, {'start': 53, 'end': 62, 'tag': 'Sikandar'}, {'start': 169, 'end': 181, 'tag': 'DanishSabri'}]"
1835696440980455933,2024-09-16T15:05:11.000Z,Official Notice! https://t.co/Au4RO3OLWo,2572,1994,23882,122,226,1051503,,"[{'start': 17, 'end': 40, 'url': 'https://t.co/Au4RO3OLWo', 'expanded_url': 'https://x.com/BeingSalmanKhan/status/1835696440980455933/photo/1', 'display_url': 'pic.x.com/Au4RO3OLWo', 'media_key': '3_1835696430767603712'}]",,
1905479026141225226,2025-03-28T04:36:16.000Z,"#HumAapkeBina Song Out Today!

#SajidNadiadwala’s #Sikandar  
Directed by @ARMurugadoss 

@iamRashmika 

@DOP_Tirru  

@ipritamofficial @arijitsingh @SameerAnjaan 

@NGEMovies @SKFilmsOfficial @ZeeMusicCompany @PenMovies 
@WardaNadiadwala 

#SikandarEid2025 https://t.co/mcW548t4db",2041,775,10387,137,118,397854,"[{'start': 74, 'end': 87, 'username': 'ARMurugadoss', 'id': '178218286'}, {'start': 90, 'end': 102, 'username': 'iamRashmika', 'id': '722067485613277186'}, {'start': 105, 'end': 115, 'username': 'DOP_Tirru', 'id': '705313987815034881'}, {'start': 119, 'end': 135, 'username': 'ipritamofficial', 'id': '2847250015'}, {'start': 136, 'end': 148, 'username': 'arijitsingh', 'id': '884655478504005632'}, {'start': 149, 'end': 162, 'username': 'SameerAnjaan', 'id': '458488568'}, {'start': 165, 'end': 175, 'username': 'NGEMovies', 'id': '763292478'}, {'start': 176, 'end': 192, 'username': 'SKFilmsOfficial', 'id': '3226892442'}, {'start': 193, 'end': 209, 'username': 'ZeeMusicCompany', 'id': '2381606574'}, {'start': 210, 'end': 220, 'username': 'PenMovies', 'id': '368864562'}, {'start': 222, 'end': 238, 'username': 'WardaNadiadwala', 'id': '79424503'}]","[{'start': 258, 'end': 281, 'url': 'https://t.co/mcW548t4db', 'expanded_url': 'https://x.com/BeingSalmanKhan/status/1905479026141225226/video/1', 'display_url': 'pic.x.com/mcW548t4db', 'media_key': '13_1905478937347555328'}]","[{'start': 1, 'end': 12, 'probability': 0.7814, 'type': 'Other', 'normalized_text': 'HumAapkeBina'}, {'start': 32, 'end': 46, 'probability': 0.7578, 'type': 'Person', 'normalized_text': 'SajidNadiadwala'}, {'start': 51, 'end': 58, 'probability': 0.5951, 'type': 'Other', 'normalized_text': 'Sikandar'}, {'start': 242, 'end': 256, 'probability': 0.6711, 'type': 'Other', 'normalized_text': 'SikandarEid2025'}]","[{'start': 0, 'end': 13, 'tag': 'HumAapkeBina'}, {'start': 31, 'end': 47, 'tag': 'SajidNadiadwala'}, {'start': 50, 'end': 59, 'tag': 'Sikandar'}, {'start': 241, 'end': 257, 'tag': 'SikandarEid2025'}]"
1872265753715724779,2024-12-26T12:58:35.000Z,"See u again kal subah theek 11.07 baje… #SikandarTeaserTomorrow

https://t.co/3odhAvSVgR 

#SajidNadiadwala’s #Sikandar 
Directed by @ARMurugadoss

@iamRashmika @DOP_Tirru
@NGEMovies @WardaNadiadwala 
#SikandarEid2025 https://t.co/ik7Vgi2w7f",7106,2702,44956,812,371,1293870,"[{'start': 133, 'end': 146, 'username': 'ARMurugadoss', 'id': '178218286'}, {'start': 148, 'end': 160, 'username': 'iamRashmika', 'id': '722067485613277186'}, {'start': 161, 'end': 171, 'username': 'DOP_Tirru', 'id': '705313987815034881'}, {'start': 172, 'end': 182, 'username': 'NGEMovies', 'id': '763292478'}, {'start': 183, 'end': 199, 'username': 'WardaNadiadwala', 'id': '79424503'}]","[{'start': 65, 'end': 88, 'url': 'https://t.co/3odhAvSVgR', 'expanded_url': 'https://bit.ly/SIKANDARTeaser', 'display_url': 'bit.ly/SIKANDARTeaser', 'images': [{'url': 'https://pbs.twimg.com/news_img/1995577146056835072/wdJwNQr6?format=jpg&name=orig', 'width': 1280, 'height': 720}, {'url': 'https://pbs.twimg.com/news_img/1995577146056835072/wdJwNQr6?format=jpg&name=150x150', 'width': 150, 'height': 150}], 'status': 200, 'title': 'SIKANDAR: Official Teaser | Salman Khan | Sajid Nadiadwala | A.R. Murugadoss | EID 2025', 'description': 'Ab intezaar hua khatam. Here’s presenting a glimpse of the world of Sikandar 🔥 Salman Khan In and As Sikandar Produced by Sajid Nadiadwala Directed by A.R. ...', 'unwound_url': 'https://www.youtube.com/watch?v=l2AMaPCsJIQ&feature=youtu.be'}, {'start': 218, 'end': 241, 'url': 'https://t.co/ik7Vgi2w7f', 'expanded_url': 'https://x.com/BeingSalmanKhan/status/1872265753715724779/photo/1', 'display_url': 'pic.x.com/ik7Vgi2w7f', 'media_key': '3_1872257764224892928'}]","[{'start': 41, 'end': 62, 'probability': 0.464, 'type': 'Other', 'normalized_text': 'SikandarTeaserTomorrow'}, {'start': 92, 'end': 106, 'probability': 0.7979, 'type': 'Person', 'normalized_text': 'SajidNadiadwala'}, {'start': 111, 'end': 118, 'probability': 0.5753, 'type': 'Other', 'normalized_text': 'Sikandar'}, {'start': 202, 'end': 216, 'probability': 0.6591, 'type': 'Other', 'normalized_text': 'SikandarEid2025'}]","[{'start': 40, 'end': 63, 'tag': 'SikandarTeaserTomorrow'}, {'start': 91, 'end': 107, 'tag': 'SajidNadiadwala'}, {'start': 110, 'end': 119, 'tag': 'Sikandar'}, {'start': 201, 'end': 217, 'tag': 'SikandarEid2025'}]"
1855136237494977004,2024-11-09T06:32:00.000Z,"Here's a sneak peak into our
AW24 collection. Shop in-stores &amp; online.
#AW24
#BeingHuman
#BeingHumanClothing https://t.co/SiaC6hg9hg",2319,1549,14207,114,147,456261,,"[{'start': 113, 'end': 136, 'url': 'https://t.co/SiaC6hg9hg', 'expanded_url': 'https://x.com/BeingSalmanKhan/status/1855136237494977004/video/1', 'display_url': 'pic.x.com/SiaC6hg9hg', 'media_key': '13_1855136149628403712'}]","[{'start': 29, 'end': 32, 'probability': 0.896, 'type': 'Other', 'normalized_text': 'AW24'}, {'start': 76, 'end': 79, 'probability': 0.8002, 'type': 'Other', 'normalized_text': 'AW24'}, {'start': 82, 'end': 91, 'probability': 0.5464, 'type': 'Other', 'normalized_text': 'BeingHuman'}]","[{'start': 75, 'end': 80, 'tag': 'AW24'}, {'start': 81, 'end': 92, 'tag': 'BeingHuman'}, {'start': 93, 'end': 112, 'tag': 'BeingHumanClothing'}]"
1866182592732516620,2024-12-09T18:06:16.000Z,"Mummmmmyyyyy happy birthday… mother India, our world

@SohailKhan @arbaazSkhan #AlviraKhanAgnihotri #ArpitaKhanSharma https://t.co/bweEXkSvw7",3361,1897,36448,96,316,734953,"[{'start': 54, 'end': 65, 'username': 'SohailKhan', 'id': '758973302811402240'}, {'start': 66, 'end': 78, 'username': 'arbaazSkhan', 'id': '123774113'}]","[{'start': 118, 'end': 141, 'url': 'https://t.co/bweEXkSvw7', 'expanded_url': 'https://x.com/BeingSalmanKhan/status/1866182592732516620/video/1', 'display_url': 'pic.x.com/bweEXkSvw7', 'media_key': '13_1866182343485988864'}]","[{'start': 36, 'end': 40, 'probability': 0.9415, 'type': 'Place', 'normalized_text': 'India'}, {'start': 80, 'end': 98, 'probability': 0.9794, 'type': 'Person', 'normalized_text': 'AlviraKhanAgnihotri'}, {'start': 101, 'end': 116, 'probability': 0.986, 'type': 'Person', 'normalized_text': 'ArpitaKhanSharma'}]","[{'start': 79, 'end': 99, 'tag': 'AlviraKhanAgnihotri'}, {'start': 100, 'end': 117, 'tag': 'ArpitaKhanSharma'}]"
1926511043569762323,2025-05-25T05:30:00.000Z,Watch #Sikandar on @NetflixIndia now …. https://t.co/l0TRofcNLw,2052,1676,14986,254,258,762764,"[{'start': 19, 'end': 32, 'username': 'NetflixIndia', 'id': '4502936240'}]","[{'start': 40, 'end': 63, 'url': 'https://t.co/l0TRofcNLw', 'expanded_url': 'https://x.com/BeingSalmanKhan/status/1926511043569762323/video/1', 'display_url': 'pic.x.com/l0TRofcNLw', 'media_key': '13_1926487881192726528'}]","[{'start': 7, 'end': 14, 'probability': 0.7231, 'type': 'Other', 'normalized_text': 'Sikandar'}]","[{'start': 6, 'end': 15, 'tag': 'Sikandar'}]"
1842075484890529977,2024-10-04T05:33:14.000Z,"Watch Bigg Boss starting 6th Oct @9pm 
@ColorsTV https://t.co/J2vrConbgg",2337,1829,17183,143,177,806851,"[{'start': 33, 'end': 37, 'username': '9pm', 'id': '16286578'}, {'start': 39, 'end': 48, 'username': 'ColorsTV', 'id': '18238260'}]","[{'start': 49, 'end': 72, 'url': 'https://t.co/J2vrConbgg', 'expanded_url': 'https://x.com/BeingSalmanKhan/status/1842075484890529977/video/1', 'display_url': 'pic.x.com/J2vrConbgg', 'media_key': '13_1842075116752273410'}]","[{'start': 6, 'end': 14, 'probability': 0.9485, 'type': 'Other', 'normalized_text': 'Bigg Boss'}]",
1896879624946110668,2025-03-04T11:05:19.000Z,"#ZohraJabeen out now

https://t.co/hoMBsR5ObF
 
#SajidNadiadwala’s #Sikandar  
Directed by @ARMurugadoss 
 
@iamRashmika 

@DOP_Tirru  

@ipritamofficial @TheFarahKhan 
@SameerAnjaan #DanishSabri @AzizNakash @DevNegiLive @mellowdofficial 

@NGEMovies @ZeeMusicCompany @PenMovies https://t.co/yUdcoPdP7D",2750,1053,13246,273,189,435093,"[{'start': 91, 'end': 104, 'username': 'ARMurugadoss', 'id': '178218286'}, {'start': 108, 'end': 120, 'username': 'iamRashmika', 'id': '722067485613277186'}, {'start': 123, 'end': 133, 'username': 'DOP_Tirru', 'id': '705313987815034881'}, {'start': 137, 'end': 153, 'username': 'ipritamofficial', 'id': '2847250015'}, {'start': 154, 'end': 167, 'username': 'TheFarahKhan', 'id': '195703895'}, {'start': 169, 'end': 182, 'username': 'SameerAnjaan', 'id': '458488568'}, {'start': 196, 'end': 207, 'username': 'AzizNakash', 'id': '814139347'}, {'start': 208, 'end': 220, 'username': 'DevNegiLive', 'id': '746721297736970241'}, {'start': 221, 'end': 237, 'username': 'mellowdofficial', 'id': '373839301'}, {'start': 240, 'end': 250, 'username': 'NGEMovies', 'id': '763292478'}, {'start': 251, 'end': 267, 'username': 'ZeeMusicCompany', 'id': '2381606574'}, {'start': 268, 'end': 278, 'username': 'PenMovies', 'id': '368864562'}]","[{'start': 22, 'end': 45, 'url': 'https://t.co/hoMBsR5ObF', 'expanded_url': 'https://bit.ly/ZohraJabeenSong', 'display_url': 'bit.ly/ZohraJabeenSong', 'images': [{'url': 'https://pbs.twimg.com/news_img/1991366397629431808/YqxDjEuX?format=jpg&name=orig', 'width': 1280, 'height': 720}, {'url': 'https://pbs.twimg.com/news_img/1991366397629431808/YqxDjEuX?format=jpg&name=150x150', 'width': 150, 'height': 150}], 'status': 200, 'title': 'Zohra Jabeen | Sikandar | Salman Khan, Rashmika| Pritam|Nakash, Dev, Mellow D| Sajid N|AR Murugadoss', 'description': '👉🏻 SUBSCRIBE to Zee Music Company - https://bit.ly/ZeeMusicCo To Stream & Download Full Song: Spotify - https://spoti.fi/3QJQP6yJioSaavn - https://bit.ly/4...', 'unwound_url': 'https://www.youtube.com/watch?v=i-SwIpolm8s&feature=youtu.be'}, {'start': 279, 'end': 302, 'url': 'https://t.co/yUdcoPdP7D', 'expanded_url': 'https://x.com/BeingSalmanKhan/status/1896879624946110668/video/1', 'display_url': 'pic.x.com/yUdcoPdP7D', 'media_key': '13_1896879491433050112'}]","[{'start': 1, 'end': 11, 'probability': 0.7823, 'type': 'Person', 'normalized_text': 'ZohraJabeen'}, {'start': 49, 'end': 63, 'probability': 0.675, 'type': 'Person', 'normalized_text': 'SajidNadiadwala'}, {'start': 68, 'end': 75, 'probability': 0.6386, 'type': 'Other', 'normalized_text': 'Sikandar'}, {'start': 184, 'end': 194, 'probability': 0.5691, 'type': 'Person', 'normalized_text': 'DanishSabri'}]","[{'start': 0, 'end': 12, 'tag': 'ZohraJabeen'}, {'start': 48, 'end': 64, 'tag': 'SajidNadiadwala'}, {'start': 67, 'end': 76, 'tag': 'Sikandar'}, {'start': 183, 'end': 195, 'tag': 'DanishSabri'}]"
1899391072331292764,2025-03-11T09:24:55.000Z,"#BamBamBhole Song Out Now! 
 
https://t.co/4QmwlyZhGJ

#SajidNadiadwala’s #Sikandar  
Directed by @ARMurugadoss 

@iamRashmika @MsKajalAggarwal @TheSharmanJoshi @jatinsarna 

@DOP_Tirru  

@ipritamofficial @immasterdinesh  
@SameerAnjaan @singer_shaan @DevNegiLive @shaikhthedon",1976,576,7638,177,69,463895,"[{'start': 98, 'end': 111, 'username': 'ARMurugadoss', 'id': '178218286'}, {'start': 114, 'end': 126, 'username': 'iamRashmika', 'id': '722067485613277186'}, {'start': 127, 'end': 143, 'username': 'MsKajalAggarwal', 'id': '727050288310296576'}, {'start': 144, 'end': 160, 'username': 'TheSharmanJoshi', 'id': '131273680'}, {'start': 161, 'end': 172, 'username': 'jatinsarna', 'id': '72611247'}, {'start': 175, 'end': 185, 'username': 'DOP_Tirru', 'id': '705313987815034881'}, {'start': 189, 'end': 205, 'username': 'ipritamofficial', 'id': '2847250015'}, {'start': 206, 'end': 221, 'username': 'immasterdinesh', 'id': '3177709974'}, {'start': 224, 'end': 237, 'username': 'SameerAnjaan', 'id': '458488568'}, {'start': 238, 'end': 251, 'username': 'singer_shaan', 'id': '114785416'}, {'start': 252, 'end': 264, 'username': 'DevNegiLive', 'id': '746721297736970241'}, {'start': 265, 'end': 278, 'username': 'shaikhthedon', 'id': '1139159433798459392'}]","[{'start': 30, 'end': 53, 'url': 'https://t.co/4QmwlyZhGJ', 'expanded_url': 'https://bit.ly/BamBamBholeSongOutNow', 'display_url': 'bit.ly/BamBamBholeSon…', 'images': [{'url': 'https://pbs.twimg.com/news_img/1983554250673430528/tUlOOq_l?format=jpg&name=orig', 'width': 1280, 'height': 720}, {'url': 'https://pbs.twimg.com/news_img/1983554250673430528/tUlOOq_l?format=jpg&name=150x150', 'width': 150, 'height': 150}], 'status': 200, 'title': 'Bam Bam Bhole | Sikandar | Salman Khan & Rashmika Mandanna | Pritam | Shaan & Dev Negi', 'description': '👉🏻 SUBSCRIBE to Zee Music Company - https://bit.ly/ZeeMusicCo Iss Holi, Daalo Gulaabi Rang Daalo! 🔥♥️ Aur Gaao #BamBamBhole! 🕺🏻 To Stream & Download Ful...', 'unwound_url': 'https://www.youtube.com/watch?si=CeC1SHIRaNihMgVe&v=INSOyREDJ7k&feature=youtu.be'}]","[{'start': 1, 'end': 11, 'probability': 0.7985, 'type': 'Other', 'normalized_text': 'BamBamBhole'}, {'start': 56, 'end': 70, 'probability': 0.7816, 'type': 'Person', 'normalized_text': 'SajidNadiadwala'}, {'start': 75, 'end': 82, 'probability': 0.6612, 'type': 'Other', 'normalized_text': 'Sikandar'}]","[{'start': 0, 'end': 12, 'tag': 'BamBamBhole'}, {'start': 55, 'end': 71, 'tag': 'SajidNadiadwala'}, {'start': 74, 'end': 83, 'tag': 'Sikandar'}]"
1864987276461379834,2024-12-06T10:56:31.000Z,"Dubai r u ready for the Dabangg  experience!

@SonakshiSinha @Asli_Jacqueline @tamannaahspeaks @DishPatani @PDdancing @ManishPaul03 @WhoSunilGrover @GillAastha @patel_jordy #AdilJagmagia #SohailKhanEntertainment 

#afmdevelopments #afmproperties #maqsood_muhammed_afm @onezaabeel https://t.co/4WAyCBOJmo",1602,792,9725,51,91,261528,"[{'start': 46, 'end': 60, 'username': 'SonakshiSinha', 'id': '1778793516405243904'}, {'start': 61, 'end': 77, 'username': 'Asli_Jacqueline', 'id': '79708561'}, {'start': 78, 'end': 94, 'username': 'tamannaahspeaks', 'id': '2226496302'}, {'start': 95, 'end': 106, 'username': 'DishPatani', 'id': '507662284'}, {'start': 107, 'end': 117, 'username': 'PDdancing', 'id': '700568101'}, {'start': 118, 'end': 131, 'username': 'ManishPaul03', 'id': '631926517'}, {'start': 132, 'end': 147, 'username': 'WhoSunilGrover', 'id': '157903916'}, {'start': 148, 'end': 159, 'username': 'GillAastha', 'id': '2316802614'}, {'start': 160, 'end': 172, 'username': 'patel_jordy', 'id': '2611491847'}, {'start': 268, 'end': 279, 'username': 'OneZaabeel', 'id': '1108343521315115008'}]","[{'start': 280, 'end': 303, 'url': 'https://t.co/4WAyCBOJmo', 'expanded_url': 'https://x.com/BeingSalmanKhan/status/1864987276461379834/video/1', 'display_url': 'pic.x.com/4WAyCBOJmo', 'media_key': '7_1864987010332790784'}]","[{'start': 0, 'end': 4, 'probability': 0.9846, 'type': 'Place', 'normalized_text': 'Dubai'}, {'start': 24, 'end': 30, 'probability': 0.4095, 'type': 'Other', 'normalized_text': 'Dabangg'}, {'start': 174, 'end': 185, 'probability': 0.385, 'type': 'Place', 'normalized_text': 'AdilJagmagia'}, {'start': 188, 'end': 210, 'probability': 0.3141, 'type': 'Place', 'normalized_text': 'SohailKhanEntertainment'}]","[{'start': 173, 'end': 186, 'tag': 'AdilJagmagia'}, {'start': 187, 'end': 211, 'tag': 'SohailKhanEntertainment'}, {'start': 214, 'end': 230, 'tag': 'afmdevelopments'}, {'start': 231, 'end': 245, 'tag': 'afmproperties'}, {'start': 246, 'end': 267, 'tag': 'maqsood_muhammed_afm'}]"
1940858575347503480,2025-07-03T19:41:58.000Z,"Mehnat karo sahi disha mein. Unhi par woh meherbaan, aur banayega unhi ko unke hunar ka pehelwan. 
In English…you translate.🤷‍♂️ https://t.co/13yoW6btZx",3513,2147,34963,336,481,1146015,,"[{'start': 129, 'end': 152, 'url': 'https://t.co/13yoW6btZx', 'expanded_url': 'https://x.com/BeingSalmanKhan/status/1940858575347503480/photo/1', 'display_url': 'pic.x.com/13yoW6btZx', 'media_key': '3_1940858564777529344'}]",,
1909116427174326280,2025-04-07T05:30:00.000Z,"Amar Prem Ka Andaaz is back... 

#AndazApnaApna Re-releasing In Cinemas on 25th April 2025 Nationwide

@AndazApnaApna_ @VinayPictures #VinaySinha @RajSantoshi #AamirKhan @TandonRaveena #KarismaKapoor @nammsinha @pritisinha333 @aamodsinha @shreyoby https://t.co/AovaVECUAJ",2725,1243,18932,177,303,950022,"[{'start': 103, 'end': 118, 'username': 'AndazApnaApna_', 'id': '1547850141398605825'}, {'start': 119, 'end': 133, 'username': 'VinayPictures', 'id': '1890385861247922176'}, {'start': 146, 'end': 158, 'username': 'RajSantoshi', 'id': '844544198'}, {'start': 170, 'end': 184, 'username': 'TandonRaveena', 'id': '291557277'}, {'start': 200, 'end': 210, 'username': 'nammsinha', 'id': '70949176'}, {'start': 211, 'end': 225, 'username': 'pritisinha333', 'id': '4587322533'}, {'start': 226, 'end': 237, 'username': 'AamodSinha', 'id': '1141957537'}, {'start': 238, 'end': 247, 'username': 'shreyoby', 'id': '134825337'}]","[{'start': 248, 'end': 271, 'url': 'https://t.co/AovaVECUAJ', 'expanded_url': 'https://x.com/BeingSalmanKhan/status/1909116427174326280/video/1', 'display_url': 'pic.x.com/AovaVECUAJ', 'media_key': '7_1908968438447353856'}]","[{'start': 0, 'end': 18, 'probability': 0.7992, 'type': 'Other', 'normalized_text': 'Amar Prem Ka Andaaz'}, {'start': 34, 'end': 46, 'probability': 0.8437, 'type': 'Other', 'normalized_text': 'AndazApnaApna'}, {'start': 135, 'end': 144, 'probability': 0.557, 'type': 'Person', 'normalized_text': 'VinaySinha'}, {'start': 160, 'end': 168, 'probability': 0.842, 'type': 'Person', 'normalized_text': 'AamirKhan'}, {'start': 186, 'end': 198, 'probability': 0.8719, 'type': 'Person', 'normalized_text': 'KarismaKapoor'}]","[{'start': 33, 'end': 47, 'tag': 'AndazApnaApna'}, {'start': 134, 'end': 145, 'tag': 'VinaySinha'}, {'start': 159, 'end': 169, 'tag': 'AamirKhan'}, {'start': 185, 'end': 199, 'tag': 'KarismaKapoor'}]"
1985369197636165792,2025-11-03T15:31:17.000Z,Kuch haasil karne ke liye kuch chhodna padta hai.. Yeh bina chhode hai. https://t.co/4oyIWYRS83,5812,4578,57743,1335,1414,3803211,,"[{'start': 72, 'end': 95, 'url': 'https://t.co/4oyIWYRS83', 'expanded_url': 'https://x.com/BeingSalmanKhan/status/1985369197636165792/photo/1', 'display_url': 'pic.x.com/4oyIWYRS83', 'media_key': '3_1985369181672341504'}, {'start': 72, 'end': 95, 'url': 'https://t.co/4oyIWYRS83', 'expanded_url': 'https://x.com/BeingSalmanKhan/status/1985369197636165792/photo/1', 'display_url': 'pic.x.com/4oyIWYRS83', 'media_key': '3_1985369181596897280'}]",,
1906685105046986792,2025-03-31T12:28:48.000Z,Shukriya Thank you aur sab ko Eid Mubarak! https://t.co/EaW0CeaZWi,9489,4274,108917,522,1326,3114449,,"[{'start': 43, 'end': 66, 'url': 'https://t.co/EaW0CeaZWi', 'expanded_url': 'https://x.com/BeingSalmanKhan/status/1906685105046986792/video/1', 'display_url': 'pic.x.com/EaW0CeaZWi', 'media_key': '13_1906684971609403392'}]",,
1945867441550381379,2025-07-17T15:25:25.000Z,"#10YearsOfBajrangiBhaijaan 

#KabirKhan #KareenaKapoorKhan @Nawazuddin_S #HarshaaliMalhotra @SKFilmsOfficial https://t.co/4paXC4veWH",4271,1659,43952,354,356,1014650,"[{'start': 59, 'end': 72, 'username': 'Nawazuddin_S', 'id': '1978851349'}, {'start': 92, 'end': 108, 'username': 'SKFilmsOfficial', 'id': '3226892442'}]","[{'start': 109, 'end': 132, 'url': 'https://t.co/4paXC4veWH', 'expanded_url': 'https://x.com/BeingSalmanKhan/status/1945867441550381379/photo/1', 'display_url': 'pic.x.com/4paXC4veWH', 'media_key': '3_1945867428262711296'}, {'start': 109, 'end': 132, 'url': 'https://t.co/4paXC4veWH', 'expanded_url': 'https://x.com/BeingSalmanKhan/status/1945867441550381379/photo/1', 'display_url': 'pic.x.com/4paXC4veWH', 'media_key': '3_1945867428493193216'}, {'start': 109, 'end': 132, 'url': 'https://t.co/4paXC4veWH', 'expanded_url': 'https://x.com/BeingSalmanKhan/status/1945867441550381379/photo/1', 'display_url': 'pic.x.com/4paXC4veWH', 'media_key': '3_1945867428459614208'}]",,"[{'start': 0, 'end': 26, 'tag': '10YearsOfBajrangiBhaijaan'}, {'start': 29, 'end': 39, 'tag': 'KabirKhan'}, {'start': 40, 'end': 58, 'tag': 'KareenaKapoorKhan'}, {'start': 73, 'end': 91, 'tag': 'HarshaaliMalhotra'}]"
1838604582383161734,2024-09-24T15:41:06.000Z,#Sikandar https://t.co/c2ktnY6EaU,7083,3788,58108,761,475,2850490,,"[{'start': 10, 'end': 33, 'url': 'https://t.co/c2ktnY6EaU', 'expanded_url': 'https://x.com/BeingSalmanKhan/status/1838604582383161734/photo/1', 'display_url': 'pic.x.com/c2ktnY6EaU', 'media_key': '3_1838604570563694592'}]",,"[{'start': 0, 'end': 9, 'tag': 'Sikandar'}]"
1982388326608122222,2025-10-26T10:06:22.000Z,Known u since I was 15… life lived kingsize.. May your soul rest in peace. Will miss u Satish Ji… https://t.co/HvUNyy7BbU,4151,1195,75819,89,750,1883895,,"[{'start': 98, 'end': 121, 'url': 'https://t.co/HvUNyy7BbU', 'expanded_url': 'https://x.com/BeingSalmanKhan/status/1982388326608122222/photo/1', 'display_url': 'pic.x.com/HvUNyy7BbU', 'media_key': '3_1982388311923601409'}]","[{'start': 87, 'end': 95, 'probability': 0.6101, 'type': 'Person', 'normalized_text': 'Satish Ji'}]",
1905568266623615052,2025-03-28T10:30:53.000Z,"#HumAapkeBina Song Out Now! 

https://t.co/3AYsS7h210

Sikandar releases in Cinemas on 30th March 

#SajidNadiadwala’s #Sikandar  
Directed by @ARMurugadoss 

@iamRashmika 

@DOP_Tirru  

@ipritamofficial @SameerAnjaan @arijitsingh 

@NGEMovies @SKFilmsOfficial @ZeeMusicCompany",1704,692,7201,107,49,677336,"[{'start': 143, 'end': 156, 'username': 'ARMurugadoss', 'id': '178218286'}, {'start': 159, 'end': 171, 'username': 'iamRashmika', 'id': '722067485613277186'}, {'start': 174, 'end': 184, 'username': 'DOP_Tirru', 'id': '705313987815034881'}, {'start': 188, 'end': 204, 'username': 'ipritamofficial', 'id': '2847250015'}, {'start': 205, 'end': 218, 'username': 'SameerAnjaan', 'id': '458488568'}, {'start': 219, 'end': 231, 'username': 'arijitsingh', 'id': '884655478504005632'}, {'start': 234, 'end': 244, 'username': 'NGEMovies', 'id': '763292478'}, {'start': 245, 'end': 261, 'username': 'SKFilmsOfficial', 'id': '3226892442'}, {'start': 262, 'end': 278, 'username': 'ZeeMusicCompany', 'id': '2381606574'}]","[{'start': 30, 'end': 53, 'url': 'https://t.co/3AYsS7h210', 'expanded_url': 'https://bit.ly/HumAapkeBinaOutNow', 'display_url': 'bit.ly/HumAapkeBinaOu…', 'images': [{'url': 'https://pbs.twimg.com/news_img/1991366469188472832/poFh8uOz?format=jpg&name=orig', 'width': 1280, 'height': 720}, {'url': 'https://pbs.twimg.com/news_img/1991366469188472832/poFh8uOz?format=jpg&name=150x150', 'width': 150, 'height': 150}], 'status': 200, 'title': 'Hum Aapke Bina | Sikandar | Salman Khan, Rashmika Mandanna | Arijit Singh | Pritam', 'description': '👉🏻 SUBSCRIBE to Zee Music Company - https://bit.ly/ZeeMusicCo To Stream & Download Full Song: Spotify - https://spoti.fi/42uZjEnJioSaavn - https://bit.ly/4...', 'unwound_url': 'https://www.youtube.com/watch?v=yab_2u7a12M&feature=youtu.be'}]","[{'start': 1, 'end': 12, 'probability': 0.7396, 'type': 'Other', 'normalized_text': 'HumAapkeBina'}, {'start': 55, 'end': 62, 'probability': 0.3595, 'type': 'Other', 'normalized_text': 'Sikandar'}, {'start': 101, 'end': 115, 'probability': 0.5289, 'type': 'Person', 'normalized_text': 'SajidNadiadwala'}, {'start': 120, 'end': 127, 'probability': 0.5333, 'type': 'Other', 'normalized_text': 'Sikandar'}]","[{'start': 0, 'end': 13, 'tag': 'HumAapkeBina'}, {'start': 100, 'end': 116, 'tag': 'SajidNadiadwala'}, {'start': 119, 'end': 128, 'tag': 'Sikandar'}]"
1900193340660081034,2025-03-13T14:32:50.000Z,"#HappyHoli  Milte hai Eid par!

#SajidNadiadwala’s #Sikandar  
Directed by @ARMurugadoss 

@iamRashmika #Sathyaraj @TheSharmanJoshi @MsKajalAggarwal @prateikbabbar #AnjiniDhawan @jatinsarna #AyanKhan 

@DOP_Tirru @ipritamofficial @Music_Santhosh 

@NGEMovies @SKFilmsOfficial https://t.co/YVqmzZY18m",3405,1286,21543,299,149,574931,"[{'start': 75, 'end': 88, 'username': 'ARMurugadoss', 'id': '178218286'}, {'start': 91, 'end': 103, 'username': 'iamRashmika', 'id': '722067485613277186'}, {'start': 115, 'end': 131, 'username': 'TheSharmanJoshi', 'id': '131273680'}, {'start': 132, 'end': 148, 'username': 'MsKajalAggarwal', 'id': '727050288310296576'}, {'start': 149, 'end': 163, 'username': 'prateikbabbar', 'id': '92594089'}, {'start': 178, 'end': 189, 'username': 'jatinsarna', 'id': '72611247'}, {'start': 202, 'end': 212, 'username': 'DOP_Tirru', 'id': '705313987815034881'}, {'start': 213, 'end': 229, 'username': 'ipritamofficial', 'id': '2847250015'}, {'start': 230, 'end': 245, 'username': 'Music_Santhosh', 'id': '101270748'}, {'start': 248, 'end': 258, 'username': 'NGEMovies', 'id': '763292478'}, {'start': 259, 'end': 275, 'username': 'SKFilmsOfficial', 'id': '3226892442'}]","[{'start': 276, 'end': 299, 'url': 'https://t.co/YVqmzZY18m', 'expanded_url': 'https://x.com/BeingSalmanKhan/status/1900193340660081034/photo/1', 'display_url': 'pic.x.com/YVqmzZY18m', 'media_key': '3_1900193291070541824'}]","[{'start': 33, 'end': 47, 'probability': 0.855, 'type': 'Person', 'normalized_text': 'SajidNadiadwala'}, {'start': 52, 'end': 59, 'probability': 0.4169, 'type': 'Other', 'normalized_text': 'Sikandar'}, {'start': 105, 'end': 113, 'probability': 0.9275, 'type': 'Person', 'normalized_text': 'Sathyaraj'}, {'start': 165, 'end': 176, 'probability': 0.9526, 'type': 'Person', 'normalized_text': 'AnjiniDhawan'}, {'start': 191, 'end': 198, 'probability': 0.9331, 'type': 'Person', 'normalized_text': 'AyanKhan'}]","[{'start': 0, 'end': 10, 'tag': 'HappyHoli'}, {'start': 32, 'end': 48, 'tag': 'SajidNadiadwala'}, {'start': 51, 'end': 60, 'tag': 'Sikandar'}, {'start': 104, 'end': 114, 'tag': 'Sathyaraj'}, {'start': 164, 'end': 177, 'tag': 'AnjiniDhawan'}, {'start': 190, 'end': 199, 'tag': 'AyanKhan'}]"
1941136337278828625,2025-07-04T14:05:42.000Z,"#GalwanValley

#ApoorvaLakhia @SKFilmsOfficial  #HimeshReshammiya #ZeynShaw #AnkurBhatia #HarshilShah #HeeraSohal #VipinBhardwaj #AbhilashChaudhry #AbhishrriSen #ChintanGandhi #CchintanShah #SureshNair  #ShelrajPatel https://t.co/JM4D8oxxKA",3174,1011,14091,313,220,343322,"[{'start': 30, 'end': 46, 'username': 'SKFilmsOfficial', 'id': '3226892442'}]","[{'start': 217, 'end': 240, 'url': 'https://t.co/JM4D8oxxKA', 'expanded_url': 'https://x.com/BeingSalmanKhan/status/1941136337278828625/video/1', 'display_url': 'pic.x.com/JM4D8oxxKA', 'media_key': '13_1941127929854889984'}]",,"[{'start': 0, 'end': 13, 'tag': 'GalwanValley'}, {'start': 15, 'end': 29, 'tag': 'ApoorvaLakhia'}, {'start': 48, 'end': 65, 'tag': 'HimeshReshammiya'}, {'start': 66, 'end': 75, 'tag': 'ZeynShaw'}, {'start': 76, 'end': 88, 'tag': 'AnkurBhatia'}, {'start': 89, 'end': 101, 'tag': 'HarshilShah'}, {'start': 102, 'end': 113, 'tag': 'HeeraSohal'}, {'start': 114, 'end': 128, 'tag': 'VipinBhardwaj'}, {'start': 129, 'end': 146, 'tag': 'AbhilashChaudhry'}, {'start': 147, 'end': 160, 'tag': 'AbhishrriSen'}, {'start': 161, 'end': 175, 'tag': 'ChintanGandhi'}, {'start': 176, 'end': 189, 'tag': 'CchintanShah'}, {'start': 190, 'end': 201, 'tag': 'SureshNair'}, {'start': 203, 'end': 216, 'tag': 'ShelrajPatel'}]"
1945538000781267349,2025-07-16T17:36:20.000Z,"Sonakshi devi bani #NikitaRoy! Looking forward to this film… aap bhi jaake dekho, kal release hai! All the best to the team… kill it

@nickkybhagnani 
#ViickyBhagnani 
#SonakshiSinha https://t.co/DAYSWS3IlK",902,924,8922,46,102,348192,"[{'start': 134, 'end': 149, 'username': 'nickkybhagnani', 'id': '543823420'}]","[{'start': 183, 'end': 206, 'url': 'https://t.co/DAYSWS3IlK', 'expanded_url': 'https://x.com/BeingSalmanKhan/status/1945538000781267349/photo/1', 'display_url': 'pic.x.com/DAYSWS3IlK', 'media_key': '3_1945536478198800384'}]","[{'start': 0, 'end': 17, 'probability': 0.6328, 'type': 'Other', 'normalized_text': 'Sonakshi devi bani'}, {'start': 20, 'end': 28, 'probability': 0.8434, 'type': 'Person', 'normalized_text': 'NikitaRoy'}, {'start': 152, 'end': 165, 'probability': 0.562, 'type': 'Other', 'normalized_text': 'ViickyBhagnani'}, {'start': 169, 'end': 181, 'probability': 0.6069, 'type': 'Other', 'normalized_text': 'SonakshiSinha'}]","[{'start': 19, 'end': 29, 'tag': 'NikitaRoy'}, {'start': 151, 'end': 166, 'tag': 'ViickyBhagnani'}, {'start': 168, 'end': 182, 'tag': 'SonakshiSinha'}]"
1852709826503020826,2024-11-02T13:50:18.000Z,"Rest in peace Rohit
 #RohitBal",2419,2025,34453,537,507,3681151,,,"[{'start': 14, 'end': 18, 'probability': 0.8948, 'type': 'Person', 'normalized_text': 'Rohit'}, {'start': 22, 'end': 29, 'probability': 0.9558, 'type': 'Person', 'normalized_text': 'RohitBal'}]","[{'start': 21, 'end': 30, 'tag': 'RohitBal'}]"
1905115062735434068,2025-03-27T04:30:00.000Z,"Book Your Tickets Now! #Sikandar

https://t.co/W4hrgrLeFX

In Cinemas from 30th March

#SajidNadiadwala’s #Sikandar
Directed by @ARMurugadoss

@iamRashmika #Sathyaraj @TheSharmanJoshi @MsKajalAggarwal @prateikbabbar #AnjiniDhawan @jatinsarna #AyanKhan

@DOP_Tirru @ipritamofficial https://t.co/PzXrmFOYv2",1714,520,7850,68,61,268229,"[{'start': 128, 'end': 141, 'username': 'ARMurugadoss', 'id': '178218286'}, {'start': 143, 'end': 155, 'username': 'iamRashmika', 'id': '722067485613277186'}, {'start': 167, 'end': 183, 'username': 'TheSharmanJoshi', 'id': '131273680'}, {'start': 184, 'end': 200, 'username': 'MsKajalAggarwal', 'id': '727050288310296576'}, {'start': 201, 'end': 215, 'username': 'prateikbabbar', 'id': '92594089'}, {'start': 230, 'end': 241, 'username': 'jatinsarna', 'id': '72611247'}, {'start': 253, 'end': 263, 'username': 'DOP_Tirru', 'id': '705313987815034881'}, {'start': 264, 'end': 280, 'username': 'ipritamofficial', 'id': '2847250015'}]","[{'start': 34, 'end': 57, 'url': 'https://t.co/W4hrgrLeFX', 'expanded_url': 'https://link.district.in/DSTRKT/sksikandar', 'display_url': 'link.district.in/DSTRKT/sksikan…', 'images': [{'url': 'https://pbs.twimg.com/news_img/1996646476848812035/icOYekRd?format=jpg&name=orig', 'width': 1024, 'height': 1024}, {'url': 'https://pbs.twimg.com/news_img/1996646476848812035/icOYekRd?format=jpg&name=150x150', 'width': 150, 'height': 150}], 'status': 200, 'title': 'District - Movies, Events, Dining', 'description': 'Book your movie tickets on District by Zomato', 'unwound_url': 'https://link.district.in/af-preview/Twitterbot?af_og_title=District+-+Movies%2C+Events%2C+Dining&af_og_description=Book+your+movie+tickets+on+District+by+Zomato&af_og_image=https%3A%2F%2Fb.zmtcdn.com%2Fdata%2Fedition_assets%2F1726657432137.png&is_twitter_crawler=true&is_og_tags_supported_crawler=true&af_robot_sig=8d866ce16621382bea28dbe35712ac7eb69e850f91a39cb71f36492abd691115'}, {'start': 281, 'end': 304, 'url': 'https://t.co/PzXrmFOYv2', 'expanded_url': 'https://x.com/BeingSalmanKhan/status/1905115062735434068/video/1', 'display_url': 'pic.x.com/PzXrmFOYv2', 'media_key': '7_1905104366383824896'}]","[{'start': 24, 'end': 31, 'probability': 0.3892, 'type': 'Other', 'normalized_text': 'Sikandar'}, {'start': 88, 'end': 102, 'probability': 0.8311, 'type': 'Person', 'normalized_text': 'SajidNadiadwala'}, {'start': 107, 'end': 114, 'probability': 0.4206, 'type': 'Other', 'normalized_text': 'Sikandar'}, {'start': 157, 'end': 165, 'probability': 0.9224, 'type': 'Person', 'normalized_text': 'Sathyaraj'}, {'start': 217, 'end': 228, 'probability': 0.9086, 'type': 'Person', 'normalized_text': 'AnjiniDhawan'}, {'start': 243, 'end': 250, 'probability': 0.9262, 'type': 'Person', 'normalized_text': 'AyanKhan'}]","[{'start': 23, 'end': 32, 'tag': 'Sikandar'}, {'start': 87, 'end': 103, 'tag': 'SajidNadiadwala'}, {'start': 106, 'end': 115, 'tag': 'Sikandar'}, {'start': 156, 'end': 166, 'tag': 'Sathyaraj'}, {'start': 216, 'end': 229, 'tag': 'AnjiniDhawan'}, {'start': 242, 'end': 251, 'tag': 'AyanKhan'}]"
1859572644997218646,2024-11-21T12:20:42.000Z,"Dad’s 1st bike, Triumph Tiger 100,1956 https://t.co/s6SvIMaKQC",5868,2525,82767,267,843,1738157,,"[{'start': 39, 'end': 62, 'url': 'https://t.co/s6SvIMaKQC', 'expanded_url': 'https://x.com/BeingSalmanKhan/status/1859572644997218646/photo/1', 'display_url': 'pic.x.com/s6SvIMaKQC', 'media_key': '3_1859572634662383616'}, {'start': 39, 'end': 62, 'url': 'https://t.co/s6SvIMaKQC', 'expanded_url': 'https://x.com/BeingSalmanKhan/status/1859572644997218646/photo/1', 'display_url': 'pic.x.com/s6SvIMaKQC', 'media_key': '3_1859572634649772032'}]","[{'start': 16, 'end': 32, 'probability': 0.8257, 'type': 'Other', 'normalized_text': 'Triumph Tiger 100'}]",
1887143510798729376,2025-02-05T14:17:29.000Z,Tiger wishing my brother Panther and his team all the very best for the wild and the fastest game in the world WPL… @SohailKhan https://t.co/2u02gPEEgn,1382,733,10235,27,78,327460,"[{'start': 116, 'end': 127, 'username': 'SohailKhan', 'id': '758973302811402240'}]","[{'start': 128, 'end': 151, 'url': 'https://t.co/2u02gPEEgn', 'expanded_url': 'https://x.com/BeingSalmanKhan/status/1887143510798729376/photo/1', 'display_url': 'pic.x.com/2u02gPEEgn', 'media_key': '3_1887143501747339264'}, {'start': 128, 'end': 151, 'url': 'https://t.co/2u02gPEEgn', 'expanded_url': 'https://x.com/BeingSalmanKhan/status/1887143510798729376/photo/1', 'display_url': 'pic.x.com/2u02gPEEgn', 'media_key': '3_1887143501743222784'}]","[{'start': 0, 'end': 4, 'probability': 0.7472, 'type': 'Other', 'normalized_text': 'Tiger'}, {'start': 25, 'end': 31, 'probability': 0.6581, 'type': 'Other', 'normalized_text': 'Panther'}, {'start': 111, 'end': 113, 'probability': 0.4527, 'type': 'Organization', 'normalized_text': 'WPL'}]",
1907429336225059192,2025-04-02T13:46:06.000Z,"Catch me live at #BollywoodBigOne with an incredible lineup on May 4th (Manchester) &amp; May 5th (London). Tickets now on sale!

@MadhuriDixit @Varun_dvn @iTIGERSHROFF @DishPatani @kritisanon @SaraAliKhan @WhoSunilGrover @ManishPaul03 @TheCoopLive @OVOArena @TicketmasterUK  @AXS_UK https://t.co/zdnNBZAjWP",1309,1264,8762,212,126,631018,"[{'start': 130, 'end': 143, 'username': 'MadhuriDixit', 'id': '220228167'}, {'start': 144, 'end': 154, 'username': 'Varun_dvn', 'id': '366947884'}, {'start': 155, 'end': 168, 'username': 'iTIGERSHROFF', 'id': '624462023'}, {'start': 169, 'end': 180, 'username': 'DishPatani', 'id': '507662284'}, {'start': 181, 'end': 192, 'username': 'kritisanon', 'id': '137017726'}, {'start': 193, 'end': 205, 'username': 'SaraAliKhan', 'id': '1310656069278941187'}, {'start': 206, 'end': 221, 'username': 'WhoSunilGrover', 'id': '157903916'}, {'start': 222, 'end': 235, 'username': 'ManishPaul03', 'id': '631926517'}, {'start': 236, 'end': 248, 'username': 'TheCoopLive', 'id': '1181952668752908288'}, {'start': 249, 'end': 258, 'username': 'OVOArena', 'id': '57328976'}, {'start': 259, 'end': 274, 'username': 'TicketmasterUK', 'id': '47973638'}, {'start': 276, 'end': 283, 'username': 'AXS_UK', 'id': '3169753600'}]","[{'start': 284, 'end': 307, 'url': 'https://t.co/zdnNBZAjWP', 'expanded_url': 'https://x.com/BeingSalmanKhan/status/1907429336225059192/photo/1', 'display_url': 'pic.x.com/zdnNBZAjWP', 'media_key': '3_1907428755095650304'}]","[{'start': 18, 'end': 32, 'probability': 0.6627, 'type': 'Other', 'normalized_text': 'BollywoodBigOne'}, {'start': 72, 'end': 81, 'probability': 0.8526, 'type': 'Place', 'normalized_text': 'Manchester'}, {'start': 99, 'end': 104, 'probability': 0.9162, 'type': 'Place', 'normalized_text': 'London'}]","[{'start': 17, 'end': 33, 'tag': 'BollywoodBigOne'}]"
1829050488840695866,2024-08-29T06:56:33.000Z,"Seems like yesterday.. 
You Are Mine.. Song Out Today at 5 PM.. Stay Tuned!

@ayaanagnihotri https://t.co/JHhbEnbQJK",2084,1482,21190,66,147,629583,"[{'start': 77, 'end': 92, 'username': 'ayaanagnihotri', 'id': '1801256557721632768'}]","[{'start': 93, 'end': 116, 'url': 'https://t.co/JHhbEnbQJK', 'expanded_url': 'https://x.com/BeingSalmanKhan/status/1829050488840695866/photo/1', 'display_url': 'pic.x.com/JHhbEnbQJK', 'media_key': '3_1829050452341862402'}, {'start': 93, 'end': 116, 'url': 'https://t.co/JHhbEnbQJK', 'expanded_url': 'https://x.com/BeingSalmanKhan/status/1829050488840695866/photo/1', 'display_url': 'pic.x.com/JHhbEnbQJK', 'media_key': '3_1829050451825963010'}]",,
1823425891726451000,2024-08-13T18:26:24.000Z,https://t.co/XgsyFG8iZ9,3545,1668,49661,75,207,700536,,"[{'start': 0, 'end': 23, 'url': 'https://t.co/XgsyFG8iZ9', 'expanded_url': 'https://x.com/BeingSalmanKhan/status/1823425891726451000/photo/1', 'display_url': 'pic.x.com/XgsyFG8iZ9', 'media_key': '3_1823425883094573056'}]",,
1901902268569628902,2025-03-18T07:43:31.000Z,"#SikandarNaache Out Now 

https://t.co/tvBtpG4UDu

#SajidNadiadwala’s #Sikandar  
Directed by @ARMurugadoss 

@iamRashmika 

#KabirLal

@jam8studio @khan_ahmedasas 
@SameerAnjaan #AmitMishra @AkasaSing #SiddhantMiishhraa 

@NGEMovies @SKFilmsOfficial @ZeeMusicCompany @PenMovies",2242,864,8472,258,76,546150,"[{'start': 94, 'end': 107, 'username': 'ARMurugadoss', 'id': '178218286'}, {'start': 110, 'end': 122, 'username': 'iamRashmika', 'id': '722067485613277186'}, {'start': 136, 'end': 147, 'username': 'jam8studio', 'id': '816972609711734784'}, {'start': 148, 'end': 163, 'username': 'khan_ahmedasas', 'id': '3012568945'}, {'start': 165, 'end': 178, 'username': 'SameerAnjaan', 'id': '458488568'}, {'start': 191, 'end': 201, 'username': 'AkasaSing', 'id': '583030238'}, {'start': 223, 'end': 233, 'username': 'NGEMovies', 'id': '763292478'}, {'start': 234, 'end': 250, 'username': 'SKFilmsOfficial', 'id': '3226892442'}, {'start': 251, 'end': 267, 'username': 'ZeeMusicCompany', 'id': '2381606574'}, {'start': 268, 'end': 278, 'username': 'PenMovies', 'id': '368864562'}]","[{'start': 26, 'end': 49, 'url': 'https://t.co/tvBtpG4UDu', 'expanded_url': 'https://bit.ly/SikandarNaacheOutNow', 'display_url': 'bit.ly/SikandarNaache…', 'images': [{'url': 'https://pbs.twimg.com/news_img/1986003945572175872/Wavh5IuY?format=jpg&name=orig', 'width': 1280, 'height': 720}, {'url': 'https://pbs.twimg.com/news_img/1986003945572175872/Wavh5IuY?format=jpg&name=150x150', 'width': 150, 'height': 150}], 'status': 200, 'title': 'Sikandar Naache | Sikandar | Salman Khan & Rashmika Mandanna | JAM8, Amit Mishra, AKASA, Siddhaant M', 'description': '👉🏻 SUBSCRIBE to Zee Music Company - https://bit.ly/ZeeMusicCo This beat, this vibe… absolutely unmissable! 💃🏻✨ Join the groove with Sikandar 🔥To Stream ...', 'unwound_url': 'https://www.youtube.com/watch?v=Rn0omo-x9uw&feature=youtu.be'}]","[{'start': 1, 'end': 14, 'probability': 0.7155, 'type': 'Other', 'normalized_text': 'SikandarNaache'}, {'start': 52, 'end': 66, 'probability': 0.7526, 'type': 'Person', 'normalized_text': 'SajidNadiadwala'}, {'start': 71, 'end': 78, 'probability': 0.4981, 'type': 'Other', 'normalized_text': 'Sikandar'}, {'start': 126, 'end': 133, 'probability': 0.8749, 'type': 'Person', 'normalized_text': 'KabirLal'}, {'start': 180, 'end': 189, 'probability': 0.956, 'type': 'Person', 'normalized_text': 'AmitMishra'}, {'start': 203, 'end': 219, 'probability': 0.9092, 'type': 'Person', 'normalized_text': 'SiddhantMiishhraa'}]","[{'start': 0, 'end': 15, 'tag': 'SikandarNaache'}, {'start': 51, 'end': 67, 'tag': 'SajidNadiadwala'}, {'start': 70, 'end': 79, 'tag': 'Sikandar'}, {'start': 125, 'end': 134, 'tag': 'KabirLal'}, {'start': 179, 'end': 190, 'tag': 'AmitMishra'}, {'start': 202, 'end': 220, 'tag': 'SiddhantMiishhraa'}]"
1953690355334775064,2025-08-08T05:30:53.000Z,"No matter how different we are, We fit together.
And that’s exactly what the wardrobe says.
Denim,Tees,Togetherness.
From the Being Human Clothing’s collection featuring
Marvel Studios’ Fantastic Four: First New Steps.
Available in stores.

#BeingHumanClothing #FantasticFour https://t.co/pvJmV50jvU",1531,974,12063,69,136,341951,,"[{'start': 276, 'end': 299, 'url': 'https://t.co/pvJmV50jvU', 'expanded_url': 'https://x.com/BeingSalmanKhan/status/1953690355334775064/photo/1', 'display_url': 'pic.x.com/pvJmV50jvU', 'media_key': '3_1953686592696020992'}]","[{'start': 92, 'end': 96, 'probability': 0.498, 'type': 'Other', 'normalized_text': 'Denim'}, {'start': 103, 'end': 114, 'probability': 0.544, 'type': 'Other', 'normalized_text': 'Togetherness'}, {'start': 126, 'end': 145, 'probability': 0.6688, 'type': 'Other', 'normalized_text': 'Being Human Clothing'}, {'start': 170, 'end': 183, 'probability': 0.8941, 'type': 'Organization', 'normalized_text': 'Marvel Studios'}, {'start': 186, 'end': 199, 'probability': 0.5583, 'type': 'Other', 'normalized_text': 'Fantastic Four'}, {'start': 208, 'end': 216, 'probability': 0.6659, 'type': 'Other', 'normalized_text': 'New Steps'}]","[{'start': 241, 'end': 260, 'tag': 'BeingHumanClothing'}, {'start': 261, 'end': 275, 'tag': 'FantasticFour'}]"
1905870852450906525,2025-03-29T06:33:15.000Z,"#Sikandar in Cinemas Tomorrow!

BOOK YOUR TICKETS NOW! 

https://t.co/izJkamnaaU 

https://t.co/W4hrgrLMvv

#SajidNadiadwala’s #Sikandar  
Directed by @ARMurugadoss 

@iamRashmika #Sathyaraj @TheSharmanJoshi @MsKajalAggarwal @prateikbabbar #AnjiniDhawan @jatinsarna #AyanKhan https://t.co/i3U8sQPI2Y",2607,1523,16396,160,89,725843,"[{'start': 151, 'end': 164, 'username': 'ARMurugadoss', 'id': '178218286'}, {'start': 167, 'end': 179, 'username': 'iamRashmika', 'id': '722067485613277186'}, {'start': 191, 'end': 207, 'username': 'TheSharmanJoshi', 'id': '131273680'}, {'start': 208, 'end': 224, 'username': 'MsKajalAggarwal', 'id': '727050288310296576'}, {'start': 225, 'end': 239, 'username': 'prateikbabbar', 'id': '92594089'}, {'start': 254, 'end': 265, 'username': 'jatinsarna', 'id': '72611247'}]","[{'start': 57, 'end': 80, 'url': 'https://t.co/izJkamnaaU', 'expanded_url': 'https://bookmy.show/Sikandar', 'display_url': 'bookmy.show/Sikandar', 'images': [{'url': 'https://pbs.twimg.com/news_img/1983445847074582538/KHsNrSMj?format=jpg&name=orig', 'width': 1280, 'height': 640}, {'url': 'https://pbs.twimg.com/news_img/1983445847074582538/KHsNrSMj?format=jpg&name=150x150', 'width': 150, 'height': 150}], 'status': 200, 'title': 'Sikandar (2025) - Movie | Reviews, Cast & Release Date - BookMyShow', 'description': 'Sikandar (2025), Action Drama released in Hindi language in theatre near you. Know about Film reviews, lead cast & crew, photos & video gallery on BookMyShow.', 'unwound_url': 'https://in.bookmyshow.com/movies/sikandar/ET00394804?_branch_match_id=link-1430164718433245974&utm_source=NadiadwalaGrandson&utm_campaign=Sikandar_NadiadwalaGrandson_PH_Movies&utm_medium=Digital_PH&_branch_referrer=H4sIAAAAAAAAA8soKSkottLXT8rPz86t1CvOyC%2FXD87MTsxLSSwCABOCx1scAAAA'}, {'start': 83, 'end': 106, 'url': 'https://t.co/W4hrgrLMvv', 'expanded_url': 'https://link.district.in/DSTRKT/sksikandar', 'display_url': 'link.district.in/DSTRKT/sksikan…', 'images': [{'url': 'https://pbs.twimg.com/news_img/1974832591837757441/Kw5OjLlq?format=jpg&name=orig', 'width': 1024, 'height': 1024}, {'url': 'https://pbs.twimg.com/news_img/1974832591837757441/Kw5OjLlq?format=jpg&name=150x150', 'width': 150, 'height': 150}], 'status': 200, 'title': 'District - Movies, Events, Dining', 'description': 'Book your movie tickets on District by Zomato', 'unwound_url': 'https://link.district.in/DSTRKT/sksikandar'}, {'start': 276, 'end': 299, 'url': 'https://t.co/i3U8sQPI2Y', 'expanded_url': 'https://x.com/BeingSalmanKhan/status/1905870852450906525/photo/1', 'display_url': 'pic.x.com/i3U8sQPI2Y', 'media_key': '3_1905870843907047424'}]","[{'start': 1, 'end': 8, 'probability': 0.546, 'type': 'Other', 'normalized_text': 'Sikandar'}, {'start': 109, 'end': 123, 'probability': 0.8589, 'type': 'Person', 'normalized_text': 'SajidNadiadwala'}, {'start': 128, 'end': 135, 'probability': 0.6111, 'type': 'Other', 'normalized_text': 'Sikandar'}, {'start': 181, 'end': 189, 'probability': 0.9175, 'type': 'Person', 'normalized_text': 'Sathyaraj'}, {'start': 241, 'end': 252, 'probability': 0.9305, 'type': 'Person', 'normalized_text': 'AnjiniDhawan'}, {'start': 267, 'end': 274, 'probability': 0.953, 'type': 'Person', 'normalized_text': 'AyanKhan'}]","[{'start': 0, 'end': 9, 'tag': 'Sikandar'}, {'start': 108, 'end': 124, 'tag': 'SajidNadiadwala'}, {'start': 127, 'end': 136, 'tag': 'Sikandar'}, {'start': 180, 'end': 190, 'tag': 'Sathyaraj'}, {'start': 240, 'end': 253, 'tag': 'AnjiniDhawan'}, {'start': 266, 'end': 275, 'tag': 'AyanKhan'}]"
1911816977435558097,2025-04-14T16:21:01.000Z,Thank u for the motivation https://t.co/U90Oy3y1K6,6618,4384,80705,1038,1233,4374614,,"[{'start': 27, 'end': 50, 'url': 'https://t.co/U90Oy3y1K6', 'expanded_url': 'https://x.com/BeingSalmanKhan/status/1911816977435558097/photo/1', 'display_url': 'pic.x.com/U90Oy3y1K6', 'media_key': '3_1911816967167619073'}, {'start': 27, 'end': 50, 'url': 'https://t.co/U90Oy3y1K6', 'expanded_url': 'https://x.com/BeingSalmanKhan/status/1911816977435558097/photo/1', 'display_url': 'pic.x.com/U90Oy3y1K6', 'media_key': '3_1911816967180189696'}]",,
1850419173194944812,2024-10-27T06:08:04.000Z,"DUBAI get ready for DA-BANGG THE TOUR - RELOADED on 7th December 2024

#SonakshiSinha @Asli_Jacqueline @DishPatani @tamannaahspeaks @PDdancing @ManishPaul03 @WhoSunilGrover @GillAastha @patel_jordy 
@theJAEvents @SohailKhan #AdilJagmagia  #SohailKhanEntertainment

🎟 Tickets are https://t.co/H4saVX4gDp",1909,1159,11393,77,79,571945,"[{'start': 86, 'end': 102, 'username': 'Asli_Jacqueline', 'id': '79708561'}, {'start': 103, 'end': 114, 'username': 'DishPatani', 'id': '507662284'}, {'start': 115, 'end': 131, 'username': 'tamannaahspeaks', 'id': '2226496302'}, {'start': 132, 'end': 142, 'username': 'PDdancing', 'id': '700568101'}, {'start': 143, 'end': 156, 'username': 'ManishPaul03', 'id': '631926517'}, {'start': 157, 'end': 172, 'username': 'WhoSunilGrover', 'id': '157903916'}, {'start': 173, 'end': 184, 'username': 'GillAastha', 'id': '2316802614'}, {'start': 185, 'end': 197, 'username': 'patel_jordy', 'id': '2611491847'}, {'start': 199, 'end': 211, 'username': 'theJAEvents', 'id': '847333475904495616'}, {'start': 212, 'end': 223, 'username': 'SohailKhan', 'id': '758973302811402240'}]","[{'start': 279, 'end': 302, 'url': 'https://t.co/H4saVX4gDp', 'expanded_url': 'https://x.com/BeingSalmanKhan/status/1850419173194944812/photo/1', 'display_url': 'pic.x.com/H4saVX4gDp', 'media_key': '3_1850415090119622656'}]","[{'start': 0, 'end': 4, 'probability': 0.6338, 'type': 'Place', 'normalized_text': 'DUBAI'}, {'start': 20, 'end': 27, 'probability': 0.7183, 'type': 'Other', 'normalized_text': 'DA-BANGG'}, {'start': 72, 'end': 84, 'probability': 0.5622, 'type': 'Person', 'normalized_text': 'SonakshiSinha'}, {'start': 225, 'end': 236, 'probability': 0.7625, 'type': 'Person', 'normalized_text': 'AdilJagmagia'}, {'start': 240, 'end': 262, 'probability': 0.9283, 'type': 'Person', 'normalized_text': 'SohailKhanEntertainment'}]","[{'start': 71, 'end': 85, 'tag': 'SonakshiSinha'}, {'start': 224, 'end': 237, 'tag': 'AdilJagmagia'}, {'start': 239, 'end': 263, 'tag': 'SohailKhanEntertainment'}]"
1872954644311482518,2024-12-28T10:35:59.000Z,"Thank u all for your birthday wishes.. much appreciated. Hope you like the teaser of Sikandar….
#SikandarTeaser 

https://t.co/3odhAvSVgR 

#SajidNadiadwala’s #Sikandar
Directed by @ARMurugadoss

@iamRashmika @DOP_Tirru
@NGEMovies @WardaNadiadwala
#SikandarEid2025 https://t.co/5f2pQBngYE",6654,3479,39316,700,263,1201607,"[{'start': 181, 'end': 194, 'username': 'ARMurugadoss', 'id': '178218286'}, {'start': 196, 'end': 208, 'username': 'iamRashmika', 'id': '722067485613277186'}, {'start': 209, 'end': 219, 'username': 'DOP_Tirru', 'id': '705313987815034881'}, {'start': 220, 'end': 230, 'username': 'NGEMovies', 'id': '763292478'}, {'start': 231, 'end': 247, 'username': 'WardaNadiadwala', 'id': '79424503'}]","[{'start': 114, 'end': 137, 'url': 'https://t.co/3odhAvSVgR', 'expanded_url': 'https://bit.ly/SIKANDARTeaser', 'display_url': 'bit.ly/SIKANDARTeaser', 'images': [{'url': 'https://pbs.twimg.com/news_img/1995577146056835072/wdJwNQr6?format=jpg&name=orig', 'width': 1280, 'height': 720}, {'url': 'https://pbs.twimg.com/news_img/1995577146056835072/wdJwNQr6?format=jpg&name=150x150', 'width': 150, 'height': 150}], 'status': 200, 'title': 'SIKANDAR: Official Teaser | Salman Khan | Sajid Nadiadwala | A.R. Murugadoss | EID 2025', 'description': 'Ab intezaar hua khatam. Here’s presenting a glimpse of the world of Sikandar 🔥 Salman Khan In and As Sikandar Produced by Sajid Nadiadwala Directed by A.R. ...', 'unwound_url': 'https://www.youtube.com/watch?v=l2AMaPCsJIQ&feature=youtu.be'}, {'start': 265, 'end': 288, 'url': 'https://t.co/5f2pQBngYE', 'expanded_url': 'https://x.com/BeingSalmanKhan/status/1872954644311482518/photo/1', 'display_url': 'pic.x.com/5f2pQBngYE', 'media_key': '3_1872950562251259905'}]","[{'start': 85, 'end': 92, 'probability': 0.5445, 'type': 'Other', 'normalized_text': 'Sikandar'}, {'start': 97, 'end': 110, 'probability': 0.4415, 'type': 'Other', 'normalized_text': 'SikandarTeaser'}, {'start': 141, 'end': 155, 'probability': 0.5629, 'type': 'Person', 'normalized_text': 'SajidNadiadwala'}, {'start': 160, 'end': 167, 'probability': 0.4854, 'type': 'Other', 'normalized_text': 'Sikandar'}, {'start': 249, 'end': 263, 'probability': 0.5595, 'type': 'Other', 'normalized_text': 'SikandarEid2025'}]","[{'start': 96, 'end': 111, 'tag': 'SikandarTeaser'}, {'start': 140, 'end': 156, 'tag': 'SajidNadiadwala'}, {'start': 159, 'end': 168, 'tag': 'Sikandar'}, {'start': 248, 'end': 264, 'tag': 'SikandarEid2025'}]"
1826569448477618403,2024-08-22T10:37:47.000Z,"Angry Young Men Roundtable
Watch Now!

https://t.co/NePMUye75i

@PrimeVideoIN @luvsalimkhan @javedakhtarjadu @aliceinandheri #SalmaKhan @FarOutAkhtar @ritesh_sid #ZoyaAkhtar @Kagtireema #AlviraKhanAgnihotri @khanarpita @arbaazSkhan @SohailKhan #KalpanaKutty #GauravGill @J10kassim https://t.co/UdISZ5KMTy",1536,1111,7820,39,120,331090,"[{'start': 64, 'end': 77, 'username': 'PrimeVideoIN', 'id': '758172291754823680'}, {'start': 78, 'end': 91, 'username': 'luvsalimkhan', 'id': '714772683884376065'}, {'start': 92, 'end': 108, 'username': 'Javedakhtarjadu', 'id': '122995784'}, {'start': 109, 'end': 124, 'username': 'aliceinandheri', 'id': '61432985'}, {'start': 136, 'end': 149, 'username': 'FarOutAkhtar', 'id': '97865628'}, {'start': 150, 'end': 161, 'username': 'ritesh_sid', 'id': '389974129'}, {'start': 174, 'end': 185, 'username': 'kagtireema', 'id': '816954661'}, {'start': 207, 'end': 218, 'username': 'khanarpita', 'id': '132859239'}, {'start': 219, 'end': 231, 'username': 'arbaazSkhan', 'id': '123774113'}, {'start': 232, 'end': 243, 'username': 'SohailKhan', 'id': '758973302811402240'}, {'start': 270, 'end': 280, 'username': 'J10Kassim', 'id': '780368281349660672'}]","[{'start': 39, 'end': 62, 'url': 'https://t.co/NePMUye75i', 'expanded_url': 'https://www.youtube.com/watch?v=xdl9O9oZ8Vs', 'display_url': 'youtube.com/watch?v=xdl9O9…', 'images': [{'url': 'https://pbs.twimg.com/news_img/1986093452451561472/Mw2AUhfR?format=jpg&name=orig', 'width': 1280, 'height': 720}, {'url': 'https://pbs.twimg.com/news_img/1986093452451561472/Mw2AUhfR?format=jpg&name=150x150', 'width': 150, 'height': 150}], 'status': 200, 'title': 'Icons In Conversation ft. Salim-Javed, Salman, Farhan, Zoya, Namrata and Farah | Angry Young Men', 'description': 'A star-studded discussion featuring Salman Khan, Farhan Akhtar, Zoya Akhtar, Namrata Rao and the legendary Salim-Javed. Hosted by Farah Khan, this is one for...', 'unwound_url': 'https://www.youtube.com/watch?v=xdl9O9oZ8Vs'}, {'start': 281, 'end': 304, 'url': 'https://t.co/UdISZ5KMTy', 'expanded_url': 'https://x.com/BeingSalmanKhan/status/1826569448477618403/video/1', 'display_url': 'pic.x.com/UdISZ5KMTy', 'media_key': '13_1826569339455070208'}]","[{'start': 126, 'end': 134, 'probability': 0.9272, 'type': 'Person', 'normalized_text': 'SalmaKhan'}, {'start': 163, 'end': 172, 'probability': 0.7237, 'type': 'Person', 'normalized_text': 'ZoyaAkhtar'}, {'start': 187, 'end': 205, 'probability': 0.948, 'type': 'Person', 'normalized_text': 'AlviraKhanAgnihotri'}, {'start': 245, 'end': 256, 'probability': 0.5526, 'type': 'Other', 'normalized_text': 'KalpanaKutty'}, {'start': 259, 'end': 268, 'probability': 0.673, 'type': 'Person', 'normalized_text': 'GauravGill'}]","[{'start': 125, 'end': 135, 'tag': 'SalmaKhan'}, {'start': 162, 'end': 173, 'tag': 'ZoyaAkhtar'}, {'start': 186, 'end': 206, 'tag': 'AlviraKhanAgnihotri'}, {'start': 244, 'end': 257, 'tag': 'KalpanaKutty'}, {'start': 258, 'end': 269, 'tag': 'GauravGill'}]"
1898998298586865752,2025-03-10T07:24:10.000Z,"#BamBamBhole Song Out Tomorrow at 1:11 PM!  
 
#SajidNadiadwala’s #Sikandar  
Directed by @ARMurugadoss 

@iamRashmika 

@DOP_Tirru  

@ipritamofficial @immasterdinesh  
@SameerAnjaan @singer_shaan @DevNegiLive #AntaraMitra  

@NGEMovies @SKFilmsOfficial @ZeeMusicCompany https://t.co/r86Z4Haw3x",2250,749,10533,226,147,443149,"[{'start': 90, 'end': 103, 'username': 'ARMurugadoss', 'id': '178218286'}, {'start': 106, 'end': 118, 'username': 'iamRashmika', 'id': '722067485613277186'}, {'start': 121, 'end': 131, 'username': 'DOP_Tirru', 'id': '705313987815034881'}, {'start': 135, 'end': 151, 'username': 'ipritamofficial', 'id': '2847250015'}, {'start': 152, 'end': 167, 'username': 'immasterdinesh', 'id': '3177709974'}, {'start': 170, 'end': 183, 'username': 'SameerAnjaan', 'id': '458488568'}, {'start': 184, 'end': 197, 'username': 'singer_shaan', 'id': '114785416'}, {'start': 198, 'end': 210, 'username': 'DevNegiLive', 'id': '746721297736970241'}, {'start': 227, 'end': 237, 'username': 'NGEMovies', 'id': '763292478'}, {'start': 238, 'end': 254, 'username': 'SKFilmsOfficial', 'id': '3226892442'}, {'start': 255, 'end': 271, 'username': 'ZeeMusicCompany', 'id': '2381606574'}]","[{'start': 272, 'end': 295, 'url': 'https://t.co/r86Z4Haw3x', 'expanded_url': 'https://x.com/BeingSalmanKhan/status/1898998298586865752/video/1', 'display_url': 'pic.x.com/r86Z4Haw3x', 'media_key': '13_1898998202998923264'}]","[{'start': 1, 'end': 11, 'probability': 0.7481, 'type': 'Other', 'normalized_text': 'BamBamBhole'}, {'start': 48, 'end': 62, 'probability': 0.6586, 'type': 'Person', 'normalized_text': 'SajidNadiadwala'}, {'start': 67, 'end': 74, 'probability': 0.4975, 'type': 'Other', 'normalized_text': 'Sikandar'}, {'start': 212, 'end': 222, 'probability': 0.5949, 'type': 'Other', 'normalized_text': 'AntaraMitra'}]","[{'start': 0, 'end': 12, 'tag': 'BamBamBhole'}, {'start': 47, 'end': 63, 'tag': 'SajidNadiadwala'}, {'start': 66, 'end': 75, 'tag': 'Sikandar'}, {'start': 211, 'end': 223, 'tag': 'AntaraMitra'}]"
1908074745855410422,2025-04-04T08:30:44.000Z,Manoj Kumar Ji… a true legend. Thank you for the unforgettable films and memories…,2308,1202,23755,61,119,852105,,,"[{'start': 0, 'end': 13, 'probability': 0.9032, 'type': 'Person', 'normalized_text': 'Manoj Kumar Ji'}]",
1829119650656919798,2024-08-29T11:31:22.000Z,"Song Out Now... #YouAreMine

https://t.co/0Qkk9LOcBp

@ayaanagnihotri @VishalMMishra @sanjeevcomposer @HaiderKhanMe #SaajanSingh @SKF_Music https://t.co/NQTFER4kxK",1963,2353,12939,734,232,765241,"[{'start': 54, 'end': 69, 'username': 'ayaanagnihotri', 'id': '1801256557721632768'}, {'start': 70, 'end': 84, 'username': 'VishalMMishra', 'id': '324799522'}, {'start': 85, 'end': 101, 'username': 'sanjeevcomposer', 'id': '924349359616966657'}, {'start': 102, 'end': 115, 'username': 'HaiderKhanMe', 'id': '249329555'}, {'start': 129, 'end': 139, 'username': 'SKF_Music', 'id': '1829088695812575232'}]","[{'start': 29, 'end': 52, 'url': 'https://t.co/0Qkk9LOcBp', 'expanded_url': 'https://bit.ly/YouAreMineSong', 'display_url': 'bit.ly/YouAreMineSong', 'images': [{'url': 'https://pbs.twimg.com/news_img/1992863650676416512/arHG7G6z?format=jpg&name=orig', 'width': 1280, 'height': 720}, {'url': 'https://pbs.twimg.com/news_img/1992863650676416512/arHG7G6z?format=jpg&name=150x150', 'width': 150, 'height': 150}], 'status': 200, 'title': 'You Are Mine | Salman Khan | Agni | Vishal Mishra | Haider Khan | Sanjeev Chaturvedi', 'description': ""Salman Khan presents a romantic ballad like no other that will tug on your heart. Salman's iconic style with Agni's fresh, dynamic vibe, creating a perfect m..."", 'unwound_url': 'https://www.youtube.com/watch?v=_aJYjwBfgF8&feature=youtu.be'}, {'start': 140, 'end': 163, 'url': 'https://t.co/NQTFER4kxK', 'expanded_url': 'https://x.com/BeingSalmanKhan/status/1829119650656919798/video/1', 'display_url': 'pic.x.com/NQTFER4kxK', 'media_key': '13_1829119507509497857'}]","[{'start': 17, 'end': 26, 'probability': 0.6922, 'type': 'Other', 'normalized_text': 'YouAreMine'}, {'start': 117, 'end': 127, 'probability': 0.9628, 'type': 'Person', 'normalized_text': 'SaajanSingh'}]","[{'start': 16, 'end': 27, 'tag': 'YouAreMine'}, {'start': 116, 'end': 128, 'tag': 'SaajanSingh'}]"
1973985008294768653,2025-10-03T05:34:35.000Z,"Dil se… Rooted in Love. In-stores and online. 
#beinghumanclothing #aw25 #lovecareshare #consciousfashion https://t.co/caC8L5SyFJ",1145,1270,7613,49,87,287127,,"[{'start': 106, 'end': 129, 'url': 'https://t.co/caC8L5SyFJ', 'expanded_url': 'https://x.com/BeingSalmanKhan/status/1973985008294768653/video/1', 'display_url': 'pic.x.com/caC8L5SyFJ', 'media_key': '13_1973984875519541248'}]","[{'start': 0, 'end': 5, 'probability': 0.6262, 'type': 'Other', 'normalized_text': 'Dil se'}, {'start': 68, 'end': 71, 'probability': 0.4913, 'type': 'Other', 'normalized_text': 'aw25'}]","[{'start': 47, 'end': 66, 'tag': 'beinghumanclothing'}, {'start': 67, 'end': 72, 'tag': 'aw25'}, {'start': 73, 'end': 87, 'tag': 'lovecareshare'}, {'start': 88, 'end': 105, 'tag': 'consciousfashion'}]"
1996490388417519901,2025-12-04T08:02:56.000Z,@bebeinghuman https://t.co/KlGSut350U,1650,932,16242,74,124,252205,"[{'start': 0, 'end': 13, 'username': 'bebeinghuman', 'id': '1564314866'}]","[{'start': 14, 'end': 37, 'url': 'https://t.co/KlGSut350U', 'expanded_url': 'https://x.com/BeingSalmanKhan/status/1996490388417519901/photo/1', 'display_url': 'pic.x.com/KlGSut350U', 'media_key': '3_1996490380955762688'}]",,
1966954134726471786,2025-09-13T19:56:24.000Z,"Never have I seen a 15 year old turn his pain into something so beautiful .. 
God bless you #JonasConner
Listening on repeat 
Father in a bible 
Peace with pain 
Oh Appalachia 

Aisey bacchon ko Na support kiya toh phir kya kiya 
Bhaiyon aur behno ye English mein hai ..  
yahan https://t.co/L0tIdQBZfJ",1690,1411,14351,65,682,1256633,,"[{'start': 279, 'end': 302, 'url': 'https://t.co/L0tIdQBZfJ', 'expanded_url': 'https://x.com/BeingSalmanKhan/status/1966954134726471786/photo/1', 'display_url': 'pic.x.com/L0tIdQBZfJ', 'media_key': '3_1966953987271491584'}]","[{'start': 93, 'end': 103, 'probability': 0.8932, 'type': 'Person', 'normalized_text': 'JonasConner'}]","[{'start': 92, 'end': 104, 'tag': 'JonasConner'}]"
1880530334779077107,2025-01-18T08:19:05.000Z,"Gear up for something super, something heroic! 🛡️ @Marvel_India ... stay tuned with @bebeinghuman for an exciting journey ahead. 💥

#JustBeingHuman #Marvel #ComingSoon #BeingHumanClothing https://t.co/CWVDnoa6OB",2521,1340,15956,133,153,723262,"[{'start': 50, 'end': 63, 'username': 'Marvel_India', 'id': '1309654110'}, {'start': 84, 'end': 97, 'username': 'bebeinghuman', 'id': '1564314866'}]","[{'start': 188, 'end': 211, 'url': 'https://t.co/CWVDnoa6OB', 'expanded_url': 'https://x.com/BeingSalmanKhan/status/1880530334779077107/photo/1', 'display_url': 'pic.x.com/CWVDnoa6OB', 'media_key': '3_1880530197684056066'}]","[{'start': 149, 'end': 154, 'probability': 0.8421, 'type': 'Other', 'normalized_text': 'Marvel'}, {'start': 169, 'end': 186, 'probability': 0.5054, 'type': 'Other', 'normalized_text': 'BeingHumanClothing'}]","[{'start': 132, 'end': 147, 'tag': 'JustBeingHuman'}, {'start': 148, 'end': 155, 'tag': 'Marvel'}, {'start': 156, 'end': 167, 'tag': 'ComingSoon'}, {'start': 168, 'end': 187, 'tag': 'BeingHumanClothing'}]"
1950914465047683528,2025-07-31T13:40:29.000Z,"Laut aaya hoon main leke Bigg Boss ka naya season!
Aur iss baar chalegi - Gharwalon Ki Sarkaar👑

Dekhiye #BiggBoss19, 24 August se, sirf @JioHotstar aur @ColorsTV par. https://t.co/Q8quLbtEvX",2108,1547,13481,177,201,647985,"[{'start': 137, 'end': 148, 'username': 'JioHotstar', 'id': '2817066926'}, {'start': 153, 'end': 162, 'username': 'ColorsTV', 'id': '18238260'}]","[{'start': 168, 'end': 191, 'url': 'https://t.co/Q8quLbtEvX', 'expanded_url': 'https://x.com/BeingSalmanKhan/status/1950914465047683528/video/1', 'display_url': 'pic.x.com/Q8quLbtEvX', 'media_key': '13_1950914370029883392'}]",,"[{'start': 105, 'end': 116, 'tag': 'BiggBoss19'}]"
1891790632374485100,2025-02-18T10:03:29.000Z,"Sikandar On Eid

#SajidNadiadwala’s #Sikandar 
Directed by @ARMurugadoss
 
@iamRashmika 
@DOP_Tirru @ipritamofficial @Music_Santhosh 
@NGEMovies @WardaNadiadwala 
@ZeeMusicCompany @PenMovies 
#SikandarEid2025 https://t.co/N3Wxh6EkOH",4553,1813,25934,575,284,880258,"[{'start': 59, 'end': 72, 'username': 'ARMurugadoss', 'id': '178218286'}, {'start': 75, 'end': 87, 'username': 'iamRashmika', 'id': '722067485613277186'}, {'start': 89, 'end': 99, 'username': 'DOP_Tirru', 'id': '705313987815034881'}, {'start': 100, 'end': 116, 'username': 'ipritamofficial', 'id': '2847250015'}, {'start': 117, 'end': 132, 'username': 'Music_Santhosh', 'id': '101270748'}, {'start': 134, 'end': 144, 'username': 'NGEMovies', 'id': '763292478'}, {'start': 145, 'end': 161, 'username': 'WardaNadiadwala', 'id': '79424503'}, {'start': 163, 'end': 179, 'username': 'ZeeMusicCompany', 'id': '2381606574'}, {'start': 180, 'end': 190, 'username': 'PenMovies', 'id': '368864562'}]","[{'start': 209, 'end': 232, 'url': 'https://t.co/N3Wxh6EkOH', 'expanded_url': 'https://x.com/BeingSalmanKhan/status/1891790632374485100/video/1', 'display_url': 'pic.x.com/N3Wxh6EkOH', 'media_key': '7_1891788290833137664'}]","[{'start': 0, 'end': 7, 'probability': 0.6907, 'type': 'Other', 'normalized_text': 'Sikandar'}, {'start': 18, 'end': 32, 'probability': 0.7837, 'type': 'Other', 'normalized_text': 'SajidNadiadwala'}, {'start': 37, 'end': 44, 'probability': 0.5674, 'type': 'Other', 'normalized_text': 'Sikandar'}, {'start': 193, 'end': 207, 'probability': 0.6733, 'type': 'Other', 'normalized_text': 'SikandarEid2025'}]","[{'start': 17, 'end': 33, 'tag': 'SajidNadiadwala'}, {'start': 36, 'end': 45, 'tag': 'Sikandar'}, {'start': 192, 'end': 208, 'tag': 'SikandarEid2025'}]"
1926304776121196839,2025-05-24T15:50:22.000Z,"Miss you my dear brother Mukul 
Rest In Peace https://t.co/iNsKpPYqxC",3106,1091,50312,73,391,1697227,,"[{'start': 46, 'end': 69, 'url': 'https://t.co/iNsKpPYqxC', 'expanded_url': 'https://x.com/BeingSalmanKhan/status/1926304776121196839/photo/1', 'display_url': 'pic.x.com/iNsKpPYqxC', 'media_key': '3_1926304768940560384'}]","[{'start': 25, 'end': 29, 'probability': 0.5261, 'type': 'Person', 'normalized_text': 'Mukul'}]",
1899709818413412447,2025-03-12T06:31:30.000Z,"🔥🏁Proud to be the face of the @ISRL_official (ISRL). The next big thing in Indian motorsports! From high-octane racing to music, entertainment, and freestyle mx shows — the adrenaline rush is real!
Stay tuned as Ab India Karega #FlirtwithDirt

#ISRL #Indiansupercrossleague https://t.co/DI6rFbu7kI",1407,894,6733,37,66,158862,"[{'start': 30, 'end': 44, 'username': 'ISRL_official', 'id': '1576914833500667904'}]","[{'start': 274, 'end': 297, 'url': 'https://t.co/DI6rFbu7kI', 'expanded_url': 'https://x.com/BeingSalmanKhan/status/1899709818413412447/video/1', 'display_url': 'pic.x.com/DI6rFbu7kI', 'media_key': '7_1899708865652113408'}]","[{'start': 46, 'end': 49, 'probability': 0.4838, 'type': 'Organization', 'normalized_text': 'ISRL'}, {'start': 212, 'end': 226, 'probability': 0.6722, 'type': 'Other', 'normalized_text': 'Ab India Karega'}, {'start': 229, 'end': 241, 'probability': 0.6066, 'type': 'Other', 'normalized_text': 'FlirtwithDirt'}, {'start': 245, 'end': 248, 'probability': 0.4089, 'type': 'Organization', 'normalized_text': 'ISRL'}, {'start': 251, 'end': 272, 'probability': 0.5805, 'type': 'Other', 'normalized_text': 'Indiansupercrossleague'}]","[{'start': 228, 'end': 242, 'tag': 'FlirtwithDirt'}, {'start': 244, 'end': 249, 'tag': 'ISRL'}, {'start': 250, 'end': 273, 'tag': 'Indiansupercrossleague'}]"
1916919651478499760,2025-04-28T18:17:14.000Z,"Eello ji sanam hum aa gaye………….
Ab itna bhi gussa karo nahin jaani https://t.co/QCo2OJUAGs",4216,4054,44087,489,547,2492312,,"[{'start': 67, 'end': 90, 'url': 'https://t.co/QCo2OJUAGs', 'expanded_url': 'https://x.com/BeingSalmanKhan/status/1916919651478499760/photo/1', 'display_url': 'pic.x.com/QCo2OJUAGs', 'media_key': '3_1916919617861124096'}, {'start': 67, 'end': 90, 'url': 'https://t.co/QCo2OJUAGs', 'expanded_url': 'https://x.com/BeingSalmanKhan/status/1916919651478499760/photo/1', 'display_url': 'pic.x.com/QCo2OJUAGs', 'media_key': '3_1916919617907236864'}, {'start': 67, 'end': 90, 'url': 'https://t.co/QCo2OJUAGs', 'expanded_url': 'https://x.com/BeingSalmanKhan/status/1916919651478499760/photo/1', 'display_url': 'pic.x.com/QCo2OJUAGs', 'media_key': '3_1916919617886302208'}]",,
1968231709075443796,2025-09-17T08:33:02.000Z,Wishing our Hon Prime Minister Narendrabhai Modi a very happy birthday …. @narendramodi,2791,1629,40059,253,290,1546476,"[{'start': 74, 'end': 87, 'username': 'narendramodi', 'id': '18839785'}]",,"[{'start': 31, 'end': 47, 'probability': 0.8761, 'type': 'Person', 'normalized_text': 'Narendrabhai Modi'}]",
1890359006360731987,2025-02-14T11:14:42.000Z,Agnihotrians sharmanians n khanenians wish u all a happy familitines day https://t.co/3RuW7lSuE4,3005,1440,29127,249,406,784226,,"[{'start': 73, 'end': 96, 'url': 'https://t.co/3RuW7lSuE4', 'expanded_url': 'https://x.com/BeingSalmanKhan/status/1890359006360731987/photo/1', 'display_url': 'pic.x.com/3RuW7lSuE4', 'media_key': '3_1890358990715936768'}]",,
1979427547592167857,2025-10-18T06:01:17.000Z,"12 years ago Being Human Clothing started with a simple thought,to do something good,to give back and to spread smiles.
Today, it’s more than a brand… it’s a family that keeps growing bigger. 
Thank you to everyone who’s been part of this journey. 💛 Thank you for Being Human. https://t.co/zPvVBJp1Et",800,1034,4107,33,92,210849,,"[{'start': 277, 'end': 300, 'url': 'https://t.co/zPvVBJp1Et', 'expanded_url': 'https://x.com/BeingSalmanKhan/status/1979427547592167857/video/1', 'display_url': 'pic.x.com/zPvVBJp1Et', 'media_key': '13_1979427399902076930'}, {'start': 277, 'end': 300, 'url': 'https://t.co/zPvVBJp1Et', 'expanded_url': 'https://x.com/BeingSalmanKhan/status/1979427547592167857/video/1', 'display_url': 'pic.x.com/zPvVBJp1Et', 'media_key': '3_1979427399839137792'}, {'start': 277, 'end': 300, 'url': 'https://t.co/zPvVBJp1Et', 'expanded_url': 'https://x.com/BeingSalmanKhan/status/1979427547592167857/video/1', 'display_url': 'pic.x.com/zPvVBJp1Et', 'media_key': '3_1979427399839162369'}]","[{'start': 13, 'end': 32, 'probability': 0.6359, 'type': 'Other', 'normalized_text': 'Being Human Clothing'}]",
1905173776121147694,2025-03-27T08:23:19.000Z,"Full Video Out Now! #SikandarMeetsGhajini 

https://t.co/aNe2jmVm8T 

 #AamirKhan 

#SajidNadiadwala’s #Sikandar  
Directed by @ARMurugadoss 

@NGEMovies @SKFilmsOfficial @ZeeMusicCompany @PenMovies 
@WardaNadiadwala 

#SikandarEid2025

Sikandar In Cinemas from 30th March https://t.co/TLgFx5OUsI",1833,544,10008,99,164,543419,"[{'start': 127, 'end': 140, 'username': 'ARMurugadoss', 'id': '178218286'}, {'start': 143, 'end': 153, 'username': 'NGEMovies', 'id': '763292478'}, {'start': 154, 'end': 170, 'username': 'SKFilmsOfficial', 'id': '3226892442'}, {'start': 171, 'end': 187, 'username': 'ZeeMusicCompany', 'id': '2381606574'}, {'start': 188, 'end': 198, 'username': 'PenMovies', 'id': '368864562'}, {'start': 200, 'end': 216, 'username': 'WardaNadiadwala', 'id': '79424503'}]","[{'start': 44, 'end': 67, 'url': 'https://t.co/aNe2jmVm8T', 'expanded_url': 'https://www.youtube.com/watch?v=X1Uci0haU9s', 'display_url': 'youtube.com/watch?v=X1Uci0…', 'images': [{'url': 'https://pbs.twimg.com/news_img/1986509722158309377/s9QlPEVI?format=jpg&name=orig', 'width': 1280, 'height': 720}, {'url': 'https://pbs.twimg.com/news_img/1986509722158309377/s9QlPEVI?format=jpg&name=150x150', 'width': 150, 'height': 150}], 'status': 200, 'title': 'Sikandar Meets Ghajini | Salman Khan, Aamir Khan, A.R. Murugadoss | Sikandar | 30th March', 'description': '#SalmanKhan #AamirKhan Sajid Nadiadwala’s #Sikandar Directed by A.R. MurugadossAgency: Kibbootz FilmsDirector: Saif AkhtarDOP: Shailesh NaikCamera Operators:...', 'unwound_url': 'https://www.youtube.com/watch?v=X1Uci0haU9s'}, {'start': 273, 'end': 296, 'url': 'https://t.co/TLgFx5OUsI', 'expanded_url': 'https://x.com/BeingSalmanKhan/status/1905173776121147694/video/1', 'display_url': 'pic.x.com/TLgFx5OUsI', 'media_key': '7_1905173648736206848'}]","[{'start': 21, 'end': 40, 'probability': 0.5017, 'type': 'Person', 'normalized_text': 'SikandarMeetsGhajini'}, {'start': 72, 'end': 80, 'probability': 0.8923, 'type': 'Person', 'normalized_text': 'AamirKhan'}, {'start': 85, 'end': 99, 'probability': 0.6562, 'type': 'Person', 'normalized_text': 'SajidNadiadwala'}, {'start': 104, 'end': 111, 'probability': 0.4696, 'type': 'Other', 'normalized_text': 'Sikandar'}, {'start': 220, 'end': 234, 'probability': 0.4764, 'type': 'Other', 'normalized_text': 'SikandarEid2025'}, {'start': 237, 'end': 244, 'probability': 0.5586, 'type': 'Other', 'normalized_text': 'Sikandar'}]","[{'start': 20, 'end': 41, 'tag': 'SikandarMeetsGhajini'}, {'start': 71, 'end': 81, 'tag': 'AamirKhan'}, {'start': 84, 'end': 100, 'tag': 'SajidNadiadwala'}, {'start': 103, 'end': 112, 'tag': 'Sikandar'}, {'start': 219, 'end': 235, 'tag': 'SikandarEid2025'}]"
1976605942612685054,2025-10-10T11:09:14.000Z,Rest in peace praa . Vil miss paaji https://t.co/j3GXhCD4wQ,1949,1076,25066,45,269,735761,,"[{'start': 36, 'end': 59, 'url': 'https://t.co/j3GXhCD4wQ', 'expanded_url': 'https://x.com/BeingSalmanKhan/status/1976605942612685054/photo/1', 'display_url': 'pic.x.com/j3GXhCD4wQ', 'media_key': '3_1976605904557535232'}]",,
1965323488933413314,2025-09-09T07:56:48.000Z,#BattleOfGalwan https://t.co/sj4iy4SXaz,4069,2326,37264,397,434,1650482,,"[{'start': 16, 'end': 39, 'url': 'https://t.co/sj4iy4SXaz', 'expanded_url': 'https://x.com/BeingSalmanKhan/status/1965323488933413314/photo/1', 'display_url': 'pic.x.com/sj4iy4SXaz', 'media_key': '3_1965323325095211008'}]",,"[{'start': 0, 'end': 15, 'tag': 'BattleOfGalwan'}]"
1910650704185930235,2025-04-11T11:06:40.000Z,Berry good for u https://t.co/57tbGbyYiJ,3047,2407,22400,210,337,1051136,,"[{'start': 17, 'end': 40, 'url': 'https://t.co/57tbGbyYiJ', 'expanded_url': 'https://x.com/BeingSalmanKhan/status/1910650704185930235/video/1', 'display_url': 'pic.x.com/57tbGbyYiJ', 'media_key': '13_1910650617069993984'}]","[{'start': 0, 'end': 4, 'probability': 0.8027, 'type': 'Other', 'normalized_text': 'Berry'}]",
1905069288391848073,2025-03-27T01:28:07.000Z,See you in theatres this Eid! https://t.co/XlC2xFkIQ0,4359,3706,56775,868,723,2886434,,"[{'start': 30, 'end': 53, 'url': 'https://t.co/XlC2xFkIQ0', 'expanded_url': 'https://x.com/BeingSalmanKhan/status/1905069288391848073/photo/1', 'display_url': 'pic.x.com/XlC2xFkIQ0', 'media_key': '3_1905069275846721536'}, {'start': 30, 'end': 53, 'url': 'https://t.co/XlC2xFkIQ0', 'expanded_url': 'https://x.com/BeingSalmanKhan/status/1905069288391848073/photo/1', 'display_url': 'pic.x.com/XlC2xFkIQ0', 'media_key': '3_1905069275846676480'}, {'start': 30, 'end': 53, 'url': 'https://t.co/XlC2xFkIQ0', 'expanded_url': 'https://x.com/BeingSalmanKhan/status/1905069288391848073/photo/1', 'display_url': 'pic.x.com/XlC2xFkIQ0', 'media_key': '3_1905069275808976896'}]",,
1904798241759129981,2025-03-26T07:31:04.000Z,"Amar Prem ka Andaaz with AR Murugadoss! #SikandarMeetsGhajini

#AamirKhan 

#SajidNadiadwala’s #Sikandar  
Directed by @ARMurugadoss 

@NGEMovies @SKFilmsOfficial @ZeeMusicCompany @PenMovies 
@WardaNadiadwala 

#SikandarEid2025
Sikandar In Cinemas from 30th March https://t.co/fFv8J9BUf3",1813,402,11222,38,128,339395,"[{'start': 119, 'end': 132, 'username': 'ARMurugadoss', 'id': '178218286'}, {'start': 135, 'end': 145, 'username': 'NGEMovies', 'id': '763292478'}, {'start': 146, 'end': 162, 'username': 'SKFilmsOfficial', 'id': '3226892442'}, {'start': 163, 'end': 179, 'username': 'ZeeMusicCompany', 'id': '2381606574'}, {'start': 180, 'end': 190, 'username': 'PenMovies', 'id': '368864562'}, {'start': 192, 'end': 208, 'username': 'WardaNadiadwala', 'id': '79424503'}]","[{'start': 264, 'end': 287, 'url': 'https://t.co/fFv8J9BUf3', 'expanded_url': 'https://x.com/BeingSalmanKhan/status/1904798241759129981/video/1', 'display_url': 'pic.x.com/fFv8J9BUf3', 'media_key': '7_1904797169233903616'}]","[{'start': 0, 'end': 18, 'probability': 0.7508, 'type': 'Other', 'normalized_text': 'Amar Prem ka Andaaz'}, {'start': 25, 'end': 37, 'probability': 0.5514, 'type': 'Other', 'normalized_text': 'AR Murugadoss'}, {'start': 41, 'end': 60, 'probability': 0.4646, 'type': 'Person', 'normalized_text': 'SikandarMeetsGhajini'}, {'start': 64, 'end': 72, 'probability': 0.4953, 'type': 'Other', 'normalized_text': 'AamirKhan'}, {'start': 77, 'end': 91, 'probability': 0.5753, 'type': 'Other', 'normalized_text': 'SajidNadiadwala'}, {'start': 96, 'end': 103, 'probability': 0.5579, 'type': 'Other', 'normalized_text': 'Sikandar'}, {'start': 212, 'end': 226, 'probability': 0.5719, 'type': 'Other', 'normalized_text': 'SikandarEid2025'}, {'start': 228, 'end': 235, 'probability': 0.5895, 'type': 'Other', 'normalized_text': 'Sikandar'}]","[{'start': 40, 'end': 61, 'tag': 'SikandarMeetsGhajini'}, {'start': 63, 'end': 73, 'tag': 'AamirKhan'}, {'start': 76, 'end': 92, 'tag': 'SajidNadiadwala'}, {'start': 95, 'end': 104, 'tag': 'Sikandar'}, {'start': 211, 'end': 227, 'tag': 'SikandarEid2025'}]"
1833074643269202266,2024-09-09T09:27:06.000Z,Happy Ganesh Chaturthi https://t.co/Ac7d9Om86v,5808,2650,73139,232,691,1367903,,"[{'start': 23, 'end': 46, 'url': 'https://t.co/Ac7d9Om86v', 'expanded_url': 'https://x.com/BeingSalmanKhan/status/1833074643269202266/video/1', 'display_url': 'pic.x.com/Ac7d9Om86v', 'media_key': '13_1833074524645916672'}]","[{'start': 6, 'end': 21, 'probability': 0.8522, 'type': 'Person', 'normalized_text': 'Ganesh Chaturthi'}]",
1826494539441308024,2024-08-22T05:40:07.000Z,"You Are Mine - Stay Tuned

@ayaanagnihotri @VishalMMishra @sanjeevcomposer @HaiderKhanMe #SaajanSingh https://t.co/QQsJfbtbnV",1783,1325,11154,131,129,400006,"[{'start': 27, 'end': 42, 'username': 'ayaanagnihotri', 'id': '1801256557721632768'}, {'start': 43, 'end': 57, 'username': 'VishalMMishra', 'id': '324799522'}, {'start': 58, 'end': 74, 'username': 'sanjeevcomposer', 'id': '924349359616966657'}, {'start': 75, 'end': 88, 'username': 'HaiderKhanMe', 'id': '249329555'}]","[{'start': 102, 'end': 125, 'url': 'https://t.co/QQsJfbtbnV', 'expanded_url': 'https://x.com/BeingSalmanKhan/status/1826494539441308024/video/1', 'display_url': 'pic.x.com/QQsJfbtbnV', 'media_key': '13_1826494410680418304'}]","[{'start': 0, 'end': 11, 'probability': 0.93, 'type': 'Other', 'normalized_text': 'You Are Mine'}, {'start': 15, 'end': 24, 'probability': 0.6339, 'type': 'Other', 'normalized_text': 'Stay Tuned'}, {'start': 90, 'end': 100, 'probability': 0.9423, 'type': 'Person', 'normalized_text': 'SaajanSingh'}]","[{'start': 89, 'end': 101, 'tag': 'SaajanSingh'}]"
1841847563944894817,2024-10-03T14:27:33.000Z,Wish u a very Happy Birthday Zeeshan … God bless @zeeshan_iyc,1217,1172,10296,42,62,804989,"[{'start': 49, 'end': 61, 'username': 'zeeshan_iyc', 'id': '928500323253067777'}]",,"[{'start': 29, 'end': 35, 'probability': 0.7836, 'type': 'Other', 'normalized_text': 'Zeeshan'}]",
1931340539829301300,2025-06-07T13:20:41.000Z,Eid Mubarak https://t.co/Dm1GobZImN,5880,5232,101775,485,566,2792081,,"[{'start': 12, 'end': 35, 'url': 'https://t.co/Dm1GobZImN', 'expanded_url': 'https://x.com/BeingSalmanKhan/status/1931340539829301300/photo/1', 'display_url': 'pic.x.com/Dm1GobZImN', 'media_key': '3_1931340529692037120'}]",,
1984240236772401357,2025-10-31T12:45:12.000Z,https://t.co/VOONJdTPWl,2874,2223,27713,254,261,928752,,"[{'start': 0, 'end': 23, 'url': 'https://t.co/VOONJdTPWl', 'expanded_url': 'https://x.com/BeingSalmanKhan/status/1984240236772401357/photo/1', 'display_url': 'pic.x.com/VOONJdTPWl', 'media_key': '3_1984240228450865152'}, {'start': 0, 'end': 23, 'url': 'https://t.co/VOONJdTPWl', 'expanded_url': 'https://x.com/BeingSalmanKhan/status/1984240236772401357/photo/1', 'display_url': 'pic.x.com/VOONJdTPWl', 'media_key': '3_1984240228467662848'}, {'start': 0, 'end': 23, 'url': 'https://t.co/VOONJdTPWl', 'expanded_url': 'https://x.com/BeingSalmanKhan/status/1984240236772401357/photo/1', 'display_url': 'pic.x.com/VOONJdTPWl', 'media_key': '3_1984240228467650560'}]",,
1826232186179395975,2024-08-21T12:17:37.000Z,"Teaser Out Tomorrow

@ayaanagnihotri @VishalMMishra @sanjeevcomposer @HaiderKhanMe #SaajanSingh https://t.co/BXon5b5u8q",1658,1306,10902,240,105,524265,"[{'start': 21, 'end': 36, 'username': 'ayaanagnihotri', 'id': '1801256557721632768'}, {'start': 37, 'end': 51, 'username': 'VishalMMishra', 'id': '324799522'}, {'start': 52, 'end': 68, 'username': 'sanjeevcomposer', 'id': '924349359616966657'}, {'start': 69, 'end': 82, 'username': 'HaiderKhanMe', 'id': '249329555'}]","[{'start': 96, 'end': 119, 'url': 'https://t.co/BXon5b5u8q', 'expanded_url': 'https://x.com/BeingSalmanKhan/status/1826232186179395975/photo/1', 'display_url': 'pic.x.com/BXon5b5u8q', 'media_key': '3_1826232173415768064'}]","[{'start': 84, 'end': 94, 'probability': 0.9468, 'type': 'Person', 'normalized_text': 'SaajanSingh'}]","[{'start': 83, 'end': 95, 'tag': 'SaajanSingh'}]"
1895055740169241028,2025-02-27T10:17:51.000Z,"Jo dilon par karta hai raj woh aaj kehlata hai Sikandar
 
https://t.co/Bn5NdtKN2z 

#SajidNadiadwala’s #Sikandar  
Directed by @ARMurugadoss 

 @iamRashmika #Sathyaraj @TheSharmanJoshi @MsKajalAggarwal @prateikbabbar #AnjiniDhawan @jatinsarna #AyanKhan 

@DOP_Tirru",4168,1690,17236,684,164,1100281,"[{'start': 127, 'end': 140, 'username': 'ARMurugadoss', 'id': '178218286'}, {'start': 144, 'end': 156, 'username': 'iamRashmika', 'id': '722067485613277186'}, {'start': 168, 'end': 184, 'username': 'TheSharmanJoshi', 'id': '131273680'}, {'start': 185, 'end': 201, 'username': 'MsKajalAggarwal', 'id': '727050288310296576'}, {'start': 202, 'end': 216, 'username': 'prateikbabbar', 'id': '92594089'}, {'start': 231, 'end': 242, 'username': 'jatinsarna', 'id': '72611247'}, {'start': 255, 'end': 265, 'username': 'DOP_Tirru', 'id': '705313987815034881'}]","[{'start': 58, 'end': 81, 'url': 'https://t.co/Bn5NdtKN2z', 'expanded_url': 'https://bit.ly/SikandarFilmTeaser', 'display_url': 'bit.ly/SikandarFilmTe…', 'images': [{'url': 'https://pbs.twimg.com/news_img/1991366375185739780/KrUvlt71?format=jpg&name=orig', 'width': 1280, 'height': 720}, {'url': 'https://pbs.twimg.com/news_img/1991366375185739780/KrUvlt71?format=jpg&name=150x150', 'width': 150, 'height': 150}], 'status': 200, 'title': 'SIKANDAR Official Film Teaser - Salman Khan, Rashmika | Sajid Nadiadwala | A.R. Murugadoss | EID2025', 'description': 'Sikandar Aa raha hai, this Eid! 🌙 Here’s presenting the Film Teaser of Sikandar! 🔥 Salman Khan As Sanjay Rajkot Rashmika Mandanna As SaisriSathyaraj As Min...', 'unwound_url': 'https://www.youtube.com/watch?v=RouIzAuPGGU&feature=youtu.be'}]",,"[{'start': 84, 'end': 100, 'tag': 'SajidNadiadwala'}, {'start': 103, 'end': 112, 'tag': 'Sikandar'}, {'start': 157, 'end': 167, 'tag': 'Sathyaraj'}, {'start': 217, 'end': 230, 'tag': 'AnjiniDhawan'}, {'start': 243, 'end': 252, 'tag': 'AyanKhan'}]"
1844097705842442284,2024-10-09T19:28:49.000Z,Deeply saddened by the passing of Mr. Ratan Tata.,6063,1884,84529,96,272,1567717,,,"[{'start': 38, 'end': 47, 'probability': 0.5311, 'type': 'Person', 'normalized_text': 'Ratan Tata'}]",
1943678005898862606,2025-07-11T14:25:23.000Z,https://t.co/Epo26x1ctn,3462,1973,38531,268,299,1045317,,"[{'start': 0, 'end': 23, 'url': 'https://t.co/Epo26x1ctn', 'expanded_url': 'https://x.com/BeingSalmanKhan/status/1943678005898862606/photo/1', 'display_url': 'pic.x.com/Epo26x1ctn', 'media_key': '3_1943677990833160192'}, {'start': 0, 'end': 23, 'url': 'https://t.co/Epo26x1ctn', 'expanded_url': 'https://x.com/BeingSalmanKhan/status/1943678005898862606/photo/1', 'display_url': 'pic.x.com/Epo26x1ctn', 'media_key': '3_1943677990925205504'}, {'start': 0, 'end': 23, 'url': 'https://t.co/Epo26x1ctn', 'expanded_url': 'https://x.com/BeingSalmanKhan/status/1943678005898862606/photo/1', 'display_url': 'pic.x.com/Epo26x1ctn', 'media_key': '3_1943677990879346688'}]",,
1825608835144495336,2024-08-19T19:00:39.000Z,"Watch the #AngryYoungMen … Streaming on Prime Video

https://t.co/7sGKfHE2f7 

@PrimeVideoIN @luvsalimkhan @javedakhtarjadu @aliceinandheri #SalmaKhan @FarOutAkhtar @ritesh_sid #ZoyaAkhtar @Kagtireema #AlviraKhanAgnihotri @khanarpita @arbaazSkhan @SohailKhan #KalpanaKutty https://t.co/FNNAoqkFtp",1672,908,9384,45,74,287971,"[{'start': 79, 'end': 92, 'username': 'PrimeVideoIN', 'id': '758172291754823680'}, {'start': 93, 'end': 106, 'username': 'luvsalimkhan', 'id': '714772683884376065'}, {'start': 107, 'end': 123, 'username': 'Javedakhtarjadu', 'id': '122995784'}, {'start': 124, 'end': 139, 'username': 'aliceinandheri', 'id': '61432985'}, {'start': 151, 'end': 164, 'username': 'FarOutAkhtar', 'id': '97865628'}, {'start': 165, 'end': 176, 'username': 'ritesh_sid', 'id': '389974129'}, {'start': 189, 'end': 200, 'username': 'kagtireema', 'id': '816954661'}, {'start': 222, 'end': 233, 'username': 'khanarpita', 'id': '132859239'}, {'start': 234, 'end': 246, 'username': 'arbaazSkhan', 'id': '123774113'}, {'start': 247, 'end': 258, 'username': 'SohailKhan', 'id': '758973302811402240'}]","[{'start': 53, 'end': 76, 'url': 'https://t.co/7sGKfHE2f7', 'expanded_url': 'https://bit.ly/AngryYoungMenOnPrime', 'display_url': 'bit.ly/AngryYoungMenO…', 'images': [{'url': 'https://pbs.twimg.com/news_img/1983448499036532744/vbHwOcDU?format=jpg&name=orig', 'width': 2560, 'height': 1920}, {'url': 'https://pbs.twimg.com/news_img/1983448499036532744/vbHwOcDU?format=jpg&name=150x150', 'width': 150, 'height': 150}], 'status': 200, 'title': 'Watch Angry Young Men Season 1 – Prime Video', 'description': 'Salim-Javed, the legendary screenwriters of 70’s Hindi cinema co-wrote 24 films in 11 years, of which 20 were blockbusters. They created the Angry Young Man the brooding anti-hero who captured the imagination of an entire nation. Like the character, Salim Khan & Javed Akhtar, two outsiders, defied all odds and rose to superstardom. Hindi cinema never saw a cultural collaboration as powerful again.', 'unwound_url': 'https://www.primevideo.com/detail/Angry-Young-Men/0PCKSMVTFQD30VBOCO3CMTDIXJ'}, {'start': 273, 'end': 296, 'url': 'https://t.co/FNNAoqkFtp', 'expanded_url': 'https://x.com/BeingSalmanKhan/status/1825608835144495336/photo/1', 'display_url': 'pic.x.com/FNNAoqkFtp', 'media_key': '3_1825608823781941248'}]","[{'start': 11, 'end': 23, 'probability': 0.5133, 'type': 'Other', 'normalized_text': 'AngryYoungMen'}, {'start': 141, 'end': 149, 'probability': 0.8861, 'type': 'Person', 'normalized_text': 'SalmaKhan'}, {'start': 178, 'end': 187, 'probability': 0.7444, 'type': 'Person', 'normalized_text': 'ZoyaAkhtar'}, {'start': 202, 'end': 220, 'probability': 0.9647, 'type': 'Person', 'normalized_text': 'AlviraKhanAgnihotri'}, {'start': 260, 'end': 271, 'probability': 0.4932, 'type': 'Other', 'normalized_text': 'KalpanaKutty'}]","[{'start': 10, 'end': 24, 'tag': 'AngryYoungMen'}, {'start': 140, 'end': 150, 'tag': 'SalmaKhan'}, {'start': 177, 'end': 188, 'tag': 'ZoyaAkhtar'}, {'start': 201, 'end': 221, 'tag': 'AlviraKhanAgnihotri'}, {'start': 259, 'end': 272, 'tag': 'KalpanaKutty'}]"
